email,label
hayesmichele@jones.ai,1
sullivanjacob@smithwiki,-1
enolan@richard.blog,1
juliebell@hughes-lynch.agency,1
huntaudrey@stewart-fuentes.wiki,1
kellyfoster@thomas.net,1
evanscassie@@allen-rodgers.net,-1
carmentaylor @ mcclure.net,-1
 craigspears@castillo-davis.co.uk,-1
rothregina@garza.net,1
garciamichelle@powell.info,1
charles20@houston-bowers.com,1
yatesdiana @ sullivan.com.au,-1
roberthoward@jackson.info,1
jenniferrichards@miranda.com.au,1
caroline70@martin.com,1
zraymond@collins-henderson..com..au,-1
cervantesdanielespinoza.me,-1
thomaslauriegarcia.blog,-1
 jasonjones@burgess.net,-1
michealanderson@mitchell-cooper.co,1
robinsonjames @ jackson.io,-1
rebecca09@curtis-brooks.com,1
jacquelinelove@mcclain-kelly.me,1
yujames@dixon.com,1
cummingspatrick+news@silva.me,1
gary33@@mcpherson.info,-1
christopher14@martinname,-1
blakemarquez@thomas-aguirre.org,1
micheal06@burke-anderson.edu,1
michele52@reeves.info,1
rogersjocelyn@traviscouk,-1
rlarson+news@wilson.co.uk,1
taylorsamantha@miller-strickland.org,1
dsalinas@perez-bailey.co.uk,1
andrewchen+news@taylor.agency,1
pduncan@vega.co.uk,1
 gabriela30+news@hernandez-mathis.edu,-1
michele81peck.co.uk,-1
clarkthomas*@calderon.blog,-1
ykelly@george.net,1
 andersonmegan@smith-george.name,-1
kristy74@stokes.me,1
jennifer96@mcgee-king.com.au,1
manuel78@rhodes.wiki,1
perkinsmeredith@white-carroll.agency,1
hmay@wilcox-edwards.name,1
 xtaylor@davis.name,-1
jesusroberson@harper.blog,1
petersoncourtney@wilson.blog,1
kathy37*@wells.wiki,-1
colemanchelsea@rivera-reyes.agency,1
ekim@jackson.io,1
lauriekellymoore.edu,-1
imiller@salazar-cole.com,1
gregorytorres@@thomas.wiki,-1
hendricksmallory @ sanchez.com.au,-1
xsmith@williams.net,1
masseybarbara@vasquez-wolf.net,1
meganatkinson@booker.co,1
jonestony@bass.blog,1
amyhoward@@washington.name,-1
kristi43@owen-dean.edu,1
 ylynn@costa.co,-1
raymond87@obrien.me,1
nnunez@flores.io,1
zacharygreen @ chase.co,-1
 patrick51@fox.com.au,-1
jamesrowepeters-morrison.com.au,-1
debra81@wilson-horn.ai,1
garciaalicia@hayes.blog,1
 sshelton@garcia.name,-1
yromero+news@murphy..net,-1
popepatricia@reynolds.com.au,1
pamvalencia@brown.name,1
kennethharper@@stewart-hill.agency,-1
browntrevor+newswagner-green.co,-1
garciacarly@cox.com.au,1
jessicahunter@torres-manning.io,1
 matthewking@bates.ai,-1
traceylucas @ young.co.uk,-1
gregorycampbell@torres.net,1
madisonjuarez*@evans-cowan.agency,-1
 amontgomery@ellis.name,-1
sarahreyes@ballio,-1
wwestochoa.ai,-1
danielmcdaniel@glenn.blog,1
raystephanierich.name,-1
carolynwhite+news@duncan.ai,1
mcgeealexander@cochranwiki,-1
johnsonchelsea+news@harper-ellis.io,1
pagestephanie@watson.wiki,1
ryan76@christensen..com,-1
george54morales.ai,-1
bmitchell*@lewis.co.uk,-1
michelle51+news@@boone.net,-1
scottsanchez@mcmillanagency,-1
sarah06@whitehead.agency,1
cassandracarr@@baldwin.co,-1
tracey54@smith.org,1
davewood*@smith.name,-1
keithjeffrey@stone-fisher..net,-1
antonio68@johnson.edu,1
coxmichelle*@harrington.info,-1
scottspearsarnold.io,-1
edwardharvey@alexandername,-1
garzasteven@curtis-hunter.wiki,1
richardskathy@martinez.wiki,1
hillpaul@long.name,1
nicolecook@rivera.com,1
xmoran @ phelps.org,-1
bergerlaurie+news @ wilson.name,-1
vgomez@parker,-1
eharrison*@sparks.io,-1
alyssa99daniel.info,-1
fullerkevin@perry.ai,1
camposjonathan@orozcome,-1
freymelanie@leon-becker,-1
myersbrandy@martin.ai,1
 mfisher@ross-farmer,-1
warrenwilson@collins-sanchezcom,-1
garcialaurie @ jones-jones.com,-1
michael18@macias-boyer.com.au,1
rachaelbyrd @ mack-christensen.io,-1
alexander75@wilson.org,1
jenniferwilliams@carlsonnet,-1
jeremybrown@west.agency,1
alanlowery@powers-collins.net,1
johnvega@@brewer,-1
hallen@sanders-sparks.co.uk,1
kfletcher@johnson.co,1
 kathleencarrillo@harris.edu,-1
laurenramirez+news@mcintosh.co.uk,1
 robertcunningham@phillips.com,-1
smithlaura+news@medina-hale.co,1
cpeters+news@christensen-stone.org,1
katrinaroberts@brown-ramos..info,-1
johnsonjames@ortiz..info,-1
robertcisneros@carter.name,1
zkhan@suarez-murphy.name,1
kristin75@dawson-mitchell.com,1
conleyrodney+news@johnson.ai,1
kimberlybrown*@rivera-spencer.me,-1
alexander92@johnson.info,1
christopherjenkinspierce.me,-1
hjohnson@@patel.com,-1
ddavis*@brown.me,-1
jeremyfrost@clark.name,1
alejandromanning@ballard.info,1
lisa80@lucas-morris.edu,1
harrisjason@greer.agency,1
 steven47@barrera.blog,-1
robert16@chang.io,1
 fitzgeraldmelanie@collins.info,-1
lindseyprice@rodriguez.org,1
 jillgreer@rodriguez-adams.org,-1
schaefermorgan@tucker.agency,1
buchananethan@weber.ai,1
james08@riggs-rodriguez.wiki,1
elewis@baker.wiki,1
daniellong@smith-hernandez.co.uk,1
 benjaminangela@castillo.net,-1
gabriella01@walsh..co..uk,-1
brandymorenocooper.blog,-1
michael24@mckee-long.blog,1
 christophergibson+news@taylor.com,-1
vfry*@everett.co.uk,-1
lfernandez+news@@hayes.ai,-1
michaelharris@hall.com,1
thenderson+news@carlson..net,-1
brandigonzalez+newsbecker.io,-1
james94maldonado-curtis.com.au,-1
michaeljohnson@gonzalez.co,1
matthewsandoval*@madden.blog,-1
 jenniferfisher@aguirre.ai,-1
snyderkevin@lawson.co,1
james11@mills-anderson.net,1
kestes@hooper-martin.com,1
hartharry+newscarter.blog,-1
jonathan59watts.me,-1
mark03+news@morris-le.co.uk,1
baldwintammy@warren.blog,1
ecole@austin.info,1
ujohnston@richardson.edu,1
suzanne16mitchell.name,-1
pricerobert@hutchinson.io,1
jvillarreal@williams.edu,1
amberpeck@valenzuela.com,1
sampsonkarl@fowler.com,1
gvaughn @ ortiz.co.uk,-1
morrisrobert+news@dunn.name,1
jack13donovan.org,-1
cantuandrew@walker.co,1
 ilee@lambert.wiki,-1
daniellelisullivan.info,-1
bhamilton@gray.edu,1
wilkinsamanda@ryan.edu,1
salazaralexander@white,-1
kelliehiggins@@lee-smith.co.uk,-1
samuel49+news@@perez-holland.com.au,-1
scott55@price-hansen.info,1
cyork+news@hallio,-1
thompsonrobert @ blake.info,-1
jacobhall@white,-1
ericshaw@edwards.co.uk,1
hcortez@johnson.agency,1
brittany79@haas..info,-1
nicholasgibbsgriffin.ai,-1
 benitezsherry@williams-leonard.blog,-1
amandamorgan@morales-patel.wiki,1
pgaines@brown-young.blog,1
chuynh @ sanders.info,-1
franklin94@@blair.co,-1
jenna36*@gay-tran.co,-1
matthew53*@mccormick-andrews.blog,-1
vincent72@tucker..name,-1
 jillmartin@rosario.ai,-1
hallnicole+news @ gardner.net,-1
nancy29@wright.edu,1
lwilson@weiss..io,-1
william24@meyer.org,1
wendy59 @ schmidt.co,-1
amyhill @ sandoval.com,-1
bryantcraig @ johnson.org,-1
jonesjody@gray.io,1
kthomas @ rubio.co,-1
 emolina@herrera.agency,-1
smithjulie+news@rush-griffin.edu,1
lharris@moody.edu,1
wwalls+news@richardson..com,-1
brockmichael@adams.agency,1
paulward@andersonwiki,-1
twyatt@price.co.uk,1
garystewart@perez.com.au,1
padillakara@owen-rivera.me,1
rileykenneth@rubio-moyer.info,1
angelica09@house-henderson.name,1
ubradshaw@rowland.com,1
gonzalezpatricia@evans.edu,1
kelly78@@sanchez.co.uk,-1
corey27@pruitt.com,1
mrhodes @ stout.agency,-1
 alexandra30@johnson-ford.ai,-1
sherry13page.info,-1
lopezandre@yang.me,1
ashley49@salinas-pearson.com,1
ewebb@collier.ai,1
cameron52bennett-castillo.name,-1
joneskelly@long.me,1
nmedina@poole.me,1
perry81@lewis.me,1
josephdoyle@smith.wiki,1
qshaffer@blackorg,-1
kevin94*@johnson.co,-1
 reedjacob@bauer-wilson.agency,-1
anne20@jones-washington..com..au,-1
umueller@lewis.agency,1
russojason@bakeredu,-1
chanmatthew+news@zavala-trevino.agency,1
rmiller+news @ nelson-cox.wiki,-1
trodriguez@vang.info,1
stephanie87@moore-nguyen.co.uk,1
mary93@griffith-parkagency,-1
 wellsnatalie@lang-campos.name,-1
lking @ scott.io,-1
jessica03+news@brown.co,1
arielbarnett@hamiltonnet,-1
daniel75+news@morton.org,1
torreschase@harrison.co.uk,1
perezrobert+news@robinson.com,1
mendezvalerie@hammond-hillname,-1
john99@johnson.com,1
krystal50@adams.wiki,1
 melissapotter+news@porter.co,-1
uzimmerman@@smith-shields.com,-1
christopherreynolds@mitchell.org,1
parkerwilliam@lopez-carrillo.com.au,1
djohnson+news@@miller-alexander.com,-1
amyhendrix@stewart-hernandez.org,1
robertskinner @ watson-martinez.co.uk,-1
stephen72@castillo-burgess.org,1
fparrish@blanchard.me,1
rickyfinley@patel.blog,1
megan85 @ bryant.agency,-1
xnelson*@pham-peters.wiki,-1
frosttraci @ steele-lewis.co.uk,-1
rfernandez@cole.edu,1
dspencer@gentry.agency,1
dale84@haley.com,1
heather89*@garcia-nelson.wiki,-1
melissa86@simpson.agency,1
robbinsmelissa@mendoza.wiki,1
stephanie79@morales.co,1
jason93 @ wright.net,-1
crawforddeanna@benjamin.co.uk,1
alexandrajones@young..ai,-1
bakerandrew@smith.org,1
jacob27*@richardson-thompson.agency,-1
jdiaz@ramirez-gay.blog,1
lhoward@johnson.com,1
jconner@chen-williams.net,1
katelynmurphy@chang.agency,1
williamfrazier@@martin.me,-1
deborah85@moran-nelson..net,-1
kevin13@vaughn.wiki,1
cbailey@lucero.wiki,1
 yjenkins@cummings.co.uk,-1
millerbetty @ camacho.name,-1
richardsonthomas@sexton.io,1
hardynancy@gordon..com,-1
 richardwilliams@rivera.co,-1
hstokes@nash.me,1
tbarajas@palmer.blog,1
marthaporter@davenport-davidson.blog,1
ashley24@moore-villa.info,1
stephen35@@guerra-figueroa.ai,-1
jasonhoward@lowecouk,-1
amy61@jackson-richardson.edu,1
eric32@johnson-fowler.com,1
james29+news@@brooks.blog,-1
 stephanie75@ray.co.uk,-1
newmanadam@white-taylor.org,1
lwhite@smith.com,1
gibbsjeffrey@jackson.co.uk,1
cruzsonya*@cruz.co,-1
brownheather+news@hanson-butler.org,1
jacobsjenna+news@thomas-villegas.com.au,1
michaelbridges@bailey..co..uk,-1
rferguson+news@@palmer.edu,-1
justin06@larsen.name,1
munozbarbara@jackson-lewis.info,1
 ruthcooley@dixon-warren.io,-1
wmolina @ hoffman-morrow.com,-1
osmith@miller-gonzalezco,-1
 denisetucker@perez.info,-1
rogerschristine@russell.co.uk,1
janetburns@callahan-hickman.io,1
edwardswillie@anthony.wiki,1
danielle02 @ trujillo-martinez.io,-1
perkinssamantha@huntagency,-1
pmartinez@townsend-anderson.wiki,1
williscaitlin@rogers.edu,1
uross+news@@davis-rowe.ai,-1
smithpeter@patrick-murphy.net,1
angela46@morales-walker.io,1
jenniferrodriguez+news@@smith-brown.com.au,-1
erika96@gibbs.me,1
garciajessicataylor-duarte.edu,-1
ortizrachel@murrayagency,-1
paul32+newsjohnson-smith.co.uk,-1
nicholasriveraruiz.info,-1
williamsnicole@keller-durham.org,1
brittany52+news@reid..ai,-1
sullivandana @ cain.blog,-1
michellebradford@alexander.agency,1
wilsonomar@dudleyco,-1
rruiz@hester.blog,1
jessica67@harris-wrightcomau,-1
snowmary@edwards-fowler.name,1
taylorchristopher@white..org,-1
karroyo*@bell.blog,-1
mshort @ moss-reid.info,-1
brianjackson@george-rogers.io,1
arroyocrystal+news@mathews.com.au,1
goodmanamy@rollins.net,1
leahlee@maddox.io,1
boyercindy@cantu-webb.info,1
donald11@fernandez-johnson.name,1
jeffery46@morgan-larsonagency,-1
smithdebbie+news@@murphy-madden.agency,-1
toddlarson@mclaughlin-molina.com.au,1
jacksonryan*@little-phillips.me,-1
zbyrd*@jackson.io,-1
michellestanton @ smith.co,-1
qyoung*@reynolds.ai,-1
melinda49*@price-sherman.net,-1
leekelly@howard.org,1
jeff80@@wagner-wong.wiki,-1
mary45reyes.com,-1
edward42@pham-thompson.blog,1
amberprince@lara-chan..ai,-1
kellergary+news@harvey..co..uk,-1
joseph09@baker-hill.wiki,1
hannah82@ferguson.net,1
tanya26@@jackson.info,-1
kelly21 @ richardson-padilla.com.au,-1
esmith@smith-johnson.co,1
thomasedward+news*@pruitt.io,-1
melissaweeks@smith-brownnet,-1
kelleykim@branch..edu,-1
ginahenry@williamswiki,-1
davidball@gibbs..com..au,-1
jwatson@roberts.blog,1
kenneth65@campos.co,1
mark33@jimenez.io,1
johnsonjeffrey@jordan-sweeney.com,1
amurphy@williams-beck.edu,1
jeffrey47*@carter.com.au,-1
steven44@howard-ward..name,-1
michael04+news@carter-peterson.agency,1
afreeman@faulkner.net,1
laurie97 @ murphy.agency,-1
 thomasmegan@howard.wiki,-1
parkeraustin@horton.name,1
oknight@schwartzblog,-1
samantha87@young.co.uk,1
gcarroll*@parker-keller.edu,-1
jonesheidi@patterson-payneco,-1
natalielarson@porter-sanders.co,1
 cmedina@cruz-guzman.agency,-1
shanemills@miller..co..uk,-1
adam32@taylor-mullen.me,1
corey79@bell-johnson.blog,1
lawrence02@hall.net,1
ramirezjay@ponce-evansio,-1
michael18@@phillips-turner.co,-1
tmeyerhenderson.io,-1
 hawkinsdana@scott.co,-1
stephanie68davis-branch.co.uk,-1
huertaedward@@elliott.blog,-1
stephenbarnes@berry-hampton..io,-1
diane93 @ collins.co,-1
 yvonneclark@murphy.io,-1
thomas57@hurst.com,1
robert41phillips.ai,-1
cassie50@jones-carrio,-1
timothypotts@davisinfo,-1
sueoneill @ baird.ai,-1
katherinestrickland@lopezcom,-1
wjones @ gomez-taylor.io,-1
sabrina99*@goodman.org,-1
gwilliams@griffin-ramirez.agency,1
williamsheather@arnoldname,-1
 williampope@short-wright.me,-1
morrisdavid@harmonname,-1
marthaphillips@gonzalez-bryant..wiki,-1
donna43@clark.ai,1
robertsavage*@fernandez.net,-1
danielssara+news@meyer.io,1
randy26@gregory.info,1
taylorchase@rice.blog,1
jenniferhunt@sanford.io,1
blee@foster-cross.edu,1
 hollandjeremiah@thomas.net,-1
krhodes@davis.info,1
ujones@webb.info,1
xblack @ bell.blog,-1
dana99+news@smith.info,1
steven52@walton.name,1
hlee@james-hale.info,1
thomasnichols*@serrano.co.uk,-1
diazchad@mckenzie-hutchinson.edu,1
nwebb@bishop-moore.com,1
jerry10*@paul.wiki,-1
bryantantonio+news@scott-myers.org,1
gregoryjacobsonkennedy.edu,-1
hrussell@lara-dennis.io,1
xsmith@leonard.edu,1
xwoodstrickland.co.uk,-1
smithbethany+news@cunningham.com,1
znewman@gordon-chavez.wiki,1
andrewmcguire@barnes-jefferson.name,1
jacobsmithhorton.me,-1
 brenda37@mcpherson.me,-1
ssmith@powers..net,-1
andrearogers@alexander.co,1
jamesroman@hart.ai,1
johnpineda@howe.org,1
timothy53*@meyers-rice.ai,-1
steven98+news@leach-johns.net,1
zmitchell@hicks-gould.me,1
qdavis@powers.agency,1
hannahhill@mason.info,1
alexanderodonnell@hernandez.edu,1
bfriedmanaguirre.edu,-1
xblack@dalton.agency,1
rodriguezsteven@bell.name,1
lwilliams@wyatt.com.au,1
ruizsherry@evans.ai,1
butlerraven@hall-brandt..com..au,-1
jonathandelacruz@gregory-randall..co,-1
michaelramsey@flores.me,1
matthew27@@torres.com.au,-1
vmurphy+news@moore.io,1
gardnersharon@@gray-bullock.io,-1
rosejames@@bryant.io,-1
reneebowers@whiteme,-1
crichardson @ flores.me,-1
bhill@kramer.agency,1
montoyamichelle@mcclain-harrington..edu,-1
munozalvin @ beltran.blog,-1
nsalas@smith-lesterio,-1
debramartin@johnson.edu,1
eric91+news@carpenter-frazier.com,1
sarah22@horn-kim.ai,1
hooveranita@maynard-holt.co.uk,1
richardsmichael@@le.net,-1
omar15@cummings.info,1
bnielsen@kelly..co..uk,-1
cynthiagibson*@evans-kerr.com.au,-1
 ahall+news@vasquez.name,-1
kevinperez+news@@martin-moore.edu,-1
ksantana@anderson.co,1
tammyvega@wallace-rodriguez.net,1
robert63@holden.name,1
 christopherkelley@hubbard.blog,-1
kboone @ wall.co,-1
ywatson@adams..co..uk,-1
kelly06@burns.me,1
zhall@clayton-baker.ai,1
mercerdiane*@webster.name,-1
kphillipslopez-mcfarland.com.au,-1
linmonica@edwards..wiki,-1
jamescampbell@atkins..ai,-1
bennettheather*@wagner.net,-1
briandeleon@kirby-garcia.org,1
mark17@adams-chavez.me,1
alexanderbenjamin+news@shawai,-1
megan70townsend.com,-1
alexissullivan@hall-lopez.ai,1
 nathanavila@moore.co.uk,-1
carlawright@@lopez-davis.co,-1
stephaniethompson @ soto.ai,-1
 thomascarla@combs.info,-1
lgray@@may-hicks.ai,-1
rpearson+news@sims.io,1
lwelch@henderson-richards.co,1
zavalastanley+news@beard..wiki,-1
melissa42@woodward.agency,1
jgrant@rose.edu,1
steven31@martin.com.au,1
chenkevin@hoffman.name,1
wilsonmichael@bailey-thomascouk,-1
williamskendra@smith.agency,1
evelynhenry@best.me,1
kennethsanchez@rodriguez.ai,1
jeremy15@kemp.net,1
owilliams@swanson-morganagency,-1
 qmurphy@keller.com,-1
vjacksonsmith.io,-1
ryansimpson@baker.me,1
rogersmichael@roberts-boyd.me,1
bellantonio@meyer-edwards.org,1
ejackson@oconnor.edu,1
 allison46@thompson-paul.blog,-1
haydenstuart+news@douglascomau,-1
robertsonjamesshelton.com,-1
lynn31@howard.edu,1
swansonzachary@@taylor.name,-1
ballardjennifer@ryan.wiki,1
robert64@@boyd.ai,-1
lmoore@garza.agency,1
bradleyacosta@sheppard-webb.co,1
parkerdonna*@stevens.com,-1
robertwilliams@@jennings.co,-1
katherine94@long-mercer.co.uk,1
joycealex@tran.edu,1
xbarberkidd-brady.com,-1
kimthomas@parker.net,1
hcalhoun@davis..io,-1
izhang+news@hall-garcia.ai,1
meganjackson@rose.wiki,1
 blanchardjames@matthews-compton.agency,-1
collierbrandy@chapman-craig.blog,1
wallkayla@lopez..net,-1
matthew60@harris.com.au,1
snydersean@robinson.wiki,1
angela82@reed.io,1
stevensdavid@@patterson-smith.name,-1
tylertaylor@lester-quinn.name,1
jessicamorgan+news@foster-carey..net,-1
carolyn64@brady.agency,1
dchang+news@anderson-scott.com.au,1
watsonamy@peck.wiki,1
jmaxwell@williams.wiki,1
wcarlson*@parker.me,-1
danielle84@millerio,-1
edwardsjustin@chavez.blog,1
sarah33 @ lopez.ai,-1
hollandomar @ cole.edu,-1
nmiller@oliver..info,-1
csanchez+news@harrell-smith.info,1
hamptongail@schwartz.agency,1
hlee@roberts.me,1
toni26*@wallace.co,-1
gloria91 @ bennett.name,-1
mbrown@ellis-byrd.edu,1
jerryhawkins@moore.name,1
brandonvance@gonzalez..edu,-1
wmoreno@wolfinfo,-1
phillipthompson@@garza.info,-1
ahill@king-washington.wiki,1
cburke@bradley.com,1
jamie09*@mccarthy-lee.io,-1
crystal47 @ hernandez.edu,-1
tuckersheila+news@brown-osborne.agency,1
awallacethomas.blog,-1
 miguelcalhoun@wyatt.com,-1
ltyler@kirk-nguyen.io,1
vgilbert@thomas-phillips.co.uk,1
simmonsisaac@snyder.ai,1
zromero@alexander.info,1
courtney14+news@anderson.name,1
antonio85@lee-lambert.blog,1
wjenkinsmckinney-chapman.name,-1
thomasjamesedwards.ai,-1
fcook@smith-silva.io,1
cmurphy@white.co.uk,1
kevindavis@jones..com..au,-1
dhopkins@smith..co..uk,-1
 zatkinson@adams.blog,-1
adrian58 @ contreras.ai,-1
 ericvasquez@robinson.co,-1
cpatton@gibson..info,-1
qgalloway+news@@johnson.net,-1
tgomez@hamilton.ai,1
amanda59+news@brooks-walker..io,-1
patrick02@wilson.edu,1
davidfoster@shea.net,1
hannahtran@phillips-abbott.com.au,1
randalljennifer@warner-perry..agency,-1
richard29 @ king.co,-1
johnsondaniel*@peters.blog,-1
amanda99 @ roberts.wiki,-1
melissa50@ramirez.edu,1
david44@brown.co,1
kristinabraun+news@lynch.agency,1
jasminehill@miller.agency,1
sanchezryan@ware-hall.co.uk,1
zhangamanda@masonagency,-1
rojaschristopher+news@marshall-walters.name,1
cookedavid@stevens..io,-1
newtonmeredith@hansonco,-1
alisoncollins@daviscouk,-1
davidalvarez+news @ alvarez-lee.edu,-1
jjohnson+news@@ward-jackson.name,-1
christinecallahan@robinson.ai,1
charlesjones@munoz..me,-1
heatherlawrence@ward.info,1
johnsonmichael@salazar.name,1
allison38*@burgess.agency,-1
margaretfox@howardblog,-1
bushcarlos@mcneil.wiki,1
mcbridetravis@diaz-tranblog,-1
woodsnicholas@harrison.com,1
john17@taylor.com.au,1
greenejason*@garcia.agency,-1
joseph79*@owens.net,-1
jeffrey46@perez-chapman..org,-1
kellygutierrez+news@anderson.com.au,1
drewking@morris-cuevas.net,1
ecunningham@@nolan.co.uk,-1
muellergregory@@castillo.info,-1
amy89@davis-sanders.com.au,1
iconrad*@cunningham-nichols.co,-1
richardwilliams@moss-jimenez..co,-1
serranojoan@gordon..blog,-1
martinezmichelle@@raymond-marquez.me,-1
lwagnerdennis.wiki,-1
joshuaowens@burton.co,1
brendahaley@clark-olsen.net,1
dsingh@anderson.ai,1
stephanieyoder+news@johns-mckenzie.agency,1
 bbradford@long.co,-1
smithjoseph@gomez-contreras.ai,1
gilbertalicia @ potts.wiki,-1
jonathan76+news@foley.io,1
nwilson@davidson.ai,1
carlhenry@murphy.me,1
aaron10hurley.net,-1
matthewwalker@brown-smith.me,1
valerieholmes@lane.com.au,1
wellsnathan+news@joseph.com.au,1
michael20@montgomery..edu,-1
cameronstephen*@brown.ai,-1
 donaldgraham@miller.com.au,-1
wgonzales@sanchez.net,1
troy@jones.co.uk,1
pdavis@gregory.com.au,1
johnallison@carey.com,1
davidsmall@wiley.net,1
owensjeffrey@jones.co.uk,1
bakerdustin@howard.com.au,1
vgarrett@carroll-turner.me,1
clinekevin*@rocha-long.io,-1
gabriella62*@grimes.ai,-1
davidgutierrez@@scott-harrison.com,-1
zfields@johnston.org,1
johnbailey@frederick-hayes.io,1
christine74*@hill.co,-1
rebeccadeancarson.info,-1
murphyeric@walker-alvarado..info,-1
ugregory @ cooper-banks.edu,-1
scott33mitchell.agency,-1
maxwelldunn@caseyio,-1
stevensonzachary@pham.co.uk,1
johnhensley@casey.name,1
matthew59@moore-howell.agency,1
xlee@@cain.me,-1
reeseryan@martin-barajas.blog,1
umurphy@johnson-mueller.agency,1
xglenn@rice.name,1
jamesjones+news@williams.org,1
wayne27 @ anderson.info,-1
csantiago@bradshaw-serranome,-1
jason35@wood-cook.net,1
copelandjennifer@li-gordon.co,1
richardgreen@colecom,-1
tyler54@higgins..info,-1
jobrien@jensen..org,-1
lbanks*@ramirez-henson.wiki,-1
 derekjohnson@le.io,-1
xclark@langinfo,-1
baileyanthony@munoz-white.net,1
brooksjohn@gould.info,1
rogertaylor@frederick-james.com.au,1
barbaraclarksanders.org,-1
esheltonbell.info,-1
gwright@@parker.com,-1
ilane@wilson-moore.io,1
cynthia99sanders-cooper.net,-1
everettstephen@garrett.info,1
jamiejordan@robbins.ai,1
cadams@barnes-moore..co..uk,-1
apeterson@smith..info,-1
carla49@cole-wilson.me,1
 haydenalison@cox.wiki,-1
vcooper@cooper.info,1
francisco95@hill-mays.co.uk,1
curtiscarson@wrightme,-1
mooreroger@todd-newton..wiki,-1
webbmichael@kirby..org,-1
deborahrussell @ underwood.edu,-1
twang@jones..ai,-1
xruiz @ castillo.io,-1
rebekahstone@willis.net,1
melissamcfarland@butler..com..au,-1
shannonford@allen.name,1
toddmathis@garcia-morgan..edu,-1
 andrew07+news@morris-ramsey.edu,-1
jessica76+newsjones.co.uk,-1
 brangel@lucas.net,-1
ellisoneric+newsdavis-rodriguez.edu,-1
jademartin@kelley-cox.co,1
robertacostafoley.net,-1
dgibson@gentry.blog,1
vanessa58@bean.org,1
tammy62@mcdaniel.wiki,1
javier96@hoffman.com.au,1
ybell@atkins.blog,1
melanieschmidt+news@hunter-obrienedu,-1
 heathernoble@carroll-peters.info,-1
andrew45@@williams.ai,-1
 johnny60@kelly-brown.org,-1
michellewoodard@stewart-mcfarland.blog,1
justin00marsh.org,-1
carol07@ball.com.au,1
jamesdaniel@roseai,-1
johnsonmichael+news@graves.org,1
goodmandevin@jenkins.com,1
yolandathomas@hayden.wiki,1
mullinsshawn+news@doyle.io,1
xyoung*@wilson.net,-1
xriley@romero..blog,-1
 shahandrew@lane.name,-1
leeisabelwhite.wiki,-1
juliaward+news@cooper..co,-1
teaton @ glass.me,-1
qlopez@nelson-phelps.org,1
kyle89+news @ sweeney.co.uk,-1
igonzalez+news@rojas.wiki,1
mcdonaldandrew@reilly..agency,-1
lisa95@ochoa-osborne.io,1
johnstondaniel@king.agency,1
joshuagonzalez@gray.edu,1
cervantesshane+news@lopez.ai,1
 owilliams@johnson.me,-1
tracygallegos+news@@brown-wilson.net,-1
areilly@hamilton..name,-1
hmatthews@gutierrez.agency,1
amberramirezburns-anderson.edu,-1
sdavis@@henderson.wiki,-1
arowe@steele.io,1
salexander@wright.name,1
ronaldmitchell@@woods-rivera.net,-1
zjames@nunez.com.au,1
michelle74@shaffer.co.uk,1
kjohnson@brooks.com,1
rebeccafrench@hernandez-robertson.com.au,1
ronniepowell@robinson.io,1
castrotiffany+news@moore-norton..edu,-1
anthony16@garrett.ai,1
tina69@hoffman-suarez..ai,-1
bradydavid*@gomez-friedman.agency,-1
jacqueline35@willis..com..au,-1
michael53+news@smith-bruce.org,1
edward12@fields.co.uk,1
bjohnson@whitney-hernandez.co,1
ubishop@perez..edu,-1
deanna43@james-arroyo..blog,-1
gregory34@soto.blog,1
vwilliams@alvarez.blog,1
badams @ morris-harris.com,-1
michaelsanchez+news@@ayala-bruce.info,-1
timothy33@lynn.com.au,1
brownrobert @ robinson.co.uk,-1
lunalisa@watts-crawford.co.uk,1
caldwellcorey@zimmerman.ai,1
williamrodriguez*@hall-mueller.blog,-1
jeremywood@brennan.co,1
andersonsteven @ young.com.au,-1
qtucker+newsmartin.co,-1
fmcclure@hall-wiley.blog,1
burtonnicholas+news@@morris-bowers.ai,-1
anthony58@moreno.org,1
pughsandra@mills.net,1
darius85@morrisblog,-1
regina69@brown-hill..name,-1
cartermarcus@bentley.co,1
lawrencejackson@@stevenson.com.au,-1
 jeffrey80@shah.blog,-1
thomasboyer @ sullivan-santos.net,-1
taylorstephanie@turner.com.au,1
russorobert+news@@bowen-willis.com,-1
nathaniel32@bishop.com,1
apeterson*@webster.org,-1
coxgary+news@evans.org,1
dylan28fisher-perez.me,-1
bguerra*@mitchell.ai,-1
stevenwilcox@banks.name,1
jyatesshea.ai,-1
kerri16@mitchell.ai,1
jennifer39@nicholsco,-1
stevenwall @ ortega-vance.com,-1
harttrevor*@thomas.me,-1
normanalyssa@grant.wiki,1
amy38@romero-ramirez.com,1
pmaldonado @ byrd.info,-1
amanda63+news@carrillo-wolfe.wiki,1
bkemp@jonesname,-1
jordanmoreno@johnson.net,1
pedro85@stewart.co,1
garzatrevor@miranda.co.uk,1
 randyolsen@vang-alexander.blog,-1
melissa98*@chavez-cantrell.edu,-1
 michelle64+news@gregory.wiki,-1
jonathanfox@maldonado.com.au,1
jaredkelly@@ortega.me,-1
arielbowman@beard-peterson.agency,1
judith47*@brown-johnson.edu,-1
qnoble@rivera.ai,1
miguelmorales@frazier-padillaorg,-1
carrillocalvin+news @ huang-miller.me,-1
taylormitchell*@king-sims.info,-1
tracy01@byrd.agency,1
anoble@@ryan.com,-1
 morganwesley+news@adams.name,-1
davisalicia@prestonai,-1
clarkchristie@@bryan.wiki,-1
gruiz@blaircomau,-1
eaguilar@gordon-abbott.ai,1
 debbie12@rivera.wiki,-1
georgekentharper.wiki,-1
hbrown@greene-jonesnet,-1
gjoycewright.blog,-1
emilymueller@@johnson.info,-1
schroederamyhernandez.name,-1
davishannah @ murphy.net,-1
donaldbenton@strickland.com.au,1
devinkellerrhodes.edu,-1
katiestewart@young-moore.com.au,1
smithleonardwilson.com,-1
lucassandra*@williams.wiki,-1
gerald92+news@travis.edu,1
walshchristina@butler.co,1
wongsheryl@price..wiki,-1
kristen98@oconnor.me,1
fvaughan@thompson.blog,1
omoore@martinblog,-1
carterjames@stein-daniels.co.uk,1
tammynelson@adamscom,-1
williamskarla@barnes.com.au,1
jdouglas@yang.me,1
brittany36schultz-pitts.io,-1
amyers@@silva.com.au,-1
allensteven@miller-webb.me,1
wallschristopher@lowery-shannon.edu,1
seansalazar@novak.info,1
yhall@carlson.me,1
 kwilson@watson.name,-1
robert00@diaz.io,1
njoyce @ meyer.edu,-1
fsellersmiller.wiki,-1
staceysullivan@chandler.wiki,1
moralesjamespatton.org,-1
hwalters*@lawrence-ramsey.edu,-1
jamesgalloway+news@sutton.io,1
joshuavasquez@miller.agency,1
robertwilcox@@lewis-walter.me,-1
buchananjasmine@french-burnett.info,1
steven40larson.ai,-1
kyle20@pierce.info,1
lwatkins@lewis.info,1
james12phillips.co.uk,-1
travismartinez@mayer-martinez..com,-1
qharrison*@harrison-alexander.co.uk,-1
moniquetaylor@hollandedu,-1
chase69@frost..info,-1
susan13*@herrera-ward.io,-1
hjohnson@anderson..agency,-1
barberchristina@khan.info,1
andre30@fisher.com.au,1
jdiaz@smith-hardyedu,-1
sarahhenry@shaw-gonzalez.co,1
qrhodeswise-lutz.co.uk,-1
psherman@ali-carter.co,1
 awoods@perez-shaw.agency,-1
browndaniel@chapman.co.uk,1
nancy49+news@garcia-white.agency,1
ymckay@spence.edu,1
boothlisa@fry-hoffman.info,1
sandersjill@burton.info,1
banksshane@scott.me,1
ifarmer+news@owens-salinas.edu,1
julia42@miller.co,1
changtiffanyboyer.wiki,-1
mbenitez@stevenson.net,1
kevin57@holden.co,1
cruzdavid+news@@hudson.org,-1
jennifer59@weiss.io,1
jonathanadkins@@walker.wiki,-1
vskinner@campbell-butlercouk,-1
maryvazquez@adkins.name,1
gentryryan@davis-salinas.name,1
jessica78@nelson-hall.co.uk,1
duncanmelissa@gaines-sullivanwiki,-1
jennifercampbell @ freeman.com,-1
leslie41 @ johnson-washington.agency,-1
linda56@@miller.co.uk,-1
christine40*@barr.name,-1
jennifer30+news*@medina.net,-1
adammorris+news@petty.info,1
brandy53*@hayes.io,-1
angellopez@gonzalez..org,-1
matthew27@hill.me,1
rodney43@@hunt-lee.com,-1
brianfranklin @ smith-chambers.agency,-1
mandy98sanders.agency,-1
danielschmidt@oliver-wilcox.org,1
connie02@fowlerwiki,-1
richardfleming@dougherty.wiki,1
willie87walker.edu,-1
xwatkins@mooney.me,1
scottsharon@fields..info,-1
ucarey@harris.com.au,1
kimberlypatrick@@harris-patton.org,-1
nicole17@foley-cox.com,1
kenneth67@barnes-martin.blog,1
ronaldstark@holden-jones.info,1
sandra67@mason.com.au,1
hendersongloria@bryant.ai,1
quinnwilliamcantrell-grant.co.uk,-1
cheryl66 @ mitchell.org,-1
ocampbell @ black.co.uk,-1
wilsonnancy*@doyle.wiki,-1
jeanblair@williams.blog,1
nicole08 @ conner-cummings.ai,-1
davidstrickland@@henderson-sims.name,-1
angela96@thompson.me,1
johnstondustin@martin.io,1
ryanharris @ russell-gonzalez.com.au,-1
jwolf@carlson-lambert.co,1
iflores*@griffith-cooley.edu,-1
 michaelholmes+news@daniels.wiki,-1
kimberlyreyes@williams-baker.info,1
reedsandra@lowe-lozano.co,1
jasonjenkins@wilson.me,1
hilljennifer@morrisco,-1
kimberlygarcia@cooke.wiki,1
cummingslaurie+news @ martin-garrett.agency,-1
davisscott@michael.name,1
cooperlucas@@wilson-espinoza.blog,-1
wherrera@lowe.info,1
ernest58@gonzalez.net,1
darrellperry@reed.ai,1
truizcohen-armstrong.org,-1
erik31+news@patel.blog,1
heatherbond@chaney.wiki,1
 austin73@romero.wiki,-1
leewilson@@romero.name,-1
bradleyschmidt@gaines-mcclure.co.uk,1
farleykarla@hunt.ai,1
jill26@russell-bailey..agency,-1
rwade@wade-snow.ai,1
ymartin@harris-eaton.info,1
 williamberry@baker.co,-1
kmoreno@wright-larsen.co,1
fwernerbrown-carter.name,-1
 willismorgan@johnson-wilson.io,-1
erinmeyer+news@thompson-perry..agency,-1
uharris+news*@reese.co.uk,-1
lawrencele @ dean.io,-1
jeremybrown@ramos.com,1
martinjennifer*@christensen.net,-1
beth20@cook.name,1
aburton+news@brown.info,1
amyhiggins@pope.ai,1
 charlesgreen@vaughn-flowers.edu,-1
robin15 @ christian-gray.co.uk,-1
sshelton@jamesname,-1
qturner @ nelson-garcia.edu,-1
michael97@rodriguez-glover.wiki,1
ecolon@smith-holmesblog,-1
odonnellkelly@travis-miller.info,1
ashleynewton @ carroll.org,-1
manningamber@taylor-hall..edu,-1
 danaoconnor@peterson-ware.io,-1
 thomasashley+news@curry-turner.co,-1
joshua85@copeland.agency,1
archerjeffreythompson.com.au,-1
buckdebra@dodson.net,1
washingtonjennifer@davis.ai,1
landrykaren @ terry.name,-1
andrewsbrandon@hernandezname,-1
julieerickson@harrington-haney..ai,-1
waltonjessica@moore.com.au,1
mitchellthomas+news@wilson-wilson.wiki,1
phuerta@sanchez.blog,1
twright@maddox.agency,1
wchambers@roberts.org,1
zserrano@watson.net,1
barnettscott@wellsorg,-1
sarahanderson@ferguson.blog,1
jbowen@cisneros.name,1
csanchez@garcia-watson.net,1
parkkimberly@allen-schroeder.edu,1
michael43@pope-smith.info,1
antoniomartinez@lawrence-gonzales.blog,1
brandontaylor @ jones.org,-1
patricia09@buchanan.wiki,1
lwhite@perry-jamesblog,-1
jwarren@@byrd.edu,-1
pricerobert@matthews..com..au,-1
chamilton@watts.com,1
 macdonaldadrienne+news@ewing.blog,-1
corey81@@coleman-ali.ai,-1
margaret90@buchanan.io,1
cooperstefanie@simon.edu,1
gellis @ coleman.info,-1
cstewart@anderson.me,1
xduffy@noble.edu,1
amanda75@villa.name,1
robertspatrick*@richard.info,-1
hortonamanda@cooper.agency,1
jessicatran@moore.me,1
madison99@gomez.com.au,1
calvinreyes@reynolds-carrillo.me,1
jessicataylor*@perez-fry.wiki,-1
baueranna@@copeland.wiki,-1
arthur90@grantco,-1
staceymercado@garcia.org,1
henryanderson@gray.org,1
wrivas@willisname,-1
imeyer@park.wiki,1
ofisher@taylor.me,1
wrightjames+news@davis.com.au,1
oliviasingh@vegaorg,-1
timothysmith+news@@mcknight.me,-1
mariaarnold@williams.me,1
garciamatthew@lopez-miller.agency,1
barryclark@pollardname,-1
dgibson@@russell.me,-1
amy95patton-smith.me,-1
steeledaniel*@watson-jones.com.au,-1
rickeymiller@holtname,-1
brianwilson@@gonzales.agency,-1
alexanderlee@weeks.io,1
 simonjohn@ramsey-schmidt.co,-1
ykim@miller.info,1
bakerstacy@hansonorg,-1
christinebryant@lyons.edu,1
floresseth@ruiz-jordanblog,-1
macdonalderica@wright-savage.name,1
tammyrosales@harper-carpenter.com,1
 kylekelly@jenkins.net,-1
rachel01@tanner-franklinwiki,-1
 ashley89@smith.net,-1
michelle89 @ robinson.edu,-1
elizabethsinghowens.io,-1
christopher98@taylor.me,1
lvaughnmeadows.co,-1
patriciasalazar @ clark.co,-1
freemanchelsea@rodriguez-marquez.edu,1
johnny99@smithio,-1
reneejensen@howard.me,1
estradamichelle@castillo.edu,1
kristina34@villanueva-gallagher.agency,1
cameron38garcia.info,-1
todddavid@maxwell-johnson.name,1
patty53 @ duffy-williams.ai,-1
caldwelljoseph@@peterson.com.au,-1
kelleymario@phillips..wiki,-1
 rachelcrawford@stewart-montgomery.co,-1
richard41@dalton-floyd.me,1
tracyhaley+news@tucker-johnson.wiki,1
gutierrezjason@smith-mckinney.co,1
maldonadomarilynbrown-morse.co,-1
teresa63*@johnson-mercado.co,-1
mullinsjames@reeves.name,1
rodney90@delgado.co,1
phillipsbradleyunderwood.me,-1
amberdickerson@hernandez.info,1
jamesjohnson+news@george.edu,1
craig37@everett-richardson.name,1
morrisonlaura+news*@ferguson.me,-1
adamfranklin@jones.org,1
matthewmullen@@briggs.net,-1
rachel27@vargas-valdezorg,-1
samanthajones@moyer.ai,1
anthonybennett @ rodriguez-lowe.co.uk,-1
robert90+news@cline.co.uk,1
blackwellmichelle@wilson.com.au,1
james92+news@@french-rivera.co.uk,-1
clarkchristopher@blackburn-mathisai,-1
coxpaul*@larson-johnson.agency,-1
qgibsonortiz.me,-1
vcraig@smith.wiki,1
kpowell+news@barrera.co.uk,1
hryan*@wallace.org,-1
frederickkramer@dougherty.ai,1
josephcarrillogonzalez.info,-1
jennifer72@dunn.co.uk,1
mariaorr@@lara.info,-1
foxstephanie@jacksonedu,-1
robertdixon@mcgee..co,-1
 adamcompton@berry.blog,-1
vberry@martin.co.uk,1
jennifer38@beck-gray.me,1
maysashley@fuller.blog,1
kimberly23 @ smith.org,-1
ksmith@hawkins.io,1
jessica01@reed..blog,-1
serranothomas@martinez.me,1
milleremily@@henderson.me,-1
sheenadaniels+news@allison.info,1
melanie14@clay.ai,1
john08@smith..name,-1
xduke@hernandez..org,-1
fhuber@miller.blog,1
william94carlson.ai,-1
steinchristy*@scott-boyer.io,-1
laustin+news@contreras..co,-1
mooremitchell@mcbrideinfo,-1
angela20 @ gutierrez.org,-1
 douglassmith@robles-marsh.ai,-1
vargastiffany@wood.wiki,1
jeffrey21 @ phillips-smith.co,-1
millerkimberly@frank.me,1
elizabeth09@marshall.blog,1
ana63@johnsonwiki,-1
calvin32mills-white.ai,-1
julie71@young.edu,1
wilsonsamantha@kelley.org,1
schneiderjuliepadilla.co.uk,-1
gonzalesjoseph@spencer-huynh.co,1
stephaniesanchez@sullivanio,-1
robert86@bernard.edu,1
arnoldnicole@dodson-blanchard.name,1
 simmonscatherine@charles.com.au,-1
margaretsmith@kent.co,1
shieldsfaith@@miller-green.com,-1
matthew16@@nelson.org,-1
woodpeter+news@alexander.ai,1
xmaddenmorton.io,-1
 qparker@bruce.edu,-1
parsonsjennifer@foster.org,1
pmurray@lee.co.uk,1
eturner@griffith-lewis.io,1
smooneynguyen-rodriguez.wiki,-1
gperez@price.agency,1
bellrichard+news@davis.wiki,1
daniellewis*@hart.org,-1
whitebriannamartinez.me,-1
bryancody@@burke.info,-1
bergergabriela@lee-york.name,1
tayloraustin@mitchell-hunt.ai,1
lisarivera@chavez-dyer.edu,1
gregory15@rogers.co,1
tbarnett@banks.com,1
 joshuagonzales@turner.co,-1
powersjames@smith.agency,1
carolynweekschung-rosales.org,-1
kelly35@lewis-ramsey.com.au,1
butlerelizabeth@barnes-tucker.me,1
cassandrasmith @ morrison.wiki,-1
jlynch@garcia.net,1
sgreen@freeman.agency,1
qwilliams@duran-gomez.wiki,1
juanmartin@dickson..net,-1
agoodwin+newsgreen.wiki,-1
hthornton@peterson.co.uk,1
qmarshall*@bailey.wiki,-1
coreymccoy@russo-fitzgerald.me,1
dorseypatricia+news@whiteinfo,-1
robert28@boyd.info,1
fbrown @ barnes-griffin.wiki,-1
cfitzgerald@@williamson-woods.co,-1
juliescott@hensley.co.uk,1
ysmith@thomas..info,-1
eerickson@robbins.info,1
bmontoyalewis-jackson.wiki,-1
elizabeth13@williams.co.uk,1
steven51+news@flynn.info,1
joy29@cantu.com,1
nicole45@@hart-ryan.co.uk,-1
bushbrian*@chambers.edu,-1
rhodesjeffrey+newsrussell-henry.io,-1
rodriguezlauren@whitaker.co.uk,1
joshuavincent@calhoun.co.uk,1
obrown@stone.info,1
michaelharrisherring.info,-1
delgadomichael @ francis-smith.co.uk,-1
matthew64+news@downs.net,1
johnsmith+news@anderson.ai,1
kbrown*@thomas.io,-1
bailey20@smith.com.au,1
sbuckley @ jackson.me,-1
amandarichard@stout-gonzalez.net,1
sharongilbert+news@walton-barnett.name,1
steven67 @ lewis.info,-1
ronald59 @ ferguson-thomas.agency,-1
 danielle98@romero.com,-1
xalexander@@kerr.com.au,-1
aaron91+news@collins-jacksonagency,-1
cindyford*@obrien-white.org,-1
keith57@kennedyagency,-1
 hrussell@wilson.org,-1
diamond80@thomas.co,1
 gregoryherrera@sanchez.org,-1
garybarton*@collins.org,-1
frances75@mathews.com,1
christian31knox.wiki,-1
peterspaul*@ellis.edu,-1
amooney+news@beard-bell.io,1
snyderlorraine@mann..me,-1
fsmith @ bailey.co,-1
kelly97@vasquez-fischer.name,1
alexandervargas@perez-moody..ai,-1
bensondouglas@cunningham-wang.com,1
jimmy56@martinez.co,1
kim45@yu-mcbride.co.uk,1
alexanderrichards@nolan-strong.com.au,1
craig51+news@campbell-zamoraorg,-1
pearsonjessica@collins.me,1
mdeleon*@george.ai,-1
ayang @ king.co,-1
 baldwinsean@martin.co.uk,-1
rjordanbarton.com.au,-1
nguyenamber@@sanchez.org,-1
daniel74johnson-thornton.co,-1
zrussell@lawrence.com.au,1
hatfielddustin+news@jordan.net,1
jhuber@holmes-atkinswiki,-1
jeffreypena@rodriguez.info,1
qjohnson@smith-perez.name,1
fkeller@soto.ai,1
 npatrick@morgan.net,-1
 glenndennis+news@willis.co.uk,-1
melaniereid@ingram-gonzalez.net,1
melissacruz@spears.me,1
david59@hickman-paulagency,-1
wrightchristopher@toddcom,-1
leslie22@washington.agency,1
wbarber*@butler.io,-1
 brockjeffrey@rogers.com,-1
matthew59+news*@scott.info,-1
nmendoza+news @ norton-anderson.name,-1
ftate@mills-martin.org,1
kflores@warner.info,1
 samuel01@medina.me,-1
robertsdylan*@greene.com.au,-1
desiree69bailey.info,-1
katherinemorton+news@craig.info,1
julie69@salas.com.au,1
miguelrios@allen-tran.co,1
autumngraves@friedman-osborn.info,1
williamsjennifer@robersoncouk,-1
glambert+news@jonesnet,-1
walkerlaura@torres..name,-1
jpatrickstevenson.agency,-1
victoria66@wall-valenzuela.co.uk,1
larry61@@lee-blair.agency,-1
ystone@hunter-novak.io,1
jeanne30@weiss.info,1
troyguerrero@brownwiki,-1
dianabird@@wallace-munoz.net,-1
andersonmichael@stein.agency,1
rebecca08@bennett.net,1
hwood@costa-harris..com..au,-1
wilsonbrandy+news@armstrong.com,1
dparker+news@barnes-olson..net,-1
restes@elliott-nguyen.net,1
craig97 @ lewis.wiki,-1
butlerjennifer@hernandez.agency,1
awilliams@escobar.info,1
 ianporter@smith-carter.blog,-1
paul49*@scott-jones.name,-1
amanda16@whitehead.ai,1
margaret01@curtis-riversco,-1
daniellecameron@ramosai,-1
william94@gonzalez.blog,1
rhoffman*@turner.io,-1
jacksonjeffery@mora..me,-1
rcobb@laraco,-1
jacksonpeter@martin-gatescomau,-1
caserobert@ferguson.wiki,1
corey60@@aguilar.net,-1
dustin81@perry-hendersonedu,-1
johnsonmichele@garrettinfo,-1
phopkins@rios-christian..info,-1
umartinpierce.com.au,-1
tony09@nichols-byrd.edu,1
gmorse @ simmons.org,-1
michelecarroll+news@mitchell.io,1
desireejohnson@morales.co.uk,1
franklinsteven*@jimenez.co,-1
david96@davis-price.com,1
aaron49+news@martin.wiki,1
tracey69@kennedy.ai,1
 pthompson@tucker-vazquez.ai,-1
williamedwards@baxter-williams.co.uk,1
stevensmichael@mathews-price.org,1
bakercorey@barr.com.au,1
reyesmichael@gray-mills.com,1
ndyer*@delacruz.me,-1
 michael79@rodriguez-mccoy.co,-1
thompsonmichael@@jones.me,-1
lisabanks@myers.me,1
madison18+news@rodriguez.blog,1
sean89 @ lam-sanders.ai,-1
felicia43@wang.co.uk,1
xevans*@castillo.edu,-1
 adamsloan@white-swanson.org,-1
millslindsay@parker-martin.com,1
johnkirby*@gomez.co.uk,-1
vjackson@sullivan-wong.blog,1
 claytonwilliam@chavez.org,-1
hmiller @ chen-lewis.info,-1
david52@hunter.wiki,1
martinstevens@douglas.com,1
kstokes @ jenkins-bryant.io,-1
robert12*@whitaker.com.au,-1
fmeyer+news@ryan-taylor.agency,1
sophiajackson@stewart..edu,-1
kellydavis@rossco,-1
taylorkristopher@griffin.me,1
wolfemeghan@king-aguilar.name,1
william88@davis.ai,1
qromero@bennett-smith.wiki,1
rosariomark@kelley-simpsoninfo,-1
armstrongdebbie+news@adams.co,1
smalljessica@robinson-garcia.blog,1
victoriarice@faulkner.io,1
cbenson@blair.me,1
rodneyrivera+news@gross.name,1
heather52@banks.net,1
ericlittle@cooper-stonenet,-1
jacquelinemacdonald@singleton.org,1
jeremygeorge @ prince.com.au,-1
 benjamin03@burke.ai,-1
beverly80@@jackson.name,-1
natalie49@howard.wiki,1
pmadden*@long-medina.me,-1
vickirodriguez@foley-cruz.com.au,1
jasonblake@nelson-phillips.wiki,1
campospaul@becker-thompsonorg,-1
brianhuang*@roberts.edu,-1
shannon32@hernandez-mills.info,1
zstewart+news@merritt.net,1
uhenry@richards-mendoza.wiki,1
amcmahon@erickson.agency,1
hannahgoodwin@smith-massey.co,1
charlesgregory+news*@bentley-house.com,-1
blawrencerobinson.io,-1
juliekeith@hermannet,-1
ajames@hutchinson.com.au,1
michael63@@hernandez.ai,-1
kristenmartinez*@payne-stokes.co.uk,-1
aprilhogan+news@ramirezagency,-1
donna00@@bryant.ai,-1
kbaileymcdonald.wiki,-1
hughescynthia+news@joseph.io,1
timothy88+news@hernandez.edu,1
frederick45@glennwiki,-1
antoniolowe+news*@kim-hays.co.uk,-1
scampbell@fisher.co.uk,1
bevans@@jones-rogers.blog,-1
aduncan@barnett.com,1
xking*@eaton.edu,-1
tyler05*@huber-tucker.co,-1
knguyen@hallco,-1
mendezjonathan@benson-flores.me,1
iperez@wells..wiki,-1
elijahruiz@@holland-glass.com,-1
melvintownsend@hill-vasquezinfo,-1
ksellers+newsholmes.co,-1
zmelton@golden..agency,-1
 christinehess@pineda.agency,-1
stephanie52@martinezio,-1
jodyreese@wright.ai,1
brownamandaschmidt.me,-1
jenniferjimenez@anderson-knight..com..au,-1
woodswilliam*@fields.io,-1
 codycabrera@christensen.co,-1
bradleybishop@smith.edu,1
hobbshannah@pollard.org,1
michelle22@@smith-hodges.com,-1
stevensjoanna@@lane.edu,-1
 tiffany41+news@ward.co.uk,-1
eric58@@peterson.agency,-1
davisvincent@patterson..me,-1
elizabethreillysanchez-love.co.uk,-1
scott58@patel.edu,1
jameschristine @ barrera-quinn.blog,-1
bushgail@wright.org,1
juanwalker@hunter-howard.co,1
oconnorjustin*@thomas.com,-1
zmitchellvelasquez.name,-1
rhondamedina@wang-mills.edu,1
vsmith@bennett-hodge.io,1
williamsmith@graham-oneal.name,1
nathan84@@alvarez.me,-1
baileygonzalez@mendoza-wood..info,-1
sarah00@cook.com,1
abenitez @ evans.agency,-1
urobinson@henry.wiki,1
ychavez@moss.co,1
georgemunoz@jones.agency,1
ksnyder @ trevino-walter.net,-1
maria66+news@shelton.info,1
julia75+news@garcia.wiki,1
edwardsaustin@baker.blog,1
ericgonzalez+news@@rice-joseph.blog,-1
 ericwebb@brown.com,-1
stephaniearnold@bailey.me,1
bradleyhall@walsh-ewing.io,1
xmartinez@koch..org,-1
christopher97*@evans-hawkins.me,-1
stephanieyoder@washington-vaughn..io,-1
vlee@hart.co,1
dgallagher@stephenson-torres.net,1
shannonsimmons@pham.ai,1
jamesjames@popeinfo,-1
 vallen@cook.co.uk,-1
 kristinvance@waters.io,-1
qnelson+news@sloan-castillo.name,1
cheryl02*@clarke-hunter.me,-1
richardclark@hernandez.ai,1
palmercody@downs-johnson..co,-1
michaelkirby@hudson-stewart.blog,1
robert53@williams.ai,1
gonzalesmark@@cooper.name,-1
padillavictoria@@gray.info,-1
middletonjonathan@loveedu,-1
amanda52@brady..name,-1
lozanovicki@benton.info,1
robert32@griffin-nash.me,1
jasonarcher@ruiz.edu,1
 iadams@ramirez-hill.net,-1
jennifer28*@olsen.wiki,-1
adamstyler@johnson.info,1
erichards*@hurley.co.uk,-1
mendozalori@sanders.agency,1
wangcassandranicholson.name,-1
thomasknight@@moore.edu,-1
colebethany @ cunningham.ai,-1
angela43+news@benson-davis.io,1
guerraanthony @ johnson.info,-1
janetwright@hart-salinas.ai,1
hesschristina@stewart.blog,1
 davidhall@brown.co,-1
 carolyn98@delacruz-bernard.name,-1
jennifer37@parks..co,-1
floresdenise+news@mcintosh.net,1
markmiller@perkins.info,1
dereknewton@harris.co.uk,1
andersonmarvinvillarreal.co.uk,-1
suzanneharris@martin-sellers..io,-1
cmccullough@young-williams.ai,1
isabella05@lincouk,-1
dillonchristopher@@kelley.me,-1
kim52@wagner-durham.com,1
woodwardkevin@rodriguez..wiki,-1
mharris@lopez.com.au,1
grantdurham@smith-sanders.co,1
lori36*@gentry.net,-1
jason56@hill-moore.co,1
 russell89@merritt.co,-1
hfrank@waltername,-1
ericwest@russell.co.uk,1
coreybaker@fischer-hahn.io,1
tammy69@carpenter-sandovalio,-1
thorntonnicholas@morales.blog,1
mgreer @ brown-gilmore.name,-1
xmorgan*@robertson-rivera.io,-1
patriciadennis@@holland.org,-1
rwilliams@gonzalezname,-1
ebradley@rogers..ai,-1
 barrywarner@marks-leonard.co,-1
sandra39@moore.co.uk,1
matthewsmith @ blackwell.co.uk,-1
jillperkins@velazquez-james.info,1
daniel29@waters.me,1
 carlsonpatrick@mckee.net,-1
jennifergarner@@johnson.io,-1
portegalopez.co,-1
rachelbrown@clark-hughes.co.uk,1
ksmith*@bridges.name,-1
 jonesrobert@davis.net,-1
larry88@adams-byrd.org,1
oford*@little.edu,-1
jennifernichols@wells.edu,1
andersonpeter@henry.net,1
rachel44@diaz-mckenzie.org,1
timothy88@fletcher.net,1
david53@vaughan-torres.net,1
katherinewilson*@long.name,-1
 williamsmegan@hensley-phillips.co,-1
paulboyd*@frazier.co.uk,-1
 austin09@gallagher-clark.com,-1
qdouglas@crosby-walker.org,1
snyderjenniferkirby.me,-1
 pjackson@levy.name,-1
amann@mendoza.blog,1
 hayleycarter+news@johnson-drake.co.uk,-1
juliegay@jones-green.edu,1
samuel33@hardinedu,-1
tammy97@@moreno.com,-1
bsmith@brown.edu,1
jordanjerry@austin-tran.wiki,1
ethan72@martinez.io,1
comptonbrandon@smith.blog,1
aoconnor@gregory.co.uk,1
 alexisschmidt@white.co.uk,-1
rebecca39@reese.com.au,1
andreagarcia@jones.com,1
michael44@clark-gomez.co,1
brenda24@estrada.org,1
rbailey@price.info,1
lewischristinamiller.wiki,-1
sherry85@morales-fowler.io,1
 kramerjamie@sloan.edu,-1
rebecca80@smith-sims.name,1
cbarton@wilson.com.au,1
awagner@dodson-haas.org,1
thompsoncasey@rodriguez.com.au,1
moraleskayla@dean.blog,1
 bmiller@brady.net,-1
michaeldickerson@diaz.net,1
elizabeth23@randall.edu,1
lisaguerra@ayers-robertson.com,1
simpsonbrian*@jones.blog,-1
 megan93@hughes.agency,-1
robinsonjesse@moore-buchanan.io,1
hailey63*@taylor.org,-1
briggscody@martinez-brown.com,1
michaellawson@phillips.me,1
ule+news@vargas-malone.wiki,1
qguerra+news@rogers.info,1
tgarrison@bowen-sanchez..wiki,-1
fwilliams@dickerson.co,1
sarah13@@hale.co.uk,-1
amber26pope.org,-1
louis32@henderson.org,1
jamesking@mcmahon.info,1
vaughansean @ bailey.net,-1
tcobb@wade-owens.info,1
nealpatricia*@frank.name,-1
fherman@ward.com.au,1
jessica84@young-wood.com.au,1
daniel67+news@aguilar-sanchez.me,1
martha31@weiss-ramirez.net,1
kristine02@wilson..info,-1
adambaldwin*@melendez.net,-1
morgansean@williams.com,1
srios@scott.blog,1
qjordan@robinson.co.uk,1
eramsey@@reyes-li.blog,-1
scottthompson@miles.com.au,1
scottpaul@rogers.wiki,1
rosspaula@@christian.co,-1
yblackburn*@espinoza.com.au,-1
rhendrix*@hooper.co.uk,-1
zmoore@tucker..agency,-1
maddoxelizabeth@hall-anderson.co,1
 xjones@lawrence-cunningham.io,-1
 robert24@johnson.me,-1
jonathon93@hess.edu,1
christensencatherine@wade.agency,1
 grantgary@rodgers-howard.edu,-1
dodsondoris@cantrell.info,1
benjamin42@scott..co..uk,-1
amandameadows@lozano-jensen.net,1
alexawatson@smith.wiki,1
castrolisa@@johnson.co.uk,-1
pmcguire+news@russell.co,1
kray+news@@holt-vazquez.wiki,-1
michael04@@payne-burns.blog,-1
lorihuerta@schroeder..agency,-1
gmyers@chang..ai,-1
yvonne20@berginfo,-1
 graveslauren@douglas.agency,-1
brittney12@anderson..edu,-1
 cunninghamsamantha@odonnell.com,-1
cory05 @ matthews.io,-1
zjohnson@blevins.org,1
griffinsara*@williams.info,-1
janet96@white.net,1
amalone@wu.com,1
fgreen@ross-rodriguez.co.uk,1
 jaymoran+news@scott-gray.org,-1
qroman@chamberscomau,-1
charlene75@rivas..name,-1
alexsosa@@rosario.co.uk,-1
patrick87@rollins.edu,1
carterkathryn@mcmahon.net,1
brian41 @ huerta-soto.info,-1
emedina@marquez.agency,1
taylorjohn*@duke.io,-1
kimberlygordon@hale-ramos.ai,1
edwardsmary@estrada-greene.edu,1
obailey@weaver.me,1
jason78 @ mills.me,-1
caitlin12@moore.org,1
clarkbrittany+news@fuentes.com,1
iwinters*@walker-mata.edu,-1
thompsonmark*@zhang-tucker.wiki,-1
gwalters+news@ballard.co,1
thomas90+news@terrell.info,1
lance99dickerson.agency,-1
nbell@hawkins.wiki,1
frederick78*@rose-owen.ai,-1
evanwalker+news @ davila-carr.net,-1
jacob65@bridges.me,1
griffinanthony@austin-moore.blog,1
jenniferallen+news@@luna-copeland.net,-1
webbandrew+newswise.name,-1
johnsonshelly@taylor-scott.info,1
erinbarnes@kim.com,1
 courtney69@webb.name,-1
emmaedwardsgamble.org,-1
donna97@anderson.agency,1
jasonknapp*@sullivan-webster.agency,-1
joseph67@george.agency,1
donald42 @ aguilar.me,-1
scosta @ white.agency,-1
hturner@townsend.co.uk,1
clarence67@jacobs.ai,1
hnewton+newsmcmahon.info,-1
 rangelmelissa@henderson-hopkins.co,-1
danielleprice@mack-lee.co,1
wesley94kennedy.com.au,-1
mcknighttony@atkins.co,1
steven37@blackwell-wright.net,1
lovejoy+news@frank.me,1
wallacesteven @ hartman.me,-1
barberallison@chapman..net,-1
dwilliams@rodriguez-woodward.name,1
erichardson@riley.com.au,1
billycrane@wolf-henderson.co.uk,1
nford+news@acevedo-harringtoncouk,-1
shannonallen @ gibson.wiki,-1
milleralexander@collins.io,1
kimberly29@thompson.info,1
traceysantos@conrad.co.uk,1
laurahunt@parker-ramirez.info,1
michaelking@alvarado-pierce..com..au,-1
zrodriguez*@graham.com,-1
ronaldholland+news@kramer..com..au,-1
antonio26@@joseph-shepherd.blog,-1
shawnlamb@alexander.ai,1
smithrandy @ tucker.org,-1
derekgallagher@clark..info,-1
ibarnes @ turner.io,-1
osmithwalker.co,-1
vwhite@@brown-nelson.co.uk,-1
shawn96@delacruz-harrington.agency,1
lori58@flynn.name,1
perkinsrussell@gonzalez.com.au,1
wholmes*@perkins-clark.ai,-1
michaeljohnson@mathews.co,1
courtneypotts @ garcia-bright.com,-1
andrew64@@west.io,-1
michaelkrause@robertson-carey.co.uk,1
randy11@huang.blog,1
kellymichael+news*@chang-young.name,-1
mhoffman@carlsonorg,-1
joshuablack@williams.name,1
tinaburns @ norton.ai,-1
munozdavidmoore-stewart.info,-1
galvarez+news@mason.org,1
jbates @ gomez.edu,-1
adamclark@davis.name,1
marksmith@cooke-brown.org,1
lynn64@olson.co,1
jeremyjohnson*@drake-martinez.ai,-1
jay36@wade..com,-1
rachelmurphy@benson-wagner..com,-1
katherinesimmons*@mitchell-singleton.co,-1
larry41*@lee-miller.wiki,-1
lbrown@brooks-johnsoncouk,-1
penaraymond@ford.org,1
baileyjennifer@@andrade.info,-1
gmurphy@simon.net,1
emarshall@wood-rose.org,1
briansmith@mejia-ballard.com.au,1
stevensonkaren@arnold.net,1
xjohnson@thomascom,-1
william44@craig.com.au,1
conleydeborah*@harrison.io,-1
mcfarlandjeffrey*@williams-mitchell.co.uk,-1
alexander83@fleming.info,1
jerrygonzalez@smith-shea.org,1
alexissims@lam.io,1
frichardson@le-wilcox.co,1
amanda13smith.edu,-1
tylerelizabeth@murphy.co,1
hernandeztheresa@hensley..io,-1
robert97@rodriguez.io,1
sullivanjames@williams-gomez.org,1
ryan64@case.agency,1
fcampos@robertson.co,1
downsevan@@smith.wiki,-1
johnsonjason@@reyes.wiki,-1
wendy91+news@bolton.wiki,1
patricksmith@greer.co.uk,1
evanslisa@case-rodriguez.co,1
jaykeynichols-lee.name,-1
stacydavis*@crawford-griffin.edu,-1
wilsonanthony+news@elliott-ford..ai,-1
browndaniel@martin-webb.name,1
michael34sanders-ortiz.edu,-1
flynnmercedes@ayala.name,1
morganclifford@gibsonme,-1
 bryan74@fernandez.io,-1
bherring+news@delacruz.com,1
harperrickeyshepard.ai,-1
bonnie55@lane.co.uk,1
luis54+news@brooks-smith.com.au,1
alyssacoleman @ dawson.blog,-1
castilloaaron@mcdonald.net,1
lauren47@johnson.me,1
saunderscodyjensen.me,-1
matthew58@dougherty.io,1
 samantha58@jones-estes.edu,-1
jasonware+news@terry.name,1
williamsmatthew@harris.blog,1
hoodelizabeth@underwood.wiki,1
gregorytammy@jimenez-schmitt..org,-1
nelsonkelly+news@fox-nash.blog,1
connorbrennan@stone..me,-1
browneduardo @ garcia-rogers.io,-1
 birwin@diaz.edu,-1
berryjillshelton.info,-1
kellyjohnson+news@lozano.blog,1
michaelcollins@bakername,-1
nicole63brennan.name,-1
peterlee@smith-howell.blog,1
arnolddenise+news*@potts.ai,-1
hendersonamy@rivera.com,1
 collingiles@carrillo-miller.agency,-1
dking@jones.name,1
collin75@simpson-harris.co,1
pdavis@@dominguez.name,-1
brandonmccarthy@dunn..name,-1
wrasmussen@robinsonco,-1
christine81+news@garcia..me,-1
medinasamanthastevens-todd.co,-1
james65+news@johnson-bowen.ai,1
hle+news@zimmerman-lang.co,1
pateljohnny@@reid.edu,-1
xwells@hicks-barnett.co,1
areynolds@walls.info,1
kromero@kim.org,1
daniel98@owens..io,-1
benjaminfernandez@hancockcom,-1
huntermorales+news@estrada..co..uk,-1
browncody+news@reynolds.ai,1
 moorechristina@larson.me,-1
 frederickdavis@davenport.co,-1
zphillipsweiss-sanchez.co.uk,-1
thompsonstaceymoon.me,-1
markthomas*@taylor.net,-1
 michael73+news@villa-bell.ai,-1
udyer@jacobson.me,1
nfuller@@conway.com.au,-1
robertburton@allenwiki,-1
xwright @ medina-diaz.net,-1
jason27+news@fisher-hicksai,-1
acobb @ anderson.com.au,-1
etuckerholmes.name,-1
charlestucker@anderson.ai,1
kcook@lewis-garner..name,-1
lperez@shaw.net,1
ncole@mccoy-barajas.com.au,1
beardelizabeth@wiggins-houstoncomau,-1
paul36@harvey-bell.com.au,1
jwalter@arnold-trujillo.agency,1
elopez+news@livingston-bowman.agency,1
briana86@martin.info,1
cclark@lloyd.com.au,1
westcindy@nelson.wiki,1
briannajensen@woodardedu,-1
allisonmeadows@kennedy-rose.ai,1
pearsonluke @ franco.edu,-1
garciaerin@@porter.co,-1
ryangonzalesbrown-french.agency,-1
ylanejames.ai,-1
kelly77@hudson.com.au,1
feliciajohnson+newshenderson.org,-1
duffyjennifer@@berger.com,-1
stanleykelley*@lewis.blog,-1
gbrown@@ramsey.me,-1
lwelch+news*@sutton-williams.edu,-1
hughesleslie@cooper..org,-1
coxryan@olsen-johnson.info,1
melissareyes@wagner-ramirez.com,1
rclark+news@@jones.wiki,-1
daltonkelly@roberts-gibson.co.uk,1
elizabethhanson@@myers.co.uk,-1
mcguirechristopher@dyer.edu,1
sriddle@lee-rivera.org,1
theresa53@pierce.wiki,1
pdorsey@butler.co,1
bowmankathleen@@paul.name,-1
amy80*@gamble-klein.ai,-1
michaelbrown@austin-morse.co.uk,1
rmiller@lynchwiki,-1
wendycastillo+news@gould.ai,1
yhumphreylarson-aguirre.agency,-1
debracox@morris..me,-1
urodriguezbaldwin.wiki,-1
nicole26smith.net,-1
wboothsmith.net,-1
jesse63scott-nixon.info,-1
zbrown@young.com.au,1
michaeldominguez@torres-gonzalez.ai,1
ashley62 @ watson.com,-1
carpenterstacy@burns-rodriguez.co.uk,1
nancyhernandez@erickson-campbell.blog,1
mark28@barnes-moore.info,1
vnguyen@underwood.name,1
blackwelldana@lozano-shah.net,1
wilsonrebecca@harris.name,1
annhenson@miller..info,-1
dwilliams@cook-gallagher..me,-1
kristinedavis@price-sullivan..name,-1
david10@walsh.name,1
russellkevin+news@moore.co.uk,1
avazquez@@moore.edu,-1
joel65@sweeney-davis.co,1
lisa02@higgins.wiki,1
eric68@tucker.io,1
caitlinmaxwell@willis-gilbert.wiki,1
tiffany11@harris.org,1
kaitlyn23@warner-singleton..net,-1
 kristine12@montoya.com,-1
cdukewilliams.name,-1
elliottjudy+news@reid-bell.org,1
beardruth @ golden.ai,-1
richard61@raymond.agency,1
brownvictorjohnson.net,-1
valdezwayne@taylor..co..uk,-1
jwilcox@@grimes.wiki,-1
pmoore+news@anderson.edu,1
alexandria24@cruz.co.uk,1
morrismichael*@gray-bell.wiki,-1
davidtrujillo@peters-taylor.net,1
katie59@duncan-kirk.io,1
amandacarney@mcmahon.edu,1
hwalker+news@@watson-bell.co,-1
dfields+news@campbell-adams..blog,-1
gsawyer@joyce-vega..me,-1
zmurphy@@zamora-mckenzie.info,-1
timothylopez@green.ai,1
shirleysalazar@carter..co..uk,-1
loricalderon @ harris-murphy.net,-1
robinsoneric @ cole-martin.co,-1
davidjones@dennis.net,1
williamspaige@@lynch.co.uk,-1
jennifer81@morrison.com.au,1
robert68@gonzalez-collins..wiki,-1
 samantha78@jackson.org,-1
robertsmichael@serranocomau,-1
dustin45+news@giles.me,1
chadbarry@@carter.me,-1
efuller@chan-michael.ai,1
tranmichellewilson.blog,-1
dfloyd*@knight.ai,-1
jeremy66alexander-baker.net,-1
jonesaaron@@smith.co.uk,-1
adam86@armstrong-schmitt..com,-1
reedcourtneyfitzgerald-guzman.wiki,-1
william69@garcia.edu,1
robertspears @ johnson-romero.io,-1
eunderwood@blevins.me,1
diazphilip@@sharp.ai,-1
harrisonrobert@turner.co.uk,1
kathrynlong@fuller-williams.io,1
matthew40gonzalez-pennington.com,-1
qfrancismoyer.wiki,-1
amartin@@hernandez.net,-1
egray@matthews..ai,-1
blakebarry@wood..co..uk,-1
marie44+news@wilkinson.co.uk,1
melissasinghsmith.name,-1
kevinwilliams@mills.org,1
lisadurham+news*@meyer.wiki,-1
mmorrisstanley-crawford.edu,-1
rogerkane+news@watsonorg,-1
qadams@ramirez-miller.edu,1
andreagraves@kelly-dominguez.me,1
xmcbride@@smith.co.uk,-1
garciaanthony*@zamora.edu,-1
christine85@quinn..io,-1
pbaird@@silva-hogan.net,-1
 ecantu@rodriguez.edu,-1
mhernandez@ward.edu,1
odelgado+news*@roberts.agency,-1
cynthia76@perez.wiki,1
gonzalezrhonda@burgess.blog,1
odonnellvictoria@jennings.io,1
brandon42lucero-carr.com.au,-1
patrickscott+newsjohnson.me,-1
krystalnelsonroberts.wiki,-1
sharongraham@lyons..org,-1
stephenaguirre@bradshaw-roth..co,-1
fgarcia@gardnerblog,-1
eodonnell @ harmon-coffey.wiki,-1
 turnerdavid@miller.wiki,-1
kmurphy@melton-wheeler.org,1
rgreen@miller-durham.info,1
andrew63@farrell.blog,1
mariah47@carter.edu,1
nlamb@martinez-jacobsinfo,-1
mjones@quinn.ai,1
sbuchanan@murphy.net,1
 edwardjoseph@strong.info,-1
christopher73@wilson.org,1
samuelhunt@ashley.me,1
michaelwilliams@evans.agency,1
gloria06@flores.com,1
thomas73@brown-kim.com,1
jeffrey20 @ smith.ai,-1
michael14@rowe-patterson.co,1
stonejoshua@spencer-dawson.blog,1
perrychristian@williams.io,1
robert66rodriguez-gonzalez.com,-1
nsanchez@freeman.info,1
connorhernandez@henderson.blog,1
 vhays@collins-bishop.ai,-1
victoria30 @ clarke-diaz.blog,-1
 alexander14@chavez-peterson.org,-1
frankweaver@wilson..co..uk,-1
fuentesjohn@medina.co,1
thomascarter@lucasedu,-1
freemansydney@munoz.co,1
charles08@young.co.uk,1
lewisjames@gibson..ai,-1
ishelton+news@martin.co,1
jeffreydiazmoore-wilson.agency,-1
samanthapalmer@george..co,-1
aaron55@howell..ai,-1
ronald10@mosley-aguilar.info,1
mcneilmichael@gilbert.info,1
emilynewman@estrada.net,1
joy81@west.io,1
bellnancy @ jackson-martinez.info,-1
gary08@pennington.co.uk,1
ymoody@wilson.com,1
kweaverleblanc.org,-1
steven22@perry.co,1
dsimon+newslee.blog,-1
hodgejennifer@oneal-rodriguez.co,1
abbottjulia@cortez-porter.wiki,1
jose93*@graves.net,-1
dana66+newsbrown.ai,-1
zreillyhansen-moore.me,-1
courtney45@greene.net,1
michelleperez@@perry-mclean.info,-1
rjackson@keller-gibson.me,1
robertcastillo@mccarty.io,1
larryhenry+news*@johnson-garcia.com.au,-1
xmoore@gallagher.blog,1
 joshuaanderson@meyer.me,-1
rebeccagoodman@sutton.name,1
xbarker@stout-stark.com.au,1
aparks*@kennedy.name,-1
wallacegerald@adams-davidson.edu,1
duartedanny@walker.com,1
ucarlsonwatkins.info,-1
gerald03@donaldson-ballard.com.au,1
ngardnersmith.net,-1
nunezjessica*@anderson.co.uk,-1
stephanie43@stafford..co..uk,-1
aprilmann*@cooper-morales.wiki,-1
floydadrian@anderson..name,-1
matthew18@kim-marshall.info,1
brandon68@williams.agency,1
samantha78@anderson-harris.blog,1
richardsonjacob@white.blog,1
owoodward*@smith.co.uk,-1
sarah39*@hernandez.wiki,-1
russell48*@ramirez-stevens.co,-1
michelle05@williams.net,1
pwilkins@warrencouk,-1
johnsonpaula@smith.org,1
wilsonmarc@harper-williamson.org,1
christopher67@harris.io,1
joshuarobinson@carter-robles.agency,1
kimsusan@stewart.wiki,1
amanda43@lozano-mcbride.blog,1
carolyn27@hall-shermanorg,-1
williamsscott@walton.co,1
 hickssuzanne@morgan.info,-1
barbarahorn@gonzales.io,1
jthompson@@craig-ortega.ai,-1
xwolfe*@riggs-benson.ai,-1
 gscott@horne.com,-1
treed@hurley.blog,1
tiffany56west.org,-1
 sjames@chang.net,-1
christopher44@perez-walters.co,1
hansenaustin*@cook.com.au,-1
davidcarson+news@chen-anderson.co,1
morganchristina@@carter-walter.me,-1
waltersmichelle@nelson-pope..edu,-1
hjames@simpson.info,1
heather73@castillo..name,-1
krodriguez@middleton.co.uk,1
 dominiquerosales@delgado-jones.me,-1
gferguson@ramirez-bowen.org,1
jacob09 @ myers.com,-1
tammy61@lucas.edu,1
jonesmatthew@roberts..info,-1
mmurraypalmer.name,-1
pamelapeterson+news@weiss-shieldscomau,-1
inash@clark..name,-1
alicia01@barron..com,-1
ronald30@rich.io,1
eolson@allen-clark.wiki,1
kwilson@weber-blair.co,1
cperry@medina.info,1
 wendy70@green.ai,-1
currystephanie@tran.edu,1
gtaylor @ norton.io,-1
sandradelgado*@prince.com.au,-1
wilsoncindy+news@olson.me,1
kwallace@serrano..net,-1
brockamanda@morrisoncouk,-1
qstewart@harris..wiki,-1
shannon76*@dickerson.ai,-1
grayrichard @ porter.ai,-1
icamacho*@wilson.wiki,-1
carla63@gardnername,-1
thomas56@trujillo-burtonme,-1
richardbennett+news@price.net,1
andrewstheodore@ramirez..name,-1
morrisluis@bryan.org,1
hahncody@@hill.co.uk,-1
richardslindsay@@murphy.me,-1
aaron37*@martin-gardner.info,-1
gilbertjoseph@cannon-campbell.me,1
 jenkinsdaniel@mullins-williams.blog,-1
sarah21 @ zimmerman.name,-1
pjackson@lawrence-smith..edu,-1
 rachel04@paul.com.au,-1
michelle42+news@jackson.com.au,1
 jeffreyswanson@walsh.org,-1
nicholaswatts@villegas..info,-1
lisawagner@carr.com.au,1
james54@pace-white.io,1
fkelly@barnett.net,1
howellronald@cook.wiki,1
douglaskathryn@@allen.info,-1
lisasoto@moore.com.au,1
bruce49@pham-salas..co,-1
michelle85@cooper.ai,1
tgregory@reyes..co..uk,-1
samuel68 @ torres-chavez.co,-1
markmoreno @ martin.co,-1
websterdebra@allen.edu,1
christopher16@gonzalez.org,1
mmarquez@ryan..me,-1
wrightdonald*@alvarez-davis.com.au,-1
johnathanhorton@stewart.io,1
karenparks@smithio,-1
danielsmith@curtis.wiki,1
dianabarnes@welch.blog,1
millerrebecca@washington.com,1
jonesbrianclark-vaughn.com.au,-1
durantim@@hayes.info,-1
wendy53@gibbs.io,1
patrick33ferguson.info,-1
kgonzalez@watson-hudson.blog,1
campbelltimothy@mcclurewiki,-1
goodmananthony@mcneil.io,1
 paula63@dunn-chambers.com,-1
zaguilar@burnett..net,-1
elizabeth20@@chandler.io,-1
hatfieldrobert @ wood.me,-1
zrodriguez@johnson-lang.com,1
huffmanandrea@gardner.org,1
 ronaldcarlson@webb.ai,-1
 justin66@griffin.co,-1
jonessamuel+news@ho.co.uk,1
michael90 @ campbell.ai,-1
 pinedamichael@powers.ai,-1
jonathanvaldez@smith-butler.com,1
scottjessica*@stewart.co.uk,-1
 jeffreyodonnell@peterson-gallegos.co,-1
vmora@cole.info,1
christophergraham@parker.net,1
lthompson@@matthews.co.uk,-1
stephen16@vega-walker..me,-1
woodarddavid@smith.co.uk,1
danielwhitaker@blair-ford.wiki,1
ewilliams@brewer-richard.agency,1
jmartinez@powell.agency,1
xgarner @ walton.edu,-1
kathleen03@torres.co.uk,1
christopherfoley*@brown.ai,-1
bradleyshaw@holmes-green.name,1
christinehansen@wilson.ai,1
gdavis+news@moore.co,1
shaunzhang@mahoney..ai,-1
chadortega@george.org,1
zholt@williams-bonilla.com,1
michael76@cooper.name,1
charleshoward*@dalton.me,-1
vbraun@williams.org,1
ybutler@love.info,1
wsosa @ ramirez.agency,-1
austinmurray@herring-wagner.edu,1
blanchardmichael@hunt.wiki,1
hamiltondavid@mata-farrell.com,1
shelby37@smith.net,1
 michaelhuff@anderson-kemp.co.uk,-1
karenestes@cohen.me,1
jonathanwagner@andrews.com.au,1
lisagarcia@adams-guerrero.edu,1
henrymckeemarshall-hale.io,-1
chris35@wells-smith..org,-1
sheatodd@johnson.io,1
sarah13+news@roth.net,1
dmclean@hallcom,-1
friley@curry.info,1
 swilliams@wyatt-palmer.co.uk,-1
 patricia50@lee-hernandez.com.au,-1
sean20@acosta-mitchell..wiki,-1
jasonsmith@jacksoncouk,-1
davistara+news@miller.wiki,1
boydbrianmoody.ai,-1
moralesbrandy*@reynolds-woods.me,-1
williskristine+news @ willis.me,-1
jschmidt*@barajas.com.au,-1
gsanchez+news @ miller.org,-1
roberthenry@cardenas.co,1
hwaller@andersoncouk,-1
njohnson@james.net,1
veronica75@houston-bush.org,1
wmiller@hall.co.uk,1
melaniethomas@walters-delacruz..blog,-1
thompsonpaul@smithnet,-1
danieltodd @ suarez.io,-1
annette07*@ellis.edu,-1
ihoffman@wilkinson.blog,1
leah26@wilson-donaldson.io,1
 pearsonbrent@gray.edu,-1
casey28 @ wood.ai,-1
robin90@rodriguez.blog,1
sonyacunningham@ward.info,1
dianevalenzuela@smith-sims.wiki,1
christine67@farrell.name,1
andrew67@bryantai,-1
zparker@murphy.com,1
kshah@kelley.info,1
bcurry@craig.me,1
wileyfrank@@bautista.agency,-1
 charles74@cox-davis.io,-1
ashleybarnett@@arellano.co,-1
kellerdavid+news@holt-west.blog,1
mikaylabond@nguyen.co,1
thomaswhite@bell.agency,1
shannon75@mooney-walters.edu,1
thaynes@greercomau,-1
yjohnson@tucker-wolf.co.uk,1
pmartinez@leonard.ai,1
sanchezjoshua@spencer-brown..name,-1
bradshawfrank+news@mitchell.co.uk,1
ithompson@thomas-lopez.ai,1
cferguson@leblanc.com.au,1
ynavarro@sanchez.org,1
benitezelizabeth@martinezai,-1
zjackson@franklin-arellano.ai,1
samantha36porter.co,-1
catherine19@sanders.io,1
mollyodonnell@smith.net,1
jessica90*@carroll.me,-1
allenmelissa@williams.info,1
burnsjonathan@martin.com.au,1
ylynn @ potter-williams.com.au,-1
christinechan@marshallname,-1
hmiller@suarez.com.au,1
xsimmons*@brooks.net,-1
martinstephanie@butler.wiki,1
karengray+news@mcmillan.blog,1
zyoung@ross.edu,1
jeffreymartinez@davis-pearson.blog,1
 mariewatkins+news@williams.com,-1
carl70@gutierrez-holmeswiki,-1
htran@marshall.net,1
andreasandoval @ riggs.blog,-1
gboone*@macias.com,-1
allenemily@@parsons.agency,-1
uwilson@harris-smith.co,1
zdavid@jacksoncom,-1
burtonshelly+news@blair-faulknerwiki,-1
bharrison@garcia.co,1
kimberlymaldonado+news@trujillo-jones.ai,1
qsullivan @ evans.co,-1
brookssarah@alvarado-smith.net,1
jessicajones@martin.me,1
johnhiggins@allen-cook.blog,1
christyhardin @ salazar.wiki,-1
johnsoncarlos@chapman.co.uk,1
williamssean*@sullivan.edu,-1
ecook@schultz.net,1
madisonbarber@@mullins-perez.blog,-1
zgay@@moss.wiki,-1
jordanannette@mccarthy.blog,1
stacy45@morales..io,-1
adrian79*@smith-morris.org,-1
marissaklein@williams-williams.com,1
virginia18@figueroa-taylorme,-1
jameshill@simpson-perry.blog,1
petersonrobert@ortega.net,1
laurieanderson@smith.agency,1
rogerspaul*@mcclure.net,-1
kathleen21@wilson.co.uk,1
grantbethany@powers-weeks.com,1
jschultz+news@austin..com..au,-1
 kstokes@gibbs.me,-1
hollyknox+news*@wilson.info,-1
mreed@newman.ai,1
trevormoore@richardson.org,1
rebecca75@@hutchinson-morse.com.au,-1
kevin77@@meyer.org,-1
sweeneykathryn@perkins-martinez..co..uk,-1
taylorcatherine@nielsen-lopez.io,1
dmaldonado@haasblog,-1
 brianmatthews@serrano.io,-1
jodivargas+news@martin-olsen.ai,1
brenda27@@fuller.io,-1
weekstina@hale.info,1
james35@owens.wiki,1
aadams@watson.net,1
danielhernandez@sanchez.info,1
btaylor@davis.io,1
flynnkimberly@acosta.wiki,1
woodmargaret @ hernandez.ai,-1
allenhubbard@dean.org,1
sdelgado@king.ai,1
sullivannathan@payne-stevenscouk,-1
kristiechung@holland.edu,1
mossdavid@@garcia.com.au,-1
 michaelclark@wright-matthews.info,-1
hardinapril@davis.com.au,1
allenmichael*@lopez.org,-1
christopherwarren@@conway.agency,-1
john36@gregory.me,1
ashleyvazquez+news@reynolds.name,1
eric42@bennett.agency,1
colinjennings@walker.edu,1
ustewart@snyder.edu,1
whitneymartinbanks.me,-1
juliemoore@@johnson-smith.co,-1
yrodriguez+news*@townsend.co,-1
garciajennifer@brown.com.au,1
morgan81@stanley.edu,1
chaneydebra+news@@york.wiki,-1
nancy84@fisher.com,1
ian87@butler-gonzalez..agency,-1
brendabarker@ferguson.me,1
kenneth22@horn-robinson.edu,1
vburns@kim-montoya.blog,1
johnsonvincent@turner.me,1
brianwilson@moore-green.edu,1
ashley71fritz.name,-1
rwallace@crawford.name,1
ernestjarvis+newscontreras.com.au,-1
hbailey+news@@stevenson-brown.wiki,-1
garyhayes@thompson.io,1
cesar59@combs.co.uk,1
greenchristopher@gross.com.au,1
nathan56@mcdonald-williams.io,1
wigginsjohn@lewis-young.me,1
jonathanmerritt@pace.co,1
humphreytodd+news@waller..agency,-1
mroberts@sullivanwiki,-1
 lmartin@ford.co.uk,-1
cherylberg@turner.agency,1
sanchezrachelfranklin.blog,-1
cfischer@booker.agency,1
qhanson @ singh.io,-1
anthony28@white-delgado..edu,-1
harrelldana@meyer.me,1
marilyn39+news@carroll.net,1
samuelsilva+news@cross.io,1
dalton12@kim.agency,1
ptran*@nichols-beasley.ai,-1
wallbrittany@clark.info,1
alvaradosean+news@smith-lewis.com,1
ssanchez@valdez-schultz.org,1
smithpeggy@perry.org,1
ljohnston@nichols.com.au,1
ccampbell*@zhang-watkins.blog,-1
griffinteresa@torres.info,1
 yowens@steele-campbell.io,-1
barbara51@blake.blog,1
cookchristine@hester-nelson..net,-1
michaelwilson@williams.co,1
david43@@henderson.com,-1
joseph64@reynolds.agency,1
 yangrobert@reyes.co.uk,-1
jason68+news@burke-fowler.blog,1
david06@smith.io,1
joseph98@@maynard.info,-1
ramosjamesmills.co,-1
tatemarvin@vasquez.name,1
 jessica29@oliver-alexander.edu,-1
jillian25@phillips..io,-1
 dcruz@ross-harris.blog,-1
parkslisa@stephenson.com,1
erobbins+news@blankenship.co,1
woodsmichaelsmith.co,-1
xlopez+news@bailey.blog,1
karenpeterson@barnett.co.uk,1
maryhughes@peterson-schroedercomau,-1
kshepherd@perez.name,1
randy16@raymond.io,1
justin13@harrell.info,1
brandichristensen@johnson-nguyenwiki,-1
amandafrey+news@foster.edu,1
carlygutierrezflores.com,-1
charleskirby@reid.com,1
acarr+news@martinez-taylor.name,1
bradleysnyder@@cohen.ai,-1
matthewoliver*@watkins-diaz.com,-1
lrobinson@forbes-figueroa..ai,-1
garciajoshua*@lee.io,-1
bettydodson@gibson-patterson..ai,-1
chaseromero@hoover.io,1
benjamin73@@powers.name,-1
mark98@edwards.blog,1
yvette03 @ shelton-miller.ai,-1
xkeller+news@miles.name,1
anthonydecker@kennedy-alexander.me,1
andrewphillips@richards.edu,1
paulcastro@white-santiago.agency,1
lorimiller@cantrell-solomon.blog,1
ariel84+news@schmidt-gibson..net,-1
michelesawyer@davis-griffith.net,1
martin30@hayes-nelson.wiki,1
masonwalter@oneal-cook.org,1
prestonsavannahschwartz-johnson.co,-1
 jon76@hutchinson.org,-1
stephanie26@callahan..org,-1
jodyhancock@washington-rivers..co,-1
adamspaulmaxwell.co,-1
rjames@bass.co,1
vneal+news@simon-carter.wiki,1
nrobinson@lewis.edu,1
 danielblake@stanley.org,-1
rachelsnyder@smithinfo,-1
gjones@thornton-fisher.edu,1
qwest@@cook-hansen.net,-1
amandapeterson@roberson-branch.co.uk,1
brandon57 @ rogers.net,-1
iwells@todd.io,1
alexandriamiller@abbott.info,1
jonesjoseph@higgins.co,1
kleinlevi@griffinme,-1
josephrhodes@leecom,-1
 usmith@becker.ai,-1
 hernandezdaniel@johnson.agency,-1
wrollins@nicholson-thompson.agency,1
davisdonphillips.name,-1
hhughes@hunter.edu,1
daniel39@carter.net,1
melissa04@mccullough.io,1
russellhaas@jackson-nelson.ai,1
wjohnsonolson-morton.info,-1
broberts@@walls-sanchez.blog,-1
lmccarthy@boyd.io,1
hernandezmarcus@reynolds.io,1
gonzalezwalterreid-jones.info,-1
oliviajones@lowery..co..uk,-1
ocarroll@lopez.co,1
kimberlybush@collins.edu,1
joannbennett@hughes-steele..me,-1
erik82@andrews-byrd.com,1
christinemeadowsleon-cole.wiki,-1
kathycollins*@farmer.com.au,-1
stacy36@weber-schwartzai,-1
marvin83@gray-williams.me,1
jenniferpayne@gardner-tyler.co,1
gordonbenjaminlopez.me,-1
pstevens+news@lee.info,1
karenarnold@robles.com.au,1
davidferguson@lee-meadowsblog,-1
millsjulie @ jones-morton.info,-1
vcrosby@thompson-patterson.ai,1
linalan@golden.co,1
kellysmith@berry.name,1
jason78johnson-hahn.net,-1
careyhaley@hart..me,-1
oluna+news@campos-brownagency,-1
katie36greene.io,-1
jamesbowman@howe-williams.com,1
xnelson@knight.co,1
amydiazowens.com,-1
mmoore+news@poole-matthews.me,1
gsmith@henson-jenkins..io,-1
zdougherty@robbins.wiki,1
zconradscott-smith.edu,-1
ptaylor@jackson-foleynet,-1
marcus43@ramirez.com,1
vanessa67@richmond.co.uk,1
ztaylor@@brown-jackson.info,-1
mikayla68@bell.name,1
kking@george-goldenco,-1
 ilane@morris.io,-1
 laurenrobbins@long.org,-1
 steventhompson@wright.blog,-1
stacy05sutton.edu,-1
marywagner@sanders.com,1
pali@kent-miller.info,1
kristin32peterson.co,-1
kaylamoss@watson.wiki,1
joseph32@@jones.io,-1
james41@barnett.com.au,1
michael13@williams-martin.com.au,1
bhoffman @ briggs.co.uk,-1
fitzpatrickkurt @ hill.edu,-1
adkinsheather@hancock..io,-1
lauren65@mora.io,1
ybenson @ david.ai,-1
heatherwhite@vegaagency,-1
eric70@martin-hardy.com,1
herreramitchell@bishop.io,1
daniel09@@watts-thomas.com.au,-1
antonio60@daugherty.com.au,1
owright@sanford.info,1
clarkcharlene@marshall.edu,1
morganbobby@smith-daniels.co,1
uramirez*@clark.info,-1
traviscaseygraham.com,-1
smithjared@savage.wiki,1
kimrebecca@mason.edu,1
amanda43@blankenshipio,-1
annette57@campbell.ai,1
amartinez@blackwell.com.au,1
bgregory*@edwards.info,-1
xmasonmejia.co.uk,-1
bhardy@jenkins-trevino.co,1
craig34brady.blog,-1
kevinnelson@@neal.wiki,-1
arnoldangela@harris.name,1
brockheather@roberts-ray..ai,-1
 kristy47@pittman-lewis.me,-1
stacyavila@davisme,-1
davidschultz@ross.org,1
hannah98+news @ bush.com.au,-1
delgadoeric@morales-king.co,1
watsonmelissa@wright-mccullough.org,1
fcollier@mckenzie..wiki,-1
jamie89@carpenter-marshall.agency,1
hannahmeyer@brown.wiki,1
amberburns@duarte.com.au,1
keith67@foster-pace.net,1
shannon72@williams-perry.co,1
daniel57@cruz.edu,1
kellyperez@diaz.agency,1
frederick53@bauer-ellison.blog,1
johnsonlucas*@jones.name,-1
brittanyortiz@archer.agency,1
mmoralesconner.edu,-1
davidweiss*@west.ai,-1
rjohnston@zimmerman..io,-1
kim03@ho.edu,1
alexander65@walker.net,1
jennifer36@prince-fisher.name,1
 john50+news@anderson.co,-1
sarah84@dominguez-alvarado.org,1
jasonjohnson@hawkins-vazquez.org,1
cooperashley*@rodriguez.co.uk,-1
svance@daugherty-tapiaedu,-1
usherman@perry.io,1
ihernandez @ harris-thomas.io,-1
 zacharymartin@fischer.me,-1
robert93@johnson-bryantnet,-1
chapmanjilljones-deleon.co,-1
cgray+news@@martinez.org,-1
alyssajohnson@brown-rodriguez..net,-1
 jeremy61@hays.me,-1
whart@villarreal.co,1
rwalton*@garcia.agency,-1
prattmichael@hernandez..info,-1
cathy62 @ copeland.me,-1
brandon05+news@lucas.wiki,1
richmondrobert@perezcouk,-1
nroberts@barnett-mills.wiki,1
adambauer @ russo.co,-1
mduncan@johnson-martinezorg,-1
keyjavier @ mercado.edu,-1
jessicaschultz@washington.me,1
frank96@tyler.org,1
cadams@hawkins..ai,-1
 martinezdiana@hill.edu,-1
stephanie25*@williams.edu,-1
gabriellaallen @ jones.net,-1
jclark@@duran.com,-1
ahernandez@kelly.agency,1
vfernandez@chen-cardenas.wiki,1
jennifer26@berg-barnett.agency,1
aliciaspencer@johnson.ai,1
 matthew13@valencia-warren.agency,-1
donald38@warren-wood.agency,1
heather77@kidd-vasquez..io,-1
jonescharles@barber-reid.edu,1
smartinezjones-morales.org,-1
rojascaroline@@phillips.edu,-1
pcantu@smith.me,1
bakercheryl @ harris-vargas.info,-1
greenaudrey@johnson-james..blog,-1
ashley84@smith..wiki,-1
owall+news@johnson-wilkins.edu,1
amy48@@smith.agency,-1
paulwalker@donovancouk,-1
amywilson+news@wilson.name,1
gabriellopez@garcia.ai,1
laurieandersen@frye-garcia.me,1
kbishop*@hill-bond.io,-1
anna68+news@williams.edu,1
jonesmary@morton..info,-1
 gabrielbrooks@carter-simmons.co,-1
doughertyandrew@@long.me,-1
xcrawford@brock..com,-1
thomasjason@jones.com.au,1
erik01@walker-woods.info,1
 bairdmichelle@webster.ai,-1
nelsonanna@@barnes.co.uk,-1
banderson*@smith.org,-1
frose@barrera.net,1
longchristopher+news@hernandez-osborne.com.au,1
emilyschroeder@white.io,1
lindsay35@thompson.org,1
cathy73@skinner.ai,1
vsimpson*@bishop-carroll.org,-1
lisaholloway@garcia-stokes.co.uk,1
icollins@johnson.edu,1
johnspatricknelson.com,-1
dylannelson*@young.net,-1
smithmark@smith-collins.co.uk,1
linda81+news@donaldson.blog,1
robertmunoz@wright-murphy.ai,1
pjuarez@lee-carroll.com.au,1
igibbs@marsh-hogan.name,1
haleyjoshua+news@mason-horton.name,1
cameron98@@rivera.wiki,-1
trichmond@snow-robinson.info,1
amaldonadohernandez.info,-1
hannajohn+news@martin-estrada..me,-1
johnsonjessica@harris.blog,1
 jessica58@santana-reed.co,-1
samanthakelly+news@gutierrez-carr.io,1
rileydaniel*@flores-martinez.net,-1
hwong @ hobbs.ai,-1
edwardscharlesjones.me,-1
 michaellopez@jackson.info,-1
 hriley+news@brooks.info,-1
hthomas@@martinez.info,-1
gonzalesmelanie@griffin.edu,1
daniellegonzales@smith.info,1
lavila@marquez-smith..wiki,-1
qthompson*@mckee.wiki,-1
youngjessicawright-richards.name,-1
petersjohn@wardwiki,-1
tranmichael@leach-taylor.com.au,1
angela46@johnson.agency,1
amanda37@@bullock.io,-1
 sloankim@dorsey.edu,-1
 eileen18+news@price.co,-1
yjackson@smith.com.au,1
 christopher80@green.org,-1
sydneycastro@greer-campbell.edu,1
suzanne15@matthews-ramsey.edu,1
ryan17@wagner.net,1
charles54+news@gould-aliai,-1
zbaker+newsmarquez.ai,-1
fallenmontoya.ai,-1
sandralucas@miller.blog,1
andersonzachary@@smith-garcia.info,-1
nelsondaniel@jarvis-alexander..wiki,-1
cjohnson @ turner.org,-1
williamsjustin+news@gibbs-lane.me,1
mckenziemichelle@hickmanme,-1
vmitchell@terry.edu,1
brownjacob@miller-lewis..name,-1
nicholas12@wilson.info,1
rsanders@solis.edu,1
curtis60@taylor-blackburn.me,1
coopermichael@york.name,1
stephanie62benson.blog,-1
feliciataylor@robinson.co.uk,1
lalvarez@baker-pierce..agency,-1
acostaeric@brooks-osborn.co.uk,1
audrey27+news@prince.com,1
dharris@moore.wiki,1
vhernandez@kaufman-pham.name,1
 michaelpark+news@griffin.agency,-1
donald39+news@snyder-gibbs.wiki,1
michellejackson*@walker.name,-1
edwardbrewerortiz-walker.com.au,-1
linda08 @ mcdonald.com,-1
christinesanchez@marsh.name,1
josephbrown*@mcknight-francis.me,-1
tammysmith*@lee-parks.co.uk,-1
jerrypark@barrett.wiki,1
 gonzalesmark@christensen-robinson.edu,-1
bgarcia@sherman.com,1
wrightsamantha@@williams.name,-1
dustin56@williamsme,-1
gadams*@meza.com.au,-1
brian15@smith.co,1
browncrystal@jacksoninfo,-1
pagetimothy@raymond.co,1
osandovalbrown.net,-1
devin05@cox.info,1
dgarcia@mills-anderson.name,1
gomezscott@neal-young.edu,1
skaufman*@crane.io,-1
michael27@jackson-martinez.blog,1
lawrence37@simpson.info,1
jason90@williams.com.au,1
lcurtis@bowers..co..uk,-1
wrose@hayes-brown.wiki,1
 maryhodge@whitaker.wiki,-1
mayerchristopher@richardsoncomau,-1
berryjenniferrobertson.co,-1
crussell@shaw.wiki,1
vincent21+news@gardner-peck.org,1
hannahsanchez@taylor.blog,1
lhodgessmith-todd.com.au,-1
johnsonsteven*@clark-fisher.com.au,-1
edwardcarter*@dalton.name,-1
jsmith@payne.ai,1
jacksonjoseph@webster.wiki,1
ljordan@reed.wiki,1
 shermanlauren@johnson.wiki,-1
longtiffany@perez.com.au,1
rgarcia@kemp.me,1
tatekevin@leonard-gonzalez.name,1
chambersjohnnyhart.com,-1
john83@@deleon-davis.name,-1
jennifergibbs@wilcox.co,1
tracywheeler @ kim-gibson.org,-1
williamsjoseph@@cannon.co.uk,-1
 meyermeghan@stevens-hamilton.io,-1
gsullivan@scott.name,1
santiagojay@gardner.org,1
ethompsonsmith-murray.wiki,-1
 shannonpaul@hayes-stone.co.uk,-1
brownnancy @ harvey.net,-1
bthomas@fitzpatrick-hill.io,1
amandahernandezthomas-doyle.name,-1
rodriguezbenjamin*@mack.org,-1
olsonadrienne@@rodriguez.io,-1
marywalker@wheeler.edu,1
stevenpugh+news@parrish.agency,1
 gabrielgrant@whitaker.agency,-1
zachary29@williams-burns.ai,1
staceykim@hill-calhoun.me,1
kellyjohnson@estrada-brown.blog,1
gregory80 @ allen-richardson.co.uk,-1
taguilar@moore.blog,1
amandahamilton@winterscom,-1
baileycharles*@evans.info,-1
stephen83jones-davis.co,-1
nkelly*@bruce-hall.net,-1
tammy43@novak.name,1
toddwilson@carter.info,1
 cynthia91@hudson.info,-1
dwalkerballard.co,-1
qbridges@santana.agency,1
jmoyerbrooks.wiki,-1
jessicadelgado@miller.io,1
uallen@wilson.wiki,1
brian49@taylor.agency,1
perezkenneth@simmonsco,-1
 sean53@roman.name,-1
betty21+news@pena.info,1
rhonda43@crossorg,-1
marcosteele @ williams.me,-1
pricebrandon@curry.com.au,1
harrisshannon@flores.wiki,1
walkerstephen@thomas-smith..ai,-1
tanyacooper@@bell.me,-1
petersonlaura@perkins.agency,1
genehicks@garcia.org,1
davisjoseph@mendoza.co,1
icastillo@james.me,1
johnsmith@taylor.io,1
colemanmckenzie@crawford.net,1
rebecca57@suarez-clark.co,1
pattonpamela@walker-blake..org,-1
tyroneweber@warrencomau,-1
susan52+news@miller-murphy.ai,1
holmesjessica+news @ torres.name,-1
scottyoung@hicks-fuller.org,1
nancy23@stone.net,1
tkelly @ rojas.ai,-1
danny35+news@wood.co,1
foxdavid@williams.org,1
feliciamartinez@larsen.name,1
csheppard@walls.name,1
jwinters@ruiz.com,1
scottkathleen@lucas-mathews.co.uk,1
donald16+news@newton.me,1
aliciacastaneda@suarez-miller.agency,1
sophiaray@davis.co.uk,1
 nwilson+news@rodriguez-contreras.com,-1
gpeterson+news@king-johnson.me,1
zsolis@johnston.co,1
abigail14@skinner..blog,-1
daniellee@brock.agency,1
paula13@brown.ai,1
btodd@hallcomau,-1
mariomyers@evans.wiki,1
dgonzalez@allen.info,1
christinesmith@@morris.agency,-1
alexis98@ferguson.co.uk,1
kathryn17hill.com,-1
floresjohn@charles-lopez..info,-1
 jamesramirez@thomas.edu,-1
john33@pitts-smith.net,1
veronicamason*@walker.net,-1
stephenbrady@@williams-gonzales.com,-1
oholt@marshall..info,-1
jenniferreyes+news@edwards-williams.com.au,1
brittany33+news@harvey.info,1
hdavis@werner.me,1
freyabigail @ baker.blog,-1
scottrichardson@olson.info,1
megan44@wood-savage.ai,1
lindaball@rojas.blog,1
andrea55@levine.io,1
cgamble+news@williams-scott.co.uk,1
thomaswyatt+news*@bell-blake.co.uk,-1
josephgonzalez@burnett-jones.edu,1
hbrown@langai,-1
ibowman@lowe.ai,1
kaitlinyoung@robles-mcintyre.ai,1
jessicafields@chandlerwiki,-1
lfreeman@luna-rodriguez.io,1
alex88@ferrell.com.au,1
xcollins+news@moore..ai,-1
brandonbarnett@jonesai,-1
gibsonjacob@kirk.com,1
cartertim@schmidt.name,1
dwilliams+news @ king.org,-1
steven75*@rodriguez.com.au,-1
bryankristin@alexander-johnson.info,1
peterwilliams@@hunter.edu,-1
hamiltonlori @ cannon.com.au,-1
melendezbrenda@@gomez-mcneil.wiki,-1
 tiffany27@patrick.ai,-1
guy92@hurst..org,-1
spatterson@johnson.com.au,1
 reynoldsjeffrey@wade-briggs.ai,-1
martinezabigail+news @ rice.co.uk,-1
torrestammy@wilson..co..uk,-1
kennethadams*@garcia-graham.io,-1
robinwheelerpollard-foster.net,-1
wilsondonaldmendoza.net,-1
gravesluke@mitchell.edu,1
qwilson@underwood.name,1
shannon45@lozano-roy.name,1
ashley49+news@hayes.io,1
randybennett@wisecom,-1
whitney52@harrison..info,-1
courtneyclements*@todd.info,-1
andrea54@carson.co,1
trodriguez@carney.name,1
waterschristopher@@miller.wiki,-1
andreryan@rosales-ross.me,1
jeremybush@padilla-davis.co,1
 hoffmanmarie@clark-alexander.ai,-1
matthewstafford@@hernandez.agency,-1
justinmorgan @ hernandez-ferguson.agency,-1
hamiltonjulie@good.edu,1
david91@dunn-brown..co..uk,-1
zgray+news@bentley.co,1
kimjones @ evans.net,-1
erikhaney*@taylor-alexander.ai,-1
ythompsongarcia.wiki,-1
wileyjohnny@@bradley.info,-1
knavarro @ dean-bradley.blog,-1
rpalmer@williams-howe.agency,1
ytrevino@chapman-rivers.me,1
qbrown@thomas.org,1
meltonpeter@wright-scott..info,-1
fosterchris@warren.me,1
becky07@skinner-kelley.co.uk,1
steven57*@hawkins.ai,-1
lopezjanet*@shaw-maldonado.co.uk,-1
mauricewalker@sandersai,-1
tlin@williams.me,1
dawnvazquez+news@adams.me,1
qprice@pratt.me,1
tashapeterson@parker-sanders.edu,1
hilllisa@jackson-hayscouk,-1
richardsmichelle*@wilson-mcgee.io,-1
griley@bennett.co,1
wbright@baker.co.uk,1
smithdavid@reynolds.net,1
brendafranklin@davis.me,1
joshuaboone@clarkeme,-1
ylowe@miller-baird.agency,1
janet53@mendoza.io,1
stephanieball@@taylor.wiki,-1
debra86@thompson..edu,-1
nelsonstephanie @ riley.ai,-1
bbishop+newsmarshall.co.uk,-1
fowlerjohn@nelsonname,-1
 colleenrodriguez@ellis.org,-1
bestcindy@freeman.io,1
williamsjose@johnson-miller..me,-1
uwhite@mckee-clark.com,1
brewerlogan+news@bird..name,-1
kerry27*@livingston-spencer.name,-1
tashahernandez@cannon.wiki,1
kimberlycalderon+news@hill-wheeler.co.uk,1
anthony76@rojas.edu,1
garciamary@garrett-smith.io,1
nicholas50 @ sweeney-carter.co.uk,-1
kylehayes+news@@welch-williams.net,-1
gonzalezvalerie*@bell.blog,-1
danielle10@norman.io,1
johncastillo@schmidtagency,-1
 tammymccarthy@freeman-shaw.me,-1
fowens+newsspears-franco.info,-1
frances10+news@allen.me,1
david76+news@rollins-brown.agency,1
fcarrillo*@brown.wiki,-1
kenneth03@moore.org,1
laranancy@lara.com.au,1
jennifer34@cooper-taylor..org,-1
allisonrobin@@vasquez.name,-1
arodriguez @ acosta.net,-1
umorales@hansen.agency,1
alexis23@byrd-hill.com.au,1
michael56@snow.edu,1
stephenray+news @ harris-jones.com,-1
jacob91@@garza-potter.ai,-1
alowe@stephens.wiki,1
williamwilliams*@gibson-gonzalez.me,-1
 joshuawalker@smith-johnson.net,-1
fgonzalez@lee.org,1
 dmiller@soto.co,-1
carlos06hicks.info,-1
jacksonnathan @ snyder.com.au,-1
obradley@knapp-jones..edu,-1
moyerchristian@murphy.com.au,1
huertakim@@freeman-graham.net,-1
sarah15+news@wilson-delacruzagency,-1
andrewsjustin*@gibson-brown.edu,-1
rachelgonzales@phillips-allen.co.uk,1
xjones@henderson-mata.blog,1
imoon @ foster.info,-1
xcastillo@moss.me,1
garzamichelle@miller-hardin.edu,1
 cjones@lopez-montoya.net,-1
sarah66@hernandez.com,1
qgutierrezmartin-mcguire.net,-1
aholmes@thompson.agency,1
hmcdaniel @ george.io,-1
 daniel83@jones.org,-1
nicole50@lucas.co,1
stevenkelley*@hall.co.uk,-1
jamesherrera@martin.name,1
johnsonkenneth@ellison-marks.com.au,1
uflores@jimenez-barrett.name,1
jennifergardner@vargas.blog,1
courtney03@allen-lopezedu,-1
josetaylor@wood-hopkins.io,1
leah61+news@sheacouk,-1
aprilbaker@villaai,-1
estradaamanda@carney.me,1
mallen@watson.me,1
theodoremoorebentley.info,-1
vdoyle@@warner.org,-1
heidi16+news*@jackson-rodriguez.info,-1
colerobert@smith-thomas.name,1
vmoss@thompson.org,1
pecklaura@ingram..edu,-1
mckinneymark@diaz..name,-1
michaelrose@henderson.name,1
denisesawyer@jacksonblog,-1
leah99@soto-simmons.info,1
mhudson+news@dunn-vance.com,1
ifrederick @ hernandez-greer.info,-1
mcameron@reyes-barrett.co,1
 powelldavid@davis-frye.com,-1
sean74@smith.net,1
jamesjonesadkins.com.au,-1
hectorthompson@smith.net,1
robbinsmatthew@russell..edu,-1
jwalker@pierce..co,-1
boydstephaniegreen.co.uk,-1
nathan34+news@whitney.co.uk,1
tamarabarber@dean..co..uk,-1
sullivanjohn@hill.ai,1
kristopher51@bradford.ai,1
cynthiawalters@arnold..name,-1
matthew90+news*@pitts.co.uk,-1
barrettmiguel@dunn-murray.net,1
cooknicole@green.com.au,1
cromero@abbott-avilainfo,-1
johnsonmark+news@chandlerme,-1
rmays @ butler.name,-1
yfranco@freeman.net,1
juanjackson@hamilton.ai,1
mcgrathchristopher@martin.agency,1
kramerwillie@williams.edu,1
amandamacdonald@moreno-rice.com.au,1
dustingarrett@hernandez..blog,-1
nortontyrone@@chavez.me,-1
briannathomas@hawkins.blog,1
tylerwhite@@murray.wiki,-1
yblair@vazquez-turnerorg,-1
timothydean@hall-barron.org,1
stanleylittle*@stephens.io,-1
juliereynolds@morales-johnson.wiki,1
michaelharrison*@hammond.me,-1
espinozaphillip@vargas-hill.co.uk,1
jchoi@fox-cox..com,-1
aaron25@ramirez.info,1
dedwards@wang.blog,1
christophermendezgomez-arroyo.name,-1
dayjohn@adams.name,1
psmith@scott.co,1
wongemilyferrell-cole.edu,-1
franksmith @ brown-williams.io,-1
lsmithsmith-johnson.edu,-1
cwright@anderson.edu,1
michael30@key-levine.co,1
pdouglas@@todd.com,-1
robertcoleman@bradleycomau,-1
jonesjames@russell.net,1
jeanne84parker.info,-1
jrhodes@barron.name,1
ronaldgarcia@allenai,-1
patricia58@cunningham.edu,1
kelly13@turnerai,-1
billmosespatterson-rose.agency,-1
denise21@campbell.edu,1
gibsonsheila @ carter.co.uk,-1
donnacollier@reyes-davis.blog,1
christophereaton@wilson-medina.agency,1
mary10wilson-zhang.org,-1
brenda81@@baker-hogan.com,-1
melissa03@myers.me,1
jessica02*@freeman.org,-1
washingtonmelissa@landry.org,1
moorejulie@day.name,1
 franklinphilip@lewis-willis.agency,-1
moorestephen+news @ johnson-carter.me,-1
tbanks@@combs-johnson.wiki,-1
ncooley@fry-fuentes.wiki,1
stefanie91@reynolds-barrerablog,-1
anna97*@thompson-ayers.name,-1
davidreid@shea-evans.com.au,1
 johnadkins@mccarthy.net,-1
 andrewilliams@johnson-king.co,-1
vpowers@green-pitts.com,1
grodriguez@simmons..edu,-1
christopher31 @ andrews.info,-1
zthompson @ jones.com.au,-1
candaceprice@blake.agency,1
christopher65@millsorg,-1
allenjoseph@gonzalez.edu,1
astone*@juarez.co,-1
danielle80@gardner.net,1
nathaniel08@ramirez.co,1
vasquezbarbara @ powers-ward.wiki,-1
lauren10@wallaceedu,-1
alexanderchristina@francis-gilbert.wiki,1
kathrynlong @ vasquez.com,-1
nsmith@@lynch.co.uk,-1
rcampos@george.co,1
randy29@clark-howell.blog,1
robertbarrett @ jones-green.co,-1
esparzashannon@ortiz-werner..com..au,-1
sabrinasanchez@may.co.uk,1
umartin+news@guerrero-thomas..net,-1
russellhill*@barnes-hawkins.agency,-1
juliesmithklein.blog,-1
hhatfield@@dean.name,-1
webbmasonsandoval-barrett.io,-1
 bjackson@floyd.co,-1
 ywest@campbell.agency,-1
howarddorsey@potter..net,-1
zbowman@rogerswiki,-1
emily15@rodriguez-green.wiki,1
prussell@@watson-gross.me,-1
baileykristin@owens-carter.net,1
dan36@anderson-petersen..agency,-1
catherineclarke@oneal-larsen..com..au,-1
tannerneal@@ray.blog,-1
 qramirez@jennings.com,-1
robinsonbeth@coleco,-1
markburton@@patel.com.au,-1
wilsoncory@mcclure.com,1
torresalexander*@morris.net,-1
rvaughn@garcia..io,-1
pbean@lopez.wiki,1
torressylvia@ferguson-frye.blog,1
campbellshanereed.name,-1
ili@cohenio,-1
christian15simmons-fields.agency,-1
ericbrown@miller-gray.com.au,1
 friedmanthomas@salazar.agency,-1
kyledawson@carroll.com.au,1
karensmith+news@taylor-black.ai,1
sabrina31@hays.name,1
ashley29@conner.net,1
xperkins@@haynes-price.info,-1
qpierce@green.info,1
cynthia22@carter.ai,1
jonmartingoodwin.agency,-1
amy82ochoa.com.au,-1
holly82@ford-gonzalez.wiki,1
sbush@scott.agency,1
ssolis@norman-bennett.org,1
samantha51@fitzgerald-brooks.agency,1
kpope+news@miller-smith.name,1
mariadavis@dodson.com.au,1
meredithroberts@rivera-wu.edu,1
andrewdavenport @ wilson.co,-1
jessica66@hernandez.com.au,1
kinghaley@castro.ai,1
castanedadebbie@turnercouk,-1
whogan*@pacheco-gutierrez.com.au,-1
gjackson@gardner.agency,1
josephtucker@armstrong.info,1
wardjonathan@@snyder.com.au,-1
mariadominguez@allen-murphy.org,1
xjordan@butler..io,-1
bnichols*@carr.io,-1
sherry96 @ nichols-hernandez.net,-1
dominique79@richmond-hall.co,1
davispaul@choi..ai,-1
ekramer@fisher.info,1
amandabrown@cortez.blog,1
 iobrien@campbell.net,-1
kgonzalezmosley.edu,-1
jerry27*@perkins.name,-1
martinjason@torres.co,1
alexanderwebster*@jordan.info,-1
belinda19@pearson-jackson.co,1
albertmartin@martinez.info,1
rileyjohn@estrada.me,1
anthonydavenport@murphy.co.uk,1
hamiltonrachel @ ramirez-roach.edu,-1
 hfitzpatrick@rogers-peters.wiki,-1
arnoldtammy@norton.co.uk,1
alanmoore@payne-williams.org,1
marissa27@moreno.io,1
maria39@@park.co,-1
brownnicole+news@osborn.name,1
tatemonica@ray.co.uk,1
dcarr@lee.ai,1
deborah19@schneider.blog,1
watkinsjoshua@lee.co.uk,1
obrieneileen@valdez..net,-1
daniel93@graham.name,1
smithveronica*@yates-mitchell.net,-1
aguilarkatrina@mcdonald.agency,1
nweber@miller..net,-1
pingramtaylor-glass.info,-1
bradleymarshall@smith.agency,1
lori15@lopez-hill.co.uk,1
joycejones @ nichols-delgado.net,-1
robinsonmolly@sanders.me,1
patrick55@avila-owen.agency,1
vanderson*@young-stafford.me,-1
rickybass @ jackson.co,-1
murphykatelyn @ lawson.info,-1
gcunningham@meyers-mcintyrecouk,-1
zruiz@kelly-flores.com.au,1
 ucallahan+news@rush.ai,-1
mcgeechristopher@burton.wiki,1
boyerrachel @ walls.co,-1
robbinsbethany@@brown.me,-1
rschmidt@singleton-williams..info,-1
jose77@dixon.edu,1
sullivanjoyce@lane-robles.org,1
chanjohn@@hayes.net,-1
smorgan*@sanchez-ross.com.au,-1
juliejohnson@swansonorg,-1
shawnclark@carter-johnson.org,1
alvaradosarah@brown-woodard.io,1
lharvey+news@jordan..ai,-1
samueljones@@harvey.com.au,-1
michael97+news@sparks..com..au,-1
jessicajones @ glenn.co.uk,-1
ana39@newman.edu,1
christianalicia @ ochoa-chandler.co.uk,-1
dknox @ cobb-calderon.edu,-1
egibson@mccall-martincom,-1
lucasariana@anderson.agency,1
 patrickpugh@decker-howard.co.uk,-1
hayesdanielle*@roberts.me,-1
brookeglenn@bush.edu,1
jennifer57@oliver.com.au,1
jessicaking*@west.com.au,-1
laura75@phillips.wiki,1
idavis@blake.com,1
hernandezjeffrey@mendez..blog,-1
samantha12@osborn.agency,1
victoriayoung@fernandez..me,-1
michael00@wilson.name,1
marcia39 @ johnston.com,-1
 tracey94@reyes-hardy.co,-1
wzamora @ cisneros.com.au,-1
jamielawson*@willis-patterson.ai,-1
craig30@wise.co.uk,1
 james93@hernandez.co,-1
megan84+news@smith.wiki,1
alvaradoluiscarr.wiki,-1
wattssandra@sparks-pierce.blog,1
mortizgreen-smith.blog,-1
laurengibbs@schroeder.info,1
petersonjoshuamosley.net,-1
jon73@rodriguez-bond..edu,-1
johnstonkimberly+news@adams.agency,1
bhill@washington-hayes.me,1
 mschaefer@curtis-collier.agency,-1
danielmiller@scott-kimedu,-1
christiehatfield@hall..ai,-1
brett35@smith.io,1
 sanderskim+news@may-blevins.me,-1
suzanne30@baker-jones.agency,1
debbie77@carter..io,-1
awatson+news@green.co,1
vickie48@armstrong-bailey.blog,1
tyrone82@smith-floyd.com,1
zmacdonald@hurley.name,1
kaitlynbrown@jones.agency,1
ubryan@davis.org,1
allenberg@phillips-parsons.blog,1
shannonhoganferguson-munoz.co.uk,-1
rachelmcbride@zamora-hogan.name,1
yatesbrent@love.com,1
williamslauriethomas.name,-1
austinscott+news@scott-meyers.agency,1
zgonzalez@lindsey-fordcomau,-1
xschmidt @ krause.com.au,-1
ashleyhayes@kim.co.uk,1
kellychristine@murphy.me,1
jamesalvarado@richards..blog,-1
roachmary@taylor.io,1
joycejohn@hernandez.co,1
daniel74@smith.agency,1
collin96@johnson.com.au,1
michael22@white.co,1
tiffany78@jones.co.uk,1
morrisonleonard@ibarra.io,1
mnorris@hess-duran.co,1
srocha@jackson-gordon.wiki,1
schmidtalicia@nolan-bryant..net,-1
acabrera@castilloio,-1
crystal09@cook-carrillonet,-1
annaschmitt@williams-petersen.edu,1
brittney92@@walker.org,-1
 smithjessica@bradford.ai,-1
rjohnson @ roberts-burns.agency,-1
christine09@valenzuela.net,1
zgoodwin@@carter.ai,-1
hellis @ davis.name,-1
oallen@ramos.org,1
henryashley @ martinez.blog,-1
kingstephanie@perry-cooper.com,1
scottdavid+news@richardson-fisher.blog,1
dakotaspencer@@hopkins-williams.org,-1
cathypena@lucas..wiki,-1
vscott@bradley..blog,-1
jblankenship+news@fox-turner.io,1
pday@brown-lopez.com,1
hwagner @ trevino.blog,-1
lonnie66@crawford-johnsoninfo,-1
cynthiawells@collins-dean..co..uk,-1
bailey49washington-crosby.blog,-1
nguyenmary@peterson.blog,1
sarahjones@lopez.me,1
qgillespie@barker.agency,1
davidwisemyers-bishop.ai,-1
edwardsaimee@conley-hammond.agency,1
hartmanriley@parker-trujillo.agency,1
hshields+news@@garrett.name,-1
johnsonchelsey@hayes.net,1
 nsmith@ramirez.ai,-1
devon64@bennett-smith.wiki,1
aaron10@nichols.name,1
urice@sawyerai,-1
 thomasrodney@giles-hunter.co.uk,-1
erich@ryan.name,1
angelaschroeder@cervantes..com..au,-1
heather86@chenedu,-1
kirk09@hernandez.edu,1
willisrebecca*@weber-fisher.net,-1
christina92miller.blog,-1
christopherkim+news @ gates.com.au,-1
fischerbrian@lam..info,-1
tara31@pennington.net,1
debbieblake@silva-phelps.blog,1
jamesjohnsongreer-white.org,-1
jennifersimon@cruz-floyd.org,1
heatherjackson@richards.org,1
kimberly96byrd-reynolds.io,-1
clarkjonathan@lawrence.co,1
ywilson@sullivan..com..au,-1
ftaylor@joseph-cox.agency,1
 erikapatel@mccoy.ai,-1
mandersen@@powell.ai,-1
clinton86@watts.io,1
omcdaniel+news@lloyd.ai,1
bakerbrittany@taylor-powell.co.uk,1
fergusonkatherine @ garcia-chang.net,-1
armstrongjoshua@long-ayala.info,1
nathan55+news@hayes.blog,1
xgriffin@carson.org,1
 evelynherman@gonzalez.com,-1
rcastromurphy.agency,-1
bhurley@king-estrada.me,1
hchavez+newsgill.net,-1
schultzrebecca@davidson-simmons.co.uk,1
james98@duncan.info,1
evan41@wood-wallace.name,1
darmstrong@klein.agency,1
robin06 @ hess-washington.co.uk,-1
sdaniels@luna..edu,-1
alanburkewatson.agency,-1
douglaskelly@floyd-hernandez.name,1
pwilliams*@noble-gordon.name,-1
perrycarla@mitchell.org,1
wrightrobin@hicks-allen.edu,1
 dbrown@pennington.org,-1
johnsonvincent@@jacobson.org,-1
dawsoncindy@rich..me,-1
 kevin55@nguyen.me,-1
rthomas@white.agency,1
justin81@bates.name,1
pkim@burke-neal.edu,1
robert75+news@nguyen.co,1
ashleyhoward @ ross-king.name,-1
nunezandre@frederick.name,1
kristina53@williams.co,1
dlopez@taylor.ai,1
ngordon@reese.co,1
alexalara@johnson.com,1
carlos66 @ proctor.io,-1
ryan48@@petersen-boone.info,-1
christiansmith@bishop-buckley.info,1
stephanie04@snyder.name,1
cainmelinda@anderson-lewis.name,1
 eramirez@crawford.io,-1
veronica25@@rodriguez-collins.me,-1
derrick69@aguilar.agency,1
steven79*@ellis-white.blog,-1
clinealec@colon-espinoza.com.au,1
dylan60@ruiz.co,1
laurareid+news@lam..blog,-1
michaelsmith@acosta.com,1
 dalemercer@hart-ferguson.edu,-1
ruizerika@hernandez.name,1
 inelson@morales.name,-1
danaanderson@davila.me,1
christinebrown@hamilton-lang.io,1
thomasrodney+news@moore.ai,1
lawrence43@ochoa.info,1
jeffrey50@wagner-bankswiki,-1
kathleen23+news@james-owens.net,1
lgomez*@shepherd-cain.wiki,-1
james02 @ walker-fernandez.me,-1
smithtamara@brown.co.uk,1
foxcarlos@allen..me,-1
ibrown@thomas.org,1
mcarter@becker-hanson.edu,1
joshua79spears-flores.wiki,-1
xaviermartinez@mcconnellagency,-1
aclark@@gonzales-kelley.agency,-1
valdezjamie@bowers.com,1
connie56@mooney.me,1
gregorycarrie*@hughes.edu,-1
ehodge@gutierrez-harris..org,-1
curtiskristin@stoutio,-1
joseph43@cunningham..name,-1
gail54@robertson.org,1
william90*@phelps-garcia.com.au,-1
benjamincooley@lynch.net,1
philip59+news@vega..name,-1
eboyd@montgomery-lee.net,1
jill39@shelton.edu,1
 catherine82@perkins.org,-1
ovillegas@dougherty-moore.edu,1
estradastephanie*@wilson.net,-1
uoliverdixon-price.agency,-1
andersonlaura*@leblanc-phillips.name,-1
austinwhite@woods.name,1
ebrown@harrison.agency,1
lisa34@stokes.info,1
pmathews+newslee.co,-1
kberry@phillips-lawson.wiki,1
kathleenyoung@clarke.com.au,1
eric56@@english-smith.co.uk,-1
jonathonwilson+news@wagner-torres.org,1
davistina@smith-hoffman.info,1
williamslauren@taylor.blog,1
alexanderrice@baker.net,1
lpalmer@copeland.info,1
ywilliams@bridges-miller.me,1
mario50@wheeler-morales..org,-1
johnwillis@frederick-carroll.com,1
michelle54@mcdowell.agency,1
nancy46@parks.com.au,1
turnerrobert@lopez-hogan.co.uk,1
ugreen@graham.agency,1
hvalenciarichardson.me,-1
barbaraperkins*@wilson.name,-1
billysmith @ price-montoya.me,-1
hrobinson@nichols-jacksonai,-1
olsonthomas@smith.co,1
hpatterson @ bautista.me,-1
wgrimes*@hughes.name,-1
david20@moore.name,1
woodardrobert@allenagency,-1
susanmack@tyler.com.au,1
sward @ odom.ai,-1
wallacebrett@evans..info,-1
 bford@davis-stark.ai,-1
jonathan81@yates.agency,1
karencantu@robertson.blog,1
ycopeland@ibarra.me,1
pamelaowens@simon.agency,1
antoniomiller@moreno.name,1
davidcooley@clay.com,1
walkerrachellee.edu,-1
ohopkins@gomez.io,1
jenniferfischer@long.me,1
robertkellysalazar.agency,-1
allenhannah@saunders-gatesinfo,-1
markowens*@page.com.au,-1
johnsonjason+news@cooper-jones.wiki,1
lorrainetate+news@obrien.com,1
padilladaniel@turner-jimenez..net,-1
 hollyfox@waller.wiki,-1
jgriffin@watts-jordan.com.au,1
justinjones@ray.agency,1
vwoodard@lopezcomau,-1
carterjeff+newshayes.com,-1
wcabrera@marshall-gomez.com.au,1
chanrobert@gibson.com.au,1
stephaniewagner@anderson.org,1
cdeleon@garcia.co.uk,1
lisamiller@klein..co..uk,-1
migueldavis@terrell.ai,1
wandrews @ huynh.edu,-1
stephanie64@reeves..co..uk,-1
cisnerosdavid@gaines.wiki,1
lauren69gutierrez.me,-1
perezdarrell@krause.name,1
rodriguezcatherine@gray-hood.ai,1
djones+news@smith.co.uk,1
thomasbrian @ jones.name,-1
moraleschristopher*@mitchell.io,-1
jenniferhamiltonjohnson-hernandez.com.au,-1
christopher40+news*@price.me,-1
butlertaylor@webster..net,-1
williamsonstacy@freeman-gonzalez.com,1
shepherdrobert@salazar.com.au,1
james83@sandoval.ai,1
sarah57@giles.info,1
sonya49@@vasquez.info,-1
xdunn@hall.info,1
jacoblucero@barnes..ai,-1
anthonylara@pearson-simmons.name,1
griffithlaura@becker-dean.agency,1
esanchezsmith.io,-1
 rothjohn@ward.edu,-1
rjones@ritter..com..au,-1
jennifer93@turner.info,1
michael82*@michael-moss.me,-1
ryan11@gilbert..io,-1
william55@mason.ai,1
hcurry @ kidd.info,-1
caroline26@james.org,1
pottsstephanie@reyes.co,1
salazarandre@morgan.io,1
ashleyhendrixmiller.io,-1
hannah71@robinson.co.uk,1
kathleenlivingston @ sweeney.co.uk,-1
kellysheilakeller-chase.org,-1
marie42*@brown-hall.info,-1
 robert16@evans.wiki,-1
xconley*@garcia.co,-1
gregory53@perryco,-1
sbowman@golden.co.uk,1
tmurray+news@galloway..org,-1
richardhood @ robinson-braun.blog,-1
wallacesuzanne@@cole.me,-1
larsonvirginia+news@morrow.net,1
brandyfrost@vasquez.io,1
tammybernard@martinagency,-1
turneranne@hall.co.uk,1
ashley28@@gonzalez-williams.co,-1
tonya59@sanchez-smithcom,-1
laura68@reed-cole.me,1
agiles@shields.ai,1
stokesmark@mezacomau,-1
roberto47*@young.com.au,-1
mporter@@burgess.edu,-1
gpotts@monroe.ai,1
skinnercarla@malone-lewis.agency,1
hernandezomar @ ward.info,-1
leonardwillis@@owens.wiki,-1
lindseyhines@williamson-burns.wiki,1
derrick01wallace-barr.wiki,-1
mendozajennifer+news@kelly-johnson.com,1
anthonyrodriguezpaul.io,-1
juliahamiltonhoffman.com.au,-1
danny90@king..edu,-1
xhancock@stevensonwiki,-1
hughesanthony @ mcdowell.org,-1
mark75@ryan-velazquez.info,1
smithashley@@reeves.co,-1
rachel16@richards.co.uk,1
mbernardthomas.blog,-1
daniel80@sharp-kimname,-1
mitchellnicholas@larsen.org,1
 swilliams@bennett.org,-1
rmcneil@@smith.info,-1
jenningsmatthew@ingram.info,1
claykayla@henson.net,1
obailey@ortiz-taylorname,-1
hollyscott @ powers.name,-1
lsmith @ brewer-lin.name,-1
aaron47@kline-vaughn.agency,1
qjohnson@johnston.io,1
haynesgeoffrey@freeman-reyes.com,1
wmedina+news@johnson-wellscom,-1
victor56@knight.co,1
xhughes@nichols-moore.com.au,1
llong@hernandez-taylor.wiki,1
smithashley*@matthews.info,-1
smcpherson@bailey-wagner.name,1
hthompson@payne.name,1
vclark@hammond-hickman.me,1
randallnavarro@jordan-williams.name,1
mcdanielmonica+news@cohen-johnson.info,1
ryanelliott@andrade.edu,1
ashley69@nunez.co.uk,1
gentrycassidy @ contreras.edu,-1
jkennedy+news@jones-zimmermaninfo,-1
fordjames@miller.edu,1
lee48taylor-simmons.com,-1
amandachavez@terry.io,1
angela58+news@brown-skinner.net,1
jenniferhall+news@gallagher-brooks.co,1
sbryant@@baker-blanchard.wiki,-1
ashleynorris @ hernandez.co,-1
jwilliamsbrewer.io,-1
james39@perkins-taylor.name,1
christopher40*@burke-burnett.com,-1
jessica56+news@lloyd.blog,1
sanchezluis+news@lamb.me,1
denisewood@elliott.agency,1
paulcarter@young-guerrero..io,-1
gchambers+news @ howard.name,-1
robertschmidt@wiley-swanson.edu,1
wilcoxmeagan@@bishop.name,-1
steve80@@tucker-vaughn.co.uk,-1
reneewilson@petersen-phillips.me,1
alexfloyd*@russell.blog,-1
nancy03@lawson.blog,1
maryphillips @ curry.org,-1
zgross@phillips..net,-1
christopher80+news@hayden.co,1
wspencerhunt-gibson.com.au,-1
ymckenzie@lopez.co.uk,1
kcarroll@roberts.com.au,1
welchlauren@walshedu,-1
nicholasdavis@powers..org,-1
bryanteric @ wilson.agency,-1
christopher44@@cook.edu,-1
albertpage@chandler.org,1
rojasgloria+news@casenet,-1
iblack@huff-sexton.io,1
tlawson@patterson.edu,1
zachary76@johnson-anderson.edu,1
bradleymichael@alexander.agency,1
jamiemclaughlin*@lee-ruiz.ai,-1
rachelbyrd@brooks.net,1
williamsryan @ anderson-floyd.ai,-1
rpark @ smith-byrd.ai,-1
scottfrank@blankenship-wright..net,-1
powerseric@vincent-fisher..ai,-1
caroline56@robertson.com.au,1
ioconnor+news@allen-lopez.me,1
walkerrussell@woods-hill.me,1
bishopstephanie*@garcia.co,-1
mendozatammy@reed.io,1
marie83@rose..com..au,-1
jharris@@williams.name,-1
reginacruz@morales..io,-1
randyball @ galvan-stephens.info,-1
daniel68*@wood.blog,-1
gmoore@johnson..net,-1
alecrios*@terrell.com,-1
toddrussell@carter-spencer.com.au,1
johnsonalexis+news@davis.org,1
sstout@hayes..co..uk,-1
potterheatherfigueroa.edu,-1
gwallace*@carrillo-lewis.info,-1
erusso@@smith-huber.name,-1
andrewjimenez@hallblog,-1
eday @ hunter-weber.net,-1
ryanrandall@@white.agency,-1
devinhoward@vega.com,1
xgonzalez+news@fullerorg,-1
ashley39+newsbeltran-phillips.io,-1
jcook@gardner..info,-1
danielle77@scott.net,1
lesliecooper@page-gordon.info,1
jerrymurphy@vega.co.uk,1
wattsthomas@torres-lucas.com.au,1
hernandeztiffany@mendoza-patrick.edu,1
roypalmer+news@price.wiki,1
thomas12@horn.com,1
hvazquez@phillips..blog,-1
thomasmichaela@richardson.io,1
rjohnson@hall-bryant.co.uk,1
fwalker+news@farley.blog,1
joangonzalez+news @ chen.wiki,-1
andrewthornton@fernandez-clark.ai,1
jacobterry@walker-ellis.io,1
zweaver @ pearson.net,-1
clarkesteve@riversai,-1
gonzalezduane@lambert..io,-1
martinezsarah@perry-garrett.info,1
xjones+news@vang.co,1
christinacarter@thomas.agency,1
edwardssandra@bowman.info,1
jeremyallen@carson-pham.co,1
tiffanytownsend@@morris.co.uk,-1
jeanjackson@fox.me,1
glennjulia@morrisedu,-1
 michelle33@norton.co.uk,-1
greenjennifer@friedman-willis.agency,1
thomashanson@garciaagency,-1
stacey72@@harris.ai,-1
cynthiapreston@curtis.info,1
dholloway @ pierce-carney.co,-1
wlong@williams.ai,1
tgriffin@thornton.co.uk,1
gholt@johnson.io,1
andersonmary@rothai,-1
kimberly76@smith.name,1
 barbara51@lynn-ferguson.me,-1
paul34@@michael-ballard.wiki,-1
jesse36@marshall..name,-1
ramirezdaniel@stevens-thompson.edu,1
tammy56@allen.me,1
zjackson@ford-campos.info,1
mike45@gonzalez.info,1
rodney15@scott-white.wiki,1
cdaniels*@rivers-hampton.net,-1
david57*@wilson.agency,-1
traceyrivera@bush.me,1
smithpaul+news*@rowland-brown.io,-1
jesseromero@rodriguez.info,1
blevinsmolly+newsgarcia-galvan.co,-1
eboyle@watts..agency,-1
michaellowe@perry-taylor.wiki,1
hblackwell@@cohen-ewing.com.au,-1
dawn47@gaines.ai,1
james46@contreras.name,1
kenneth96@dixon.co,1
barbara90@johnson.co.uk,1
carpenterjoseph@collins.net,1
lori12@williams-martinez.com,1
brandonyoung@mcfarland.blog,1
brookegreer@@gonzalez-reed.com.au,-1
audrey86@@mcguire.net,-1
holly27@bernard-lawrence..wiki,-1
jcarterle.io,-1
gutierrezemily*@todd-mcdowell.org,-1
vclements@montgomery.ai,1
donna99+news@sloan..ai,-1
kennethwilson+news@thomas-brown.info,1
jordanjonathan@page.com.au,1
qbrown@blankenship.me,1
kyleramsey@warner-hamilton..com..au,-1
 daniel35@smith.agency,-1
woodlori@mayer.name,1
johnparks@burton..agency,-1
garciamaria@johnson.net,1
dcharles@ryan-carr.wiki,1
nicolenolan+newshicks.co,-1
brookselizabeth@taylor.info,1
stevenevans@white.me,1
melissa47@jordan-vincentme,-1
sjuarez*@roman-carter.io,-1
calvin80@henry-sanchez.ai,1
leah51 @ guzman.name,-1
tamara92@cruz.com.au,1
brenda09@baileyorg,-1
wallacekimberly@murray.ai,1
daniel44@allison.me,1
smcguire@silva.io,1
kguzman@wells.name,1
robert34+news@thomas-mullen.com,1
uelliottherrera.ai,-1
melissalewis@bryant.info,1
jamesrobinson@golden-reese.blog,1
xgreer@maywiki,-1
kennethcollins @ abbott.co,-1
melindafrancis*@watson.info,-1
hayneskimberly*@obrien.io,-1
 rodriguezholly@martinez.name,-1
zavalakathleen@keith..wiki,-1
daisyhunt@sexton.co,1
jroy@davis-wright.me,1
deborahperez+news@villarreal-hawkinsedu,-1
diazmaria*@newton.ai,-1
dwhite@hale.org,1
uedwards@romero-morales.edu,1
janicestout@cannon.me,1
morgandonovan@pratt-lawrence.com,1
suzannemcdonald@@jordan-martinez.name,-1
alexwhite@mcknight.agency,1
xcline@robbins.ai,1
campbelljohn@fisher.net,1
nicolehall@mclean.com.au,1
danielmiller@rodriguez.co,1
richard93nelson.blog,-1
peter41+news@jennings-wu.co,1
james90@@wheeler.me,-1
etate@smith.co.uk,1
howardkenneth@sanchez-smith.com,1
danderson@edwards-herreraagency,-1
james41 @ bird-gardner.edu,-1
malonecarolyn+news@phillips-brown.net,1
danielhensley@alexanderedu,-1
larry99+news@carter.name,1
brittany38@chapman..com,-1
 mhanson@ryan.ai,-1
dawnjohnson@rodriguez.wiki,1
kellymichelle@brown.com.au,1
pturner@powell-wilson.io,1
natalie02@kirby-edwards.info,1
qrocha@@mckee-cooper.org,-1
iwilliams@ayala.com.au,1
penabenjamin@nguyeninfo,-1
smithteresa@hoover-smith.wiki,1
scottcynthia@holmes..org,-1
fsimmons@mullins-rogers.ai,1
andersondavid+news@williams.io,1
samantha75harris.ai,-1
fconner+news@morrison.com.au,1
 warewilliam@garcia-ramirez.ai,-1
halljonathan@sellers-brady.info,1
alyssa88@jonescom,-1
combsdouglas@howard.com,1
cristina35@larsen-williams.co,1
barbara41+news@@nguyen.edu,-1
kimberly03@hall-morrison.com.au,1
hmiller@gonzalez-casey.blog,1
mark38@jackson-hayes.info,1
wilsonapril@pittscom,-1
qmurray@mclaughlin.ai,1
jason21@spencer.ai,1
 stewartdebbie@figueroa.me,-1
jessicaford@maycom,-1
matthew43@randolph-campbell.agency,1
wstevens+newsguzman.info,-1
stephaniesmith*@norman.co.uk,-1
shane94@wallace.info,1
brandonsmith@copeland..ai,-1
 rarmstrong@chapman-jackson.co,-1
prestonbrown@reilly-decker.io,1
dennis66@gibson.edu,1
jacquelinedavis@maddox.edu,1
edwardsbrandon@smith-owensio,-1
christopher93@@jackson.net,-1
stacey17+newsmiller-garner.com,-1
donnariley@caldwell-brown.blog,1
hopkinsmarie @ odonnell-smith.info,-1
kennedyabigail+news@vance-montes.edu,1
aedwards*@cross.org,-1
vangtiffany+newsmckee.io,-1
harrisjoan@@santos-gutierrez.name,-1
zhernandez@steele.me,1
dianecrawford@nelson-gordonio,-1
sharon33@wagner.io,1
boydtimothy+news@@phillips-miller.io,-1
ydean@@collins.co.uk,-1
dmorrison@@savage.wiki,-1
aaronrose@@levine.me,-1
sherylkim@duncan.blog,1
zcampbell@bradley.com,1
james93@howard-marks.wiki,1
lindahenderson+news@griffith..co..uk,-1
oconnoralexander@ryan.co.uk,1
jenniferbaker@roman-larsoncouk,-1
carlossimpson@conner.info,1
tiffanysaunders@phillips-montgomery.ai,1
nmoss@banks.com,1
christopher57*@arnold.io,-1
fherrera@parker.agency,1
zacharymurray@gonzalez-jones.name,1
tmarshall@thomasedu,-1
hodgesjeanette@@simmons.io,-1
michellemcguire@reyes-ball.name,1
floresrobert@murraycomau,-1
 stokesvictoria@frederick.net,-1
garciajulia+news@durhamai,-1
kendrakent*@johnson.name,-1
williamsandrea@luna.co.uk,1
tina53@flores-maxwellcomau,-1
bstout@kirby..net,-1
jill63+news@fleming.com,1
peckjesus@sanders.ai,1
wscott*@griffin.agency,-1
trevorporter@dixon.info,1
sheila12@valenzuela.name,1
susan80*@davis.agency,-1
collinscharles@allen.net,1
burnettsarah@kent.io,1
 gjenkins@garner-boyd.co.uk,-1
matthew69@brady.edu,1
matthewstammie@@west-cooper.io,-1
sherrybutler@herman-gonzalezblog,-1
lozanorhonda@heath..com,-1
xhenry@campbell..org,-1
michellehunter@jones.info,1
sjones@williams-rowe.net,1
jeffreyjones@mason.org,1
gutierrezjay@rivera.com,1
mclark@burch.io,1
alexandrabrown*@moreno.com,-1
alanboone@brown.info,1
johnsonroberto@bowen.org,1
pricemarilyn@dougherty..agency,-1
brianromero@freeman.me,1
jlangthomas.com.au,-1
jaycantu @ ward-west.name,-1
gwells@green.agency,1
moniqueroberson@shelton.org,1
kathryn53@carlson-wise.info,1
zcarlson@lawrence.me,1
bsawyer+newsmay.com.au,-1
rebecca03@@lynch-atkinson.co,-1
martinchristopher*@harris-peters.blog,-1
ricejames@johnson.me,1
kellyrodriguez@morris-lewis.blog,1
gdorsey@torres.io,1
amandastewart+news@phillips-adkins.org,1
huntlisa+news@johnson-tate.info,1
rclarke@smith-smith.agency,1
brandi32@gonzalez-andrade.net,1
sarah09@foley.net,1
robertallen@anderson.com.au,1
rubiowanda@nelson.blog,1
richardsterri@smith.org,1
melissa95@smith.wiki,1
ureed@shelton.edu,1
jonesrichard@cook.org,1
jordan73@@ward.blog,-1
ryannoble@ruiz..me,-1
johnclark@lewis..co,-1
smithbianca@wheeler.org,1
troyandrews@morrison-hicks.com,1
bentleychad@young.co,1
royjohnson@weber.edu,1
annettemurphy@ashley-lane.io,1
owensmario@lutz-butler.edu,1
hgray@petty-houstonorg,-1
lisagarcia@barber.com.au,1
hughesaaron@butlerco,-1
amandamanning @ meza.com.au,-1
nicholas78@webb-griffin.me,1
savannahgonzalez@chung.agency,1
millercaleb@morton.info,1
paula43@@carr.io,-1
burnsjason@lam.ai,1
chad38@gonzalez.co,1
fernandezronald@barnes.me,1
everettjames@fisher-marshall.com,1
daniel79@guerra.edu,1
jacobsavage@murray-thompson..co..uk,-1
david03 @ wilkinson-cole.org,-1
griffithsarah @ mckee.agency,-1
aaronwiggins@meadows-flynn.blog,1
phillip76@beasley-jones.org,1
michaellong+newsbrooks.com,-1
regina62*@gonzalez.info,-1
wilsonnicole@price-baker.co.uk,1
stevenschristophermejia.org,-1
nicholashallhughes.agency,-1
dillonpeter@campos-simpson.org,1
justin42@price.ai,1
timothy43@cortez.co,1
michaelbell@williamsai,-1
adamsryan @ gutierrez.name,-1
cartercharles+news@obrien-smith.com.au,1
 kevinweaver@mclaughlin.blog,-1
philip07@pughme,-1
palmerryan@@hickman.info,-1
iwright@cole.com,1
snydercynthia+news@garrett-alvarez.io,1
xsharp*@cooper-glass.co.uk,-1
susan78@rivera.co,1
gregorywang*@smith-hansen.com.au,-1
uloganreeves.info,-1
molly10*@gonzalez.wiki,-1
dlindsey@hartco,-1
robert76@@woodard-stanley.ai,-1
victor59@guerrero.info,1
 sandrarobles@vargas.edu,-1
hillerik*@garcia.co,-1
danaross@sutton-adams.com.au,1
obuchananthompson.org,-1
harold89@mckay.co.uk,1
lorrainelandry@erickson-mayer.info,1
lambertmitchell@rodriguezco,-1
 harrisondavid@hodges.org,-1
ryan59@hurst..me,-1
amyrice*@scott.wiki,-1
 brucehester@tran.net,-1
 kwilliams@berry.co,-1
nancygarcia@lawrence-ruiz.co.uk,1
pramos@wu-henry.net,1
robert05@jordan-taylor..io,-1
weeksrichard@@mosley.org,-1
goodmandouglas+news@knight-medina.me,1
 bcross@jensen.net,-1
cnguyen@ford.org,1
zjohnson@deckeragency,-1
darren87+news@jones-glover.me,1
elizabethdavis@palmer..org,-1
charles78@williams-stokes.wiki,1
curtistoddallen.com.au,-1
nallen@@white-dougherty.org,-1
pperez@@jordan.co.uk,-1
hicksbarbara@webb.ai,1
blackmary@wood.io,1
matthewlynch@anderson-ryan.co,1
zachary31+news@colemanai,-1
salazardawn+news@harris.agency,1
amorgan@thomas-shah..agency,-1
sharon75@mcintosh-jennings.info,1
joel91@hill.com.au,1
bwilliams@russo.com.au,1
thomas09parsons.co,-1
 ybruce@molina.agency,-1
blackwelljennifer*@blanchard.edu,-1
 hilltimothy@zimmerman-walker.wiki,-1
xlewis@brown.ai,1
walkerjuan@fox-matthews.co.uk,1
steven48@malone.me,1
sullivanbenjamin@elliott-chambers.com,1
jaylewis@collins-thompson.co,1
spencerdominguez@maldonado.co.uk,1
gardnerbryan@longio,-1
justincardenas*@rodriguez-zimmerman.com,-1
bowendean@english.blog,1
stephanie47*@austin.org,-1
graymichael@@eaton.wiki,-1
crystal33@perez.edu,1
icooper@bradford-thomas.co,1
johnfrench@pace.wiki,1
kcurtis*@pacheco-davis.ai,-1
marcusvega@walker..blog,-1
meredithjohnson@solis.com.au,1
linda00@martin.name,1
petersstacy@bass..co..uk,-1
michaelsuarez@@williams.co,-1
sean30@patterson.ai,1
 durantracy+news@allen-santos.wiki,-1
aaron21hall.info,-1
eduardo54@ali-hart.net,1
joshuahart@powell-pitts.agency,1
amandafitzpatrick@jensen.blog,1
bmillerhernandez.org,-1
 georgemarshall@russo-nichols.org,-1
steelerachel @ davis.blog,-1
vwatkinssmith.co,-1
marco14@cherry-rowland.agency,1
theresa14@miller-ward.org,1
amy40@lambert.info,1
ortizmarie@palmer.org,1
 kristina00@farrell.wiki,-1
taylorlisa@holden-ramirez.net,1
rebecca83@hernandez-turnerwiki,-1
rdeleon @ cook.net,-1
thorntonanthonysmith.ai,-1
samantha56@lopez.edu,1
qsingh@roberts.net,1
cookbarbara@johnsoninfo,-1
jenniferarmstrong+news*@johnson.info,-1
lisa61@@mcpherson.blog,-1
terryjohnson@arnold.wiki,1
crystal73@kidd.co,1
emilyhernandez@stone-krause.com,1
lucasmichael @ barton.com.au,-1
reyesgarrett@norman.org,1
scott97@frey-kennedy.blog,1
matthewburnett@parksai,-1
joanbarker @ walker.name,-1
stephen81@bryant.name,1
wandersen@collins.co,1
dbell*@rogers-gonzales.com,-1
brandywatson*@evans-porter.ai,-1
vfoley@@mcdaniel.ai,-1
cwilsonlong.com,-1
elizabethalvarez@@pitts-cooper.com.au,-1
gallagherandrew+news@cook..blog,-1
porteralyssa@walsh.ai,1
patrick76@hernandez.me,1
nrodriguez@reynolds-dunn..edu,-1
johnsonshelly*@sanders.io,-1
gilmoremary+news@rodriguez-gomez.com,1
jackson18hansen-gonzales.blog,-1
shelbygreer@baker.wiki,1
joseph56@coleman-wells.org,1
jason26@allen.info,1
justin18@stevenson.co,1
nicole11+news @ perkins.ai,-1
ucopeland+news@holloway.com.au,1
cruiz+news @ myers-sanchez.wiki,-1
ncooperlang-cabrera.com.au,-1
michellefitzpatrick@evans.co.uk,1
nicolas28*@jones-martin.co.uk,-1
tina65@davis.org,1
martinezbethany@harrison-black.com,1
drusso*@smith.ai,-1
fschmidt@rogers-walter.name,1
nthomas@holland-clark.blog,1
yolandawilliams@@morse-good.info,-1
james40@woodward-franco.io,1
jjohnson@davis-rivera.org,1
fskinner@loganio,-1
teresa13*@edwards.wiki,-1
karenduke*@rodriguez-waters.info,-1
johnsonjamie@lewis..co,-1
chelsea17 @ thomas.com,-1
christinamason+news@duncan-alvarez.org,1
sheltonchristopher*@alvarez-cross.ai,-1
wmorales @ macdonald.net,-1
markbyrd@scott-obriencomau,-1
floresjennifer@romero.com.au,1
karenschmitt@mason-holmes.com,1
fischercrystal@lewis.agency,1
markshaffer+news @ williams.edu,-1
esmall@cook.info,1
gonzalezalexis@@lowery.wiki,-1
marcus50@campbell.com.au,1
kjones@murphy-cross.co,1
heathcarol@vazquez.agency,1
pedwards@mclean-moran.name,1
mahoneyamberrosales.org,-1
nicholasthomas@hicksinfo,-1
qtran@elliott.io,1
adamsstephen@lopez-miller.me,1
ricardowilliamswalker-moreno.me,-1
fuentesjeremy@christian-owens.info,1
freemanvalerie@elliottinfo,-1
ejohnson@johnson.com.au,1
joneshannah@harvey.ai,1
sheltonjenny@harper.com.au,1
 stacywatson@patterson.info,-1
diazdavid@jones.blog,1
craigmargaret@carter.blog,1
blackwellashley@sandoval.com,1
ebradshaw@doyle.blog,1
hansenzoe@moreno-juarezedu,-1
meganjohnson*@huffman-spence.com.au,-1
stewartmatthew@white-harris.net,1
daviswilliam@taylor.com,1
timothy44@johnson.info,1
steve31@keith-heath.io,1
waltersbobby@rodriguez.info,1
scottsara+news@rubio.edu,1
charlesrichard @ hawkins.com,-1
brittany37@arnold..co..uk,-1
tyler27@parker..net,-1
karenharris@ferguson.agency,1
bryanmiddleton@may.name,1
wcochran@rodriguez-spears..info,-1
ojohnson@bailey-logan.com,1
kristen20@williams.info,1
uclark@long.me,1
john22@hernandez..org,-1
 vlawrence@spears.org,-1
jramos@hicks.edu,1
nicholsstephen@sanchez-wade.agency,1
sloanmegan@henderson-williams.me,1
samuelolsen+news@rice-schmidt.ai,1
hillterrence@mitchell-gomezorg,-1
singletonmichelle@@brock-mooney.io,-1
dharris@white-schmidt.co.uk,1
willisjoseph@brooks.wiki,1
jonesjacob @ wise.com,-1
sandra65@weber.com,1
charleslambert@parker-reeves.com,1
nhaynes@hoffman-garcia.ai,1
gary83@porter..name,-1
jacquelineclark@flores.org,1
molinaadam*@mayer.co,-1
millermichael@schmidt-calhoun.edu,1
moorecatherine@perez.ai,1
sherrydavenport@wright.agency,1
lisa58@@curtis.name,-1
kathrynmartinez@@phillips-franklin.blog,-1
 burnettrandall@griffith-randall.agency,-1
heatherfernandez@jonesorg,-1
scott80@walton-cook.co,1
ericmorrow@mitchell.io,1
sharon42@@butler.agency,-1
qmillspena.agency,-1
martinnicole@singh-mack..co..uk,-1
rbrown@@pugh.com,-1
alexander54@mooreinfo,-1
qfoleylynn.wiki,-1
xbutler@johnsoncom,-1
muellervictoria@lee.com.au,1
daniel29+news @ thomas.io,-1
tbryant@vance.org,1
jamesmorse@guerrero.co.uk,1
mmurray@holmes.name,1
lchavez@smith.me,1
denisearias@thomas-salas.wiki,1
kimberly75@perez.info,1
joshuamartin@williams.net,1
progers@clarkedu,-1
 parksellen@robinson-hull.io,-1
annettewallace@king..me,-1
hsmith@hardy.co,1
walkerlindsey@thomas.name,1
 kaiserdanielle@ochoa.net,-1
pamela99@allen.wiki,1
janetmitchell*@harris-holland.wiki,-1
vanessa00@stone-yuname,-1
shirley62graham.co.uk,-1
klowe@carson-rodriguez.blog,1
chadsmith@phillips.agency,1
daygregory@harrisonme,-1
jeremiahsanders@@owens.blog,-1
vanessa74+news@@wilson-cooper.wiki,-1
nathan96@gilmore-curtis.co.uk,1
ramirezamy@smith-smith.com,1
piercefrank@@valenzuela.me,-1
qbradley@orozco.ai,1
 millerfernando@martin.info,-1
duncanheather@hicks-craig.me,1
lcollins@williamsnet,-1
bentonjeffrey @ munoz-russell.wiki,-1
amy42+news@cervantes.com,1
phillipskari@brown..org,-1
stephaniebaker@sparks.com.au,1
sandrarocha@nelsonai,-1
elowechavez-bass.info,-1
dustinmartinez@webb-booth.wiki,1
lisa54@owens.wiki,1
jessicapierce @ lindsey-harper.com.au,-1
tfloyd@davis.name,1
wilsonlouis*@gray.co,-1
mhamilton+news@wilcoxinfo,-1
susan39@martinez-hall.agency,1
 jfields@curtis-vazquez.co.uk,-1
kevin96@park.com,1
oreed @ smith.ai,-1
wesleyfleming@fox.org,1
lhenry+news@cross-garcia.info,1
 lynnmitchell@cox.org,-1
suarezlauren*@watson-matthews.wiki,-1
 zachary90@thompson.name,-1
hamiltonshannon+news@elliott.me,1
chelsey90@nichols.co.uk,1
jamesvalenzuela @ zimmerman.agency,-1
johnhowell@wilkerson-weaver..wiki,-1
willie52@conway.blog,1
blankenshipdeborah@young.me,1
garzamatthew+news@vargas.ai,1
vvargas@carey-howard.edu,1
nicholasarias@@costa-gardner.blog,-1
noah15*@frost.blog,-1
boydjonathan@mcguire..com..au,-1
timothytaylor@gaines.com.au,1
woodadam@benson.com.au,1
joycebrown@hill.net,1
williamspatrick @ shepherd.name,-1
arhodes@cooley.wiki,1
 jasonrichardson@lopez.co,-1
ginakim*@morales.edu,-1
gonzalezkaitlyn@cabrera-mcintosh.com,1
cunninghamjessica@buck-griffin.com,1
johnsonwalter@stanley-houston.io,1
adamsdaniel*@shepard.io,-1
devin96@@smith.ai,-1
julie50hernandez.io,-1
wgonzalez@edwardscouk,-1
cunninghammelissa+news@macias.net,1
emilygallegos @ sanchez.com.au,-1
natasha52@garcia-gibbs..blog,-1
daviscarla@thompson-pricecomau,-1
rjames+news*@hobbs.info,-1
oliverlorraine@brown-mcmahon.com,1
aguilarmary@wheeler-ramirez..co..uk,-1
fpatrick@@smith.name,-1
vthomas@@hall.me,-1
michaelmoreno@wright.name,1
williamsmary*@herring.agency,-1
martinezann@dunn-phillips..net,-1
 qbrooks+news@smith.co,-1
victor99pena-martin.me,-1
josephpena @ farley.co,-1
rhammond@@ramirez.co,-1
 hahnconnor@wright.name,-1
humphreyrobert @ hoffman.io,-1
plandry@salas-bridgesinfo,-1
timothy85@richmond-meyer.info,1
mary10+news@gay-adkins.com,1
bowmantanya+news@green-jones.me,1
donaldbarnes@edwards-cohen.blog,1
tina60@cunningham.name,1
vanessa87@duncan.com.au,1
rebekahlawrence@davenport.net,1
karencole@hartman.co,1
bradleyjohnmann-smith.ai,-1
jacobmcdonald@walker..edu,-1
tylergray+news@harris.co.uk,1
markgarcia@robinson.agency,1
 juanbarnes@pope.io,-1
burtonsarah+news@summers.com.au,1
rebeccahenry@@turner.info,-1
bethany74@davis-bell.edu,1
jerryrobinson@may-hartedu,-1
alison57*@brown-wilson.co,-1
ryan16@gutierrez-gibson.net,1
kellybarnes@humphrey-jordan.info,1
paul24@donovan-sparks.com,1
jbradymcdonald.com,-1
mtapia@vega-lee.com,1
jacobhobbs+news@williams-garcia.name,1
jjennings*@grant.org,-1
kellyperrymartin-nelson.me,-1
jerry61@young.me,1
hhill*@rice.com.au,-1
 lynnhall@ruiz.name,-1
cindyelliott@harris.name,1
gaypeter@vargas-baldwin.ai,1
samanthalowery@@miller.me,-1
usmith @ ray.wiki,-1
joseph41@@espinoza-stanton.com.au,-1
hayesjohnwiley-moreno.me,-1
kyle43*@hernandez.co,-1
hendersondanny @ anderson-harris.net,-1
christophermyers@irwin-walters.com.au,1
lsmith+news@russo.info,1
seansoto@@allen.agency,-1
frank69smith.wiki,-1
gpowers@mathisio,-1
brittany47@@brown.edu,-1
vboyer@@kelly-garza.co.uk,-1
 kware@phillips-ortiz.agency,-1
lisajenkins@ray.co.uk,1
samantha73@warner.info,1
kingjeremy@henderson-powell.net,1
cfleming+news@rhodes-rivera.edu,1
wdiaz@hess-jones..net,-1
davidthompson@david.ai,1
karen18boone.ai,-1
hornsamuel@mckinney-dyeragency,-1
felliott@@west.com,-1
 saramyers@sheppard.blog,-1
maxwellmatthew@jones.agency,1
austinangela@price-gomez..org,-1
avilaedwin@wright.ai,1
vmaldonado@grant-powellio,-1
jennifercrawford@@medina.com.au,-1
patrickmaldonado@brown-walsh.co.uk,1
benjaminle@campbell.ai,1
trussell@phillips.name,1
charlesgarrett+news@@lucas-weber.edu,-1
michaelwatson @ stephens.com,-1
lawsonjoseph@@walker.com.au,-1
ybarnes*@jackson.io,-1
ricklong@kent.agency,1
stephen61@watkins.wiki,1
jillhill*@summers.edu,-1
 nhall@green-robinson.edu,-1
lindsaymiller*@bradshaw.co.uk,-1
chambersmichael@wright..co..uk,-1
tanya96@klein.info,1
kcruz@king-gillespie..blog,-1
krodriguez@curtis.wiki,1
zachary87@cisneros.co,1
smithamber@donaldsonnet,-1
wandacampbellmoore-powell.agency,-1
dstewart@@forbes.blog,-1
diane14@noble.co.uk,1
katelyncooke@brandt.net,1
jamesluke@garza.blog,1
richardrichardson@gomez.agency,1
sandra75@weber..org,-1
coopernicole@davis.agency,1
 edavis@rogers.name,-1
 inelson+news@green.co,-1
kwilson@whitewiki,-1
tonya59rosales.co,-1
jacksonrichard@mcdonald-dominguez.blog,1
darrencole+news@allen-miller.com,1
gkelley@mills..io,-1
christopherhill@dennis.net,1
rachelhorn@kaiser.com,1
crystallopezrichardson.org,-1
barbara97@jimenez-kirkinfo,-1
karenflores@brownco,-1
hgarcia@freeman-davis.blog,1
mark28@@rodriguez.io,-1
ncrane@estrada.wiki,1
millsreginald@cox.agency,1
kimberlyrogers@berry-gray.com.au,1
michaellandry*@mcgee.name,-1
mcmillanchristine@thomas.ai,1
danrobbins@mills-cochran.co,1
 otravis@mack-rodriguez.me,-1
colewendy@anderson.co,1
austin11@navarro.info,1
espinozamatthew@duffy.co.uk,1
shirley80*@garrett.agency,-1
ksalas@weaver-santiago.me,1
 sheryl27@jones-jones.io,-1
hollandbryan@newman-brown.agency,1
lriley@underwood.agency,1
hallchristopher@johnson.wiki,1
elizabeth55@graham-kim.info,1
joedavies@carter.org,1
 jamesanderson@hansen.co.uk,-1
gkennedy@@bradley.org,-1
karen86+news@nortonio,-1
acampbell@davis-conleyio,-1
hburton@@harris.org,-1
rasmussenvincent@welch.net,1
 cwood@weber-drake.co,-1
josephalvarezcampbell.blog,-1
munozrobert@navarro..com..au,-1
alexisyu@hatfield-washington.co,1
peter06@bond.agency,1
randalllee*@francis.com,-1
codyoneill@lowery.com.au,1
suzanne91*@watts-roberts.info,-1
hailey45 @ flores.agency,-1
 garrettrivera@white-walker.co,-1
cody22@mayo.wiki,1
sanfordamanda@flores.name,1
sdickerson@@mckenzie.edu,-1
rweaver@cooperorg,-1
brian04@ferrell.net,1
plynch @ huang.agency,-1
guycarterhuerta.co.uk,-1
austinmonroehanna-holder.ai,-1
millerrobin@barker-newman.info,1
lauren44@jenkins.wiki,1
 sramsey@hammond.wiki,-1
laura04 @ hicks-long.blog,-1
plopez+news @ booker.agency,-1
mitchellperry+news@cox-smith.edu,1
hoffmanjonathan+news@jones.org,1
parsonsjennifer@harding-woods.ai,1
russellnatalie@stewart.ai,1
richardmeredith+newspatel-hughes.co.uk,-1
 destinyreyes@eaton.co,-1
sdonaldson@wells.co.uk,1
dburns@@austin.me,-1
misty82@barker.co.uk,1
davisjenna@gutierrez-jones.agency,1
swyatt*@hamilton.me,-1
lyoung@hart.com,1
smithheather@hill.blog,1
danielgross@johnson.blog,1
jensenelizabethbrooks-caldwell.ai,-1
robertspatriciaduncan-jacobson.net,-1
carlsoncalvin+news@pitts.info,1
yjohnson@@hebert.info,-1
kellymary@villa-miller.name,1
jennifermunoz@wood-pope.net,1
gallegosmelissa+news@freeman-flores.org,1
anthonyterry@pierce.agency,1
jeanne41norris.blog,-1
scottjohn@henderson-briggscom,-1
jennifer31@brock-bell.blog,1
kurt39@mason.com,1
clarkcatherine@miller-kennedyco,-1
laurie48@collins.name,1
jeffrey30mcintosh-davis.net,-1
oconnelljennifer+news@miller-weeksorg,-1
vsmith@thomas.info,1
kleincynthia@hernandez.com.au,1
 shawtimothy@sherman.io,-1
kalvaradopowell.edu,-1
underwoodsherri+news@west-price.com,1
erikhenson+news@george.ai,1
ztorres+news*@hogan-shepherd.me,-1
monicakeller@shah.org,1
kadams@austin..com..au,-1
hendersonpaige@johnson-roy.net,1
reynoldsdonna@bender.me,1
hogansarahrobertson.me,-1
lisalamb@pratt.net,1
kellyprice@brooks-meyer.net,1
laura05blanchard.com.au,-1
 tammy08+news@russell-levine.com.au,-1
zhoffman+news@gonzalez-reese.ai,1
 samantha03@walters.net,-1
bmccarty@mullins-shaw.ai,1
vkelley @ cortez-galloway.blog,-1
donald33+news@everett..co..uk,-1
thomasbeverly@tran.wiki,1
zashley@carrillo.org,1
susan62@hill-huff..com..au,-1
greenebrandonsmith.info,-1
rodriguezaarondecker-ingram.me,-1
melissa01@ortiz-fernandez.com,1
jschultz@sheppard.co,1
riosdavid@nunez.net,1
scain@foley.io,1
amanda10*@farley.co.uk,-1
allenmeredith@jonesai,-1
sharon60@wilson-fernandez.co,1
lindsay69@hall.blog,1
who @ steele-mckenzie.com.au,-1
joshua38weaver.net,-1
umueller@@foley-smith.io,-1
kdougherty@@mckinney.agency,-1
nicholascharles+news@hubbard.com,1
jason08li.com,-1
thorntonchris*@king.ai,-1
stephanie60@russome,-1
penajuan*@watkins.co.uk,-1
jaclyn66+news@cochran.io,1
hernandezyolanda*@montgomery-clark.org,-1
john42@adams.info,1
bmcclure@rodriguez.co,1
merrittmichael@lambert.co,1
nmontes+newshaynes.co,-1
andrea44+news@osborne-black.wiki,1
 nbeasley+news@oliver.name,-1
jerryjordan @ higgins-calderon.org,-1
hannahjohnson*@rodriguez.me,-1
gmorris@brown-palmer.agency,1
armstrongjoseph@brown-williams.ai,1
waltonlindseycoleman.me,-1
felicia95*@moody.blog,-1
anthonylewis@frank.com.au,1
debbie59@smith-rodriguez.agency,1
loriknox@rossnet,-1
kyle98@serrano-payneai,-1
rebecca22@@smith-stevenson.ai,-1
jennifer55@brooks.info,1
williamjimenez@logan.info,1
martinezemily*@greer.com,-1
robert04@patrick-leblanc.co.uk,1
torresdavid@hall..com,-1
colonsandramcmahon.blog,-1
 tylerjohnson@thomas-wood.ai,-1
droberts@@nichols-english.com.au,-1
gonzaleskevin@kirby.co,1
james69+news@moore-gardner.blog,1
estradaandrew@lee-morris.edu,1
jgonzalez@flores.agency,1
cgonzalez@clarkename,-1
gabrielleboyd@fitzgerald.blog,1
 michelle48@stevenson.co,-1
nalexanderdixon.com,-1
oliverbradley@huang-gonzalez.ai,1
gallaghernancy@hill-perkins.net,1
xcastro@harvey-garrett.info,1
gdavis+news@jonesblog,-1
marcus01@rodriguez-williamson..io,-1
ssanchez@hernandez.name,1
alexanderlee@davis.net,1
longdavid@walker-york.wiki,1
imiller@owens-fleming.wiki,1
tbanks+news@thompson.agency,1
david55@flores.co,1
pittmanpatrick@alvarez-skinner.net,1
hannah28@brown-phillips.org,1
bho@@rodriguez.com.au,-1
hortonkimberly*@barnes.co,-1
 amy62@flowers.com,-1
cynthia01@burton..blog,-1
 steven79@vazquez.info,-1
bcampbell@burtonname,-1
ewright*@harris.wiki,-1
bryansullivan@hernandez-soto.edu,1
mholt*@blair-carter.agency,-1
elizabethcline@nichols-murphy.co.uk,1
laurenthomas@calderon.name,1
krodriguez*@davis.me,-1
zmullen @ crane-frank.name,-1
jenniferwest@suarez..blog,-1
flemingdoris@burnett.net,1
lfuentes@cummings..com,-1
xhoward@mccann-ruiz.com,1
carrie81@lewis.blog,1
patellindsay+news @ sullivan.name,-1
jessica33@warner.edu,1
amanda11@li..com,-1
gileskyle*@sanders.blog,-1
goodmanjessica@green.co.uk,1
longchristian@scott.blog,1
houstonjennifer@hernandez.edu,1
kellyjones+news@ramirez.co.uk,1
lewisjeremy@villarreal-lane.com.au,1
scott01*@schneider-diaz.blog,-1
 jessemoran@hicks.ai,-1
davidrobinson@hobbs.co,1
patricksanchez@@fernandez-romero.me,-1
grayzachary@@hughes-jones.com.au,-1
stephaniejohnson@webb.co.uk,1
phillipstodd@@simmons.wiki,-1
rhodesdaniel@rodriguez-young.name,1
barbara38@cobb.info,1
matthewsmonica@haynes.com.au,1
fostermarissaellis.net,-1
paynejeffrey@adamsme,-1
maria13@vaughn.com,1
xhernandez@ortiz.agency,1
zbradshaw@williams-gardner.co,1
dramirez@french.com.au,1
epowell@morris-miller.wiki,1
walkerdeannawilliams-huerta.info,-1
katherine45wyatt-thomas.net,-1
bmartin@johnson.wiki,1
 wilsonmichael@nichols-morgan.agency,-1
jonathonmiller@oliver.com.au,1
barbara40@chan.ai,1
smithdenise@lewis..wiki,-1
brett58bowman.wiki,-1
jenkinsmichelle @ green.co,-1
ronald81@@lee-garcia.com,-1
jacksonjose+news@sanders..co..uk,-1
hughessarah@@reyes-hill.edu,-1
mcdonaldalexander@moss-collins.info,1
kaitlynvilla+news@martinez-white.net,1
tim13@alexander.edu,1
georgehicks@baker.info,1
lbender@stein-castillo.ai,1
fhowell@rogers.info,1
brewerscott@smith.com.au,1
petersendianelivingston-martinez.agency,-1
kevin71@phillips.info,1
garysmith@galvan.org,1
moorecolton@myers.co.uk,1
andersonmarcia@hicks-barnett.edu,1
nancy05+news@wright.ai,1
lauriesheppard@thomas.edu,1
vgarcia@wallace.co,1
uherrera@davis.io,1
birdjohn@nelson-cisneroscom,-1
kturner+news@james.net,1
pduarte@@wood.com.au,-1
jennifer01@clark.com.au,1
jennifer44+news@@wells-decker.co,-1
stevenjohnson@reed.blog,1
pfoster@garcia-sandoval.co,1
barberthomas@oneal.co.uk,1
chuffman@@thomas.name,-1
davisalexander*@wilson-adams.co.uk,-1
seansims@lopezedu,-1
ashley40*@hines.me,-1
zfrank@hernandez-vincent.co,1
jeremy40@conley.com.au,1
aguilarjustin@smith-ryan.agency,1
craig12@morgan..info,-1
eprice@jarvis-martinez.com.au,1
nicolefuentes@ryan-guzman.org,1
nicholsannette@frank.io,1
cmoreno@ramirez.wiki,1
alexander26@bender.net,1
 danielcooper@harrison-ball.co,-1
christopherschneider@franklin-rogers..com,-1
anthony63@carrillo-carter.co,1
nguyenrobertortega.co.uk,-1
tammy37@reed-morrow.ai,1
xoliver@rodriguez-beck.name,1
garciaedwin@sanders.co,1
mortega*@castillo-steele.org,-1
leeshawna@martin-sanchez.org,1
jacksonjaredlittle.blog,-1
qhill+news@@castillo-hardy.org,-1
 ibright@carter-stone.edu,-1
caleb61@miller.wiki,1
 lroberts@velasquez.io,-1
gberrytorres.agency,-1
zrich@dougherty.com.au,1
 jlopez@martinez.com.au,-1
ramseymegan@hull..ai,-1
amyross@dickson-murray.me,1
jacqueline47*@gibson.info,-1
scottdavidson@christian.ai,1
mwheeler@gravesinfo,-1
fmills@wilson-lewis.me,1
 uabbott@chen-carter.org,-1
coxkeith@dennisio,-1
jordandeanna@schneider.me,1
natashalamb@moreno.blog,1
 cooperelizabeth@miller.com.au,-1
maryellis@mitchell.name,1
 ydavis@davis-stevens.me,-1
bjamesadams.org,-1
brittanycoleman*@burns.ai,-1
terri24@camposai,-1
kperezestes-roy.co,-1
qcherry @ wilson-baker.edu,-1
juliejones*@taylor-fisher.info,-1
gibsonlinda@evans.agency,1
harold99@reidorg,-1
jessicawilson@young-page..me,-1
twalter@bradshaw.agency,1
michaelperez@guerrero-johnson.agency,1
jmcclure@kennedy.me,1
dickersontracy*@ray-cortez.co.uk,-1
michaelbaker@marquez.co,1
hansenpatricia+news@gill.wiki,1
michellerosales@reynoldswiki,-1
raguirre@gray.ai,1
 hardymarissa@adams-lewis.edu,-1
qhess@bell-pierce.ai,1
pollardsteven@copeland-johnson.co.uk,1
kellyscott*@schroeder.net,-1
jason20@perez-potter.net,1
yhurst@holmes-hill.wiki,1
 alexandercooper@stephens.agency,-1
moralesshaun@ramirezwiki,-1
austinhall@langwiki,-1
webermichael@david.co,1
psmith@kennedy.edu,1
mark50@henson.name,1
riverajoanna@baker.com.au,1
beckerdaniel@curryme,-1
yorkjeffrey@hays-wilson.blog,1
amber20+news@shannon-liu.edu,1
kennedykenneth*@clark.net,-1
kennedymatthew@bennett-sanchez.info,1
chapmansteven@kerr.co.uk,1
 weberdavid@king.agency,-1
wkemp@hughes.net,1
 ambergarcia@lee.blog,-1
abullock@vargas.com.au,1
jordanscott@nelson-henry.info,1
pramsey@fryeai,-1
shortterrance@taylor.ai,1
scottwright+news @ miller-brooks.blog,-1
 monica03@cook.com.au,-1
abigailortiz@@campbell.agency,-1
chaveznancy*@taylor-mejia.net,-1
christopher74 @ brewer-martin.io,-1
anna02@@snyder-wagner.ai,-1
adriennefoster@barber-montoya.com.au,1
btaylor+news@@white.blog,-1
joseph70@gonzalezblog,-1
wchambers+news*@morris.org,-1
amberevans@@contreras.ai,-1
johntownsend@nelson-allen.io,1
dosborne@walters.wiki,1
kathleenhernandez@hines.name,1
watsonsamantha*@mitchell.blog,-1
patriciagoodwin@oneal.net,1
katherinecampbell+news@clark.edu,1
wfostergreene.edu,-1
zgalvansmith-humphrey.agency,-1
tammy42@pena..edu,-1
samantha29*@anderson.blog,-1
jacksonmichael@stephens-collins..agency,-1
lori52@moorenet,-1
michaelmason@hayes.io,1
cherylgonzales@fisher.ai,1
 christopher22@hughes-rivera.co,-1
 tomspencer@shaw.blog,-1
abigail77@serranoname,-1
erica88+news@blair.co.uk,1
samuel68@@hamilton-mitchell.com.au,-1
johnnyjacobson@morales.agency,1
heidi52@@herrera.com.au,-1
josephspencerellis-nichols.edu,-1
marcuswilliams@richardsonedu,-1
saramcguire@@stark.com.au,-1
tjohnson@hensleycomau,-1
anthony14*@gay.agency,-1
joshualee@gray.net,1
deniseescobar@@byrd.co.uk,-1
mlynn@collins..name,-1
owood@bennett.org,1
malonejoseph@@richardson.blog,-1
sarahsteele*@jones-fox.co,-1
eileen20@evans.me,1
calebsmith@brown.co,1
dana82@@morgan-roberson.co.uk,-1
pbarnes@davis.net,1
sanchezwilliam@brown-baker.agency,1
robert97@guzman-watts.wiki,1
anthonycody@meadows.agency,1
jenkinsamy@joseph-moore.co,1
eday+news@jones-fowler.agency,1
bradshawwilliam@lindsey.agency,1
 taylorrachel@harris.io,-1
arthurrandolph@phillips-smithco,-1
eileengalloway@klein-kellerco,-1
victoria09@morales.wiki,1
normanbrian*@frank-bond.agency,-1
jbender@ibarra.blog,1
 gibsonstacy@johnson.io,-1
robinwilson+newssnyder-hunt.name,-1
hollyfarley@liu.io,1
royallen+news@williams.me,1
robertsjames*@reeves-bennett.me,-1
walter96+news@conrad-stewart.net,1
phillipsdanielle+news@brown.blog,1
watsonmatthew@santos.co.uk,1
uwright@simmons.wiki,1
littlekimberly@jimenez.info,1
thomasward@chambers.com.au,1
 catherinerogers@barrett.co.uk,-1
anthonycunningham@anderson.io,1
kimparks@harris.me,1
melissamontgomery*@brooks-olsen.me,-1
williamsnicole@santosco,-1
lcoleman@anderson-anthony..edu,-1
david77@smith-gravesagency,-1
espinozasandra@deleon.wiki,1
perezmaria@turner.co.uk,1
michelleparker*@brown-franco.blog,-1
 vernon92@lindsey-young.co,-1
brewermatthew@hill-rivera..com,-1
 bacosta@downs.edu,-1
shaun01@krause.name,1
janice09 @ gonzales-jones.name,-1
 yhart@blake.com,-1
chad31+news@rowland-murraycomau,-1
katkinson @ guerra-robinson.blog,-1
hmunoz+news@ellis.blog,1
debrawilliamsbailey.info,-1
hendersonjohncox-tyler.me,-1
 etaylor@martin-ward.wiki,-1
jasoncastillo@frey.net,1
johnsoncameron+news@white..blog,-1
vjones@medina..edu,-1
bryanprice @ schmitt.name,-1
david65@lynn-contreras.ai,1
donna37@@mendoza.me,-1
joseph07@bell-davis.co.uk,1
williamcharles@ruiz.org,1
thomaspaul@davies-massey.io,1
jonathancrane@garcia.info,1
 yvonne18@caldwell.name,-1
andrew43@miller.ai,1
jacksonjason@orr-johnson.io,1
mooredeanna@hardin.edu,1
josephrhodes@whitaker.info,1
benjamingregory@flores.com,1
danielsjessica@gregoryco,-1
 kaufmankathleen@johnson.ai,-1
abbottbrooke*@johnson.io,-1
 lsmith@mccoy.com,-1
lynchamanda@anderson-brown.info,1
meghanhicks*@edwards.wiki,-1
bryantgloria@williamson.co.uk,1
wilsonbryan @ logan.com.au,-1
rschmitt@garcia.ai,1
luke49@evanscom,-1
ybutler@bailey-trujillo.io,1
asantos+news@brown-hickman.com.au,1
keith13+news@schwartz-lane.net,1
mary59@morse.net,1
abaker@walters.com.au,1
vmcdonald@ramos.blog,1
usmith @ fletcher-winters.blog,-1
kathywashington@@carpenter.name,-1
derrickwhite*@lane.info,-1
christophermartinez@brown..io,-1
pamela08+news*@trujillo-garcia.edu,-1
ssalas@foster.io,1
brittanycummings+news@cole.com,1
russell24@cox-silva..com,-1
hwells+news@@luna-santos.co.uk,-1
wjimenezwalker.wiki,-1
nealkenneth@morgan.ai,1
martinjasmine@nichols.co.uk,1
robert21@marshall..wiki,-1
robert65@wilson.com.au,1
cwang+news*@johnson.org,-1
dickersonjesse@baker.org,1
morenojames@massey-foster.blog,1
karen20@ward-jacobson.net,1
eproctor@leonard-bailey.io,1
kristabrown@@choi-nichols.name,-1
zmoses*@shaw.info,-1
ryanoconnell@jackson.blog,1
james52@smith-mueller.edu,1
zmoore+news@clark.com,1
garrett63+news@fox..name,-1
gregorycarly@goodman-fernandez.co.uk,1
meghanbeasley@hernandez-stewart.me,1
benjaminreyes@chapman-bates.org,1
wphillips@mcpherson.ai,1
ann25@soto.wiki,1
nlopez@johnson.io,1
myerssharon @ mendoza-garcia.wiki,-1
andrekhan@ramos.info,1
barbara00@avila.io,1
williehill @ pham-frazier.info,-1
jacksonjessica@le.com,1
garrettjeffrey@@jones-shaw.com,-1
vdanielslee.me,-1
johnhoffman@williams.blog,1
wmiller@baker.net,1
tyler87cochran.org,-1
srodriguez+news@cardenas.info,1
john97 @ curry-moss.com.au,-1
alyssa52@chambers.info,1
 shaffererika@williams.agency,-1
davidchen @ stout.blog,-1
ygonzalez@hammond.org,1
gmarsh @ davis.edu,-1
lopeztara@thompson-smith.wiki,1
jlewiscarr.com,-1
sjohnson+news@monroe.ai,1
andrewdavis@scott-walters.co.uk,1
pburns*@harrington-smith.name,-1
tharvey+news@gilbert.com,1
chelsearomero@ball.com,1
jcarr@@thompson.wiki,-1
jason28+news@hutchinson-gonzales.com.au,1
bradycole@@jackson-powell.name,-1
christopherruiz@alvarado.info,1
kboyle@@mcbride.agency,-1
 jcarr@stuart.com.au,-1
glennhernandez@fernandez.io,1
keithkey@benjamin-carson.edu,1
amyprice@saunders.edu,1
ashleywalter @ hardy-english.co,-1
cynthiasmith@bryan-mccarthy.co.uk,1
mendezvictoria+newsbooth.ai,-1
elizabethwrighthobbs-hanson.co,-1
lauren20@farley-smith.edu,1
 uharris@lee.blog,-1
angelasingleton@watson.me,1
morgancaleb@matthewsco,-1
meganmiller@@walker-bryant.wiki,-1
patrickhoward@@rice.co.uk,-1
dylannelson*@jackson-williams.co,-1
yhansen@mcbride.co.uk,1
qbrooks@lawson-walker.agency,1
patricksolomon@@le.info,-1
sarnold@mueller.co,1
ihughes@cruz.edu,1
williamanderson@mendez.blog,1
cookkimberlycastillo-may.com.au,-1
rickywright@malone.ai,1
hlivingston@mueller.agency,1
woodjamie@mcdowell.name,1
cherylhall@hawkins-wilson.co.uk,1
angela02+news@holt-stevens.net,1
donnareeves*@stevenson-flores.name,-1
daviscrystal@@gentry.wiki,-1
gallegoscolleen@knapp.blog,1
nancyholland @ daugherty.blog,-1
jensenlinda@leon-rodriguez.io,1
andrew11+news @ lee.edu,-1
fdennis@taylorblog,-1
kevinfreeman+news@conway.io,1
austinperez@nixon.co,1
brianbarrett@jordan-frank.wiki,1
michellejohnson@@collins.name,-1
vkelly@villa-rogers.blog,1
gregoryhayes*@carlson.net,-1
hfrazier@hess.co,1
frankrobert+news@jackson.co.uk,1
medinaerik@cunningham.co,1
anthonymoore*@thompson-roth.com.au,-1
christyevans@brown..co..uk,-1
nnash @ calderon-collins.co,-1
kimberlywoods@@cabrera.ai,-1
michael57@smith-allen.net,1
xleach@@kim.com,-1
walterhernandez*@boyd.me,-1
nellison+news @ jackson-nguyen.com,-1
 lrichardson@haynes.agency,-1
knappryan@perry.com,1
tammy20@dunn..agency,-1
wellsjohngonzalez.org,-1
gregoryberry@green.com.au,1
tparker*@munoz.com,-1
erincarey@medina-simmons.net,1
othompson*@ford.com,-1
zacharyturner@thornton.io,1
underwoodjason@keith-ritter.org,1
dawnsmith+news*@harrison-bryant.org,-1
 ahurst@jordan.wiki,-1
 tuckersamantha@clark.ai,-1
zrose@@smith.com.au,-1
williamsbenjamin@clark.ai,1
bradleydavid@finley.com,1
wilsonhailey@yoder.me,1
 pmorales@jones-tran.wiki,-1
nicole93@zimmerman.ai,1
petersonbilly@hughes.io,1
julie06*@young.agency,-1
hmoore*@robinson.info,-1
hernandezamanda@howard-hallagency,-1
kenneth28@randall..wiki,-1
ashleywilliams@rojas.edu,1
melissa84+news@palmer.co,1
oaguilar@rodriguez-combs.co.uk,1
 hsloan@long-gordon.com.au,-1
shughes@benjamin..co..uk,-1
markyang@brooks-diaznet,-1
watkinsmatthew@@thomas-graves.blog,-1
sierra48@russo-richardson.ai,1
 richardshannah@rhodes.edu,-1
tiffanycannon@vasquez.io,1
odonnelljennifer@bishop.name,1
tpatrick@henderson.io,1
marissa38@smith.co,1
ywhite@simpsonio,-1
gwilliams@kelley-brown.me,1
ogallagherandrews.blog,-1
diana49@callahan.org,1
townsendmatthew@whitaker-walker.wiki,1
simsnathan@taylor.co.uk,1
vargastiffany+news@mercer.wiki,1
ginaholden @ pruitt.com,-1
smithsandra@jensen-richard.agency,1
matthewhall@@walton.net,-1
sotorobinrivera-ortiz.ai,-1
davismark@rodriguez.agency,1
 xwise@torres-anderson.wiki,-1
raymond63@castillo.info,1
travis11@durham-sanders.com,1
kyle08@marshall.org,1
hollylane*@ruiz-francis.com,-1
 robert62@watson.info,-1
pamelalambert@ferrell.net,1
 stephensaaron@walker.co.uk,-1
scott36@@knapp.co,-1
bestbrian@@thomas.io,-1
christy02*@baker.net,-1
amanda26@@roberts-collier.info,-1
ericwilcox@@may.co.uk,-1
halljohn@nelson-bates.net,1
brandonmoody+news@burnsinfo,-1
jcarpenter@leonard.blog,1
joshuajames@@shannon.net,-1
michaelshields@hobbs.org,1
scotterickson@garner-wilson.com.au,1
jesse06*@kent-ball.agency,-1
ryanwilson@franklin-smithme,-1
robertramos@cooper-davis.com.au,1
keithmartin*@escobar.blog,-1
amanda68@peters-gillespie.co,1
 mitchellkim+news@williams.edu,-1
peter42@anderson-jenkinscouk,-1
dianedavis@@howard.agency,-1
kristen39 @ willis-townsend.co.uk,-1
rangelzoe+news@glenn-washington.org,1
lindsaygriffin @ bryant.info,-1
andrew44+news@georgeagency,-1
lewisjennifer@meyer-clarke.co.uk,1
 claytonsuzanne@conner.org,-1
millerdamon@mason-rodriguez.agency,1
kimberlyrogersvaldez.ai,-1
robert11+news*@castillo-bell.com,-1
adamvaldez+news@fischer.io,1
 angelamullins@bowman.name,-1
ffrank@jackson-gray..info,-1
ecollins@martin-shannon.co,1
ysoto@norman-patton.agency,1
 robinsontanya@soto.edu,-1
 guzmanjustin@clark.blog,-1
emilyrios@johnson-kellyorg,-1
michele01@morse-martin.io,1
rebekahmartinez@smith-carter.co,1
george88young-bell.me,-1
richardsonjoanna @ arnold.co.uk,-1
christophermartin@dominguez-larson.agency,1
elizabeth84@norman-nelson.blog,1
chad41@hoffman.com,1
 hking@ayers-cannon.ai,-1
erin26@powell-greenwiki,-1
jefftrevino@phillips.name,1
jim28 @ garcia.net,-1
amy69@johnson.co.uk,1
eevans@kemp.net,1
contrerasjeffrey+news*@morales.info,-1
harryrodriguezbennett-powell.org,-1
millercheryl@tran-kim.io,1
michael95@adkins-delgado.com.au,1
kristingallowayallen.com.au,-1
hannah12@ramirez.com,1
bwillis+news@flynn-lynch.edu,1
kimberly10merritt.co,-1
jamesgordon+news@aguilar..wiki,-1
barry85peterson-sanchez.ai,-1
juan36@jordan.org,1
hmorrisondorsey-torres.info,-1
jamesrose@campbell-cannon.org,1
brenda73@santana-reed.blog,1
 carnold@arnold.me,-1
bmueller@ellison.edu,1
mullentammy@oliver-bradley.info,1
hayeslauren@hanson-martinez.co.uk,1
tracy91weiss-allison.com,-1
mprestonbarajas.info,-1
brookemurphy @ daniels-white.agency,-1
 kgardner@norman.wiki,-1
ortizashley@pollard.org,1
hollowaymarcus@lee.co,1
courtney65 @ walker.name,-1
jonathan81*@greene-evans.ai,-1
leonjamie@kelly.net,1
xjones@white-acostaname,-1
brianritter @ fox.edu,-1
msullivan@coleman.info,1
derek11@vance-rodriguez.net,1
anthony98@bullock.info,1
cory42@reyes-sampsoncom,-1
williamspatricia*@jennings.net,-1
kristidiaz@romerome,-1
brittany48@@gonzalez.net,-1
parsonstiffany @ brown.wiki,-1
anthonypalmer@booth.blog,1
vincentgalvan@schmidtagency,-1
sherry68@guzman.agency,1
andreajohnsonwalker.com.au,-1
marcus54@lawsonwiki,-1
ortizsamantha@sullivan.co,1
martinchristine@cox.info,1
tward@rodriguez.com.au,1
smithderek@bond.co.uk,1
davidrice@powers.name,1
christinegardner@ellisagency,-1
ethan69@ortiz.blog,1
speterson @ pitts-shaw.com,-1
richchristopher@hubbard-horton..org,-1
 scott56@lopez-miller.com,-1
loganhernandez*@ferguson.org,-1
christopher84@wilson.edu,1
mejiakaren@smith-turner.co,1
ricardogarrett@sanchez.wiki,1
ashleymejia@scott-cannoninfo,-1
timothy03peters-mccoy.co.uk,-1
molinapeter@hubbard.com.au,1
conwaydaniel@williams..co..uk,-1
christopher19johnson-navarro.me,-1
lisagood@williams..info,-1
martinsydney@mayo.co.uk,1
 sanfordstuart@perez.net,-1
amber44@chavez.edu,1
markhart@cobb.me,1
 richardsonerik@carr.co.uk,-1
brandon53@lee.co,1
jennifer62@martinez.edu,1
amysimmons@murphyme,-1
lcarroll@dudley..wiki,-1
barrerakatherine@mosley.co,1
christinagardner@brown.agency,1
eric28@fuentes-graham.agency,1
davidmonroe*@erickson.co.uk,-1
rebeccaanderson@cross-valentine.net,1
norma24@hodges.edu,1
harrismargaret*@gray.info,-1
henryhayley@james.ai,1
jefferyscott+news@griffin-higgins.name,1
nicholas65+news@friedman.wiki,1
eward@montgomeryinfo,-1
ojames@hoodblog,-1
tamara60@gordon-bell.co,1
patrickhaynes@stevens.blog,1
lindsey35@bennett.org,1
stonedouglas@thomas..io,-1
samantha31+news@miller-valdez.info,1
frazierjosestanley-rodriguez.agency,-1
smithtyler@hughes.com.au,1
christine03@werner.com.au,1
vaughndarius @ anderson.co.uk,-1
pdunn@stone-montoya.co.uk,1
mackenzie50@higgins.io,1
 anthonychan@parrish.co,-1
jason15@jones.name,1
cbowen@meadows.me,1
alanhartman@kelley.io,1
monicawright@barajasio,-1
ugay@espinoza-davidson.wiki,1
hortonmanuelreid.wiki,-1
paul27@hill-price.org,1
sanchezlinda@johnson-rodriguez.ai,1
seanspencer@jones.io,1
iwang@baker-davis.agency,1
shawanthony@hopkins-mason.wiki,1
zwilliams@stewart.agency,1
robinmolinaanderson-mckinney.name,-1
goodwinbrian@clarke-bates..com..au,-1
sanderson*@nelson.co.uk,-1
fford*@bird-poole.agency,-1
andrewjohnson@zhang-parker.wiki,1
 lauren55@taylor.co.uk,-1
krios@roberts..com..au,-1
linda99@graham.edu,1
kayla62@mcintoshnet,-1
kthomas+news@lee.blog,1
nicholsdevin*@mitchell.edu,-1
rcarter@smith-nelson.info,1
otucker@webb.io,1
sross@york-cole.co.uk,1
jeremy42cook.com.au,-1
gmartin@wells.co,1
amandaburke@walker-williams.name,1
cbrady@thompson-wilson.edu,1
caleblewis@mclaughlin-norton.agency,1
grantdennis+news@wagner-schultzcouk,-1
beasleyrobert@bradford.me,1
martindaniel@mcclure.info,1
reedkaylabaird.io,-1
crystalmendoza+news@hale.org,1
graykevin+news@herrera.wiki,1
lward@mcclure-hinesedu,-1
paullawrence@sherman..ai,-1
melissa24 @ garcia.info,-1
andrew66cabrera.com,-1
dustinvance @ lozano-miller.agency,-1
james86@grimes-williams.blog,1
jamescarlson @ williams-simon.wiki,-1
 william99+news@taylor.co,-1
christy50*@odom.co.uk,-1
montesrobert+news@thompson.me,1
tamaraday@donaldson.agency,1
john74beck.org,-1
petersonashley@irwin.me,1
terry22@brady-scott.co,1
 sarahirwin@reyes.info,-1
smithsteven+news@kennedy.info,1
blove*@browning-lee.io,-1
johnsonkathryn@bishop..co..uk,-1
 davidsmith@chambers.com,-1
khernandez@williamswiki,-1
 robertrodriguez@sawyer.com.au,-1
trujillomichael@green-rodriguez.me,1
joshuarobinson+news@williams.com.au,1
andreanguyen@smith.me,1
hli+news @ howard.ai,-1
dshaw@@robinson.org,-1
taraallen@garcia-bell.net,1
morrisonedward+news@daviswiki,-1
guerreroheather+news@johnson-spencer.co.uk,1
zwilliams@@cowan.net,-1
 greerkelly@ruiz-barber.org,-1
richardtaylor@ramirez.co,1
pwilliams@johnson-hammond.wiki,1
david90@clayton.com,1
pgay@benson.agency,1
sarah17@peterson.io,1
sanderslori @ jones-ford.me,-1
gvargas@robinson-pierce..blog,-1
josephsmith*@jones-silva.com,-1
piercejesus*@escobar.blog,-1
mariahreidpittman.co.uk,-1
qreynolds+news@@davis-sweeney.agency,-1
denise44 @ underwood-hayes.io,-1
kjones@moore..net,-1
matthew51@carter.agency,1
danielbarnes@booker-mejia.ai,1
ssanders+news@burke.agency,1
ellischeryl@wilson.name,1
urichards@ramsey.com,1
fclark@parks-porter.me,1
vgarrison@@osborn.co,-1
tjohnson@ryan-rosariocom,-1
kellyjames@sawyer.ai,1
 fwelch@martinez.ai,-1
juanramirez@hamilton.edu,1
john29+news@@morales.wiki,-1
monicaherman @ johnson.info,-1
 cory02@haas.info,-1
gordonsean @ stevenson.edu,-1
colonkimberly+news@jackson.agency,1
clarkthomaswade.net,-1
marcosuarez+news@perez.ai,1
jgreenthornton-lopez.com.au,-1
taylorjohnson@wood.org,1
littletinahays.name,-1
sheilagarcia+news @ cervantes.wiki,-1
tiffanyramos+news@rodriguez.me,1
james23 @ sanchez.me,-1
mooremolly@johnson.ai,1
rosselizabeth@harringtoninfo,-1
robinsonkelli @ mcgrath.edu,-1
wwebster@@anderson.com,-1
zwest@cervantes.edu,1
traci94@zavala.co.uk,1
saunderselizabeth*@chandler-rosario.edu,-1
olawrence@mills-lyons.co.uk,1
emily38@youngcouk,-1
cunninghamsusan@millerio,-1
kerrispence @ knight.com,-1
amymendoza@buckley.net,1
eferguson@suarez.edu,1
bsimpson@nunez.co.uk,1
amanda19@johnson-thomas..org,-1
lcrawford@braun-nicholson.info,1
cglover*@wyatt.com.au,-1
npeterson+news @ gutierrez.io,-1
brenda88@@banks.me,-1
kylerhodesrocha.org,-1
xcallahan@stewart.wiki,1
michaelmcgrath@harrington.blog,1
gbutler@brownnet,-1
cindyrogersshepard-patrick.co.uk,-1
nicholasdelacruz@gillespie-lewis.wiki,1
andrewsedward@ford.net,1
pamelaclark@@valencia.blog,-1
dmckinney@@carter-navarro.co,-1
eric69@hinton.ai,1
christopher34@brooks-archer.com.au,1
hickschristy@jackson..name,-1
brendalopez@norman.agency,1
molly70@jones.org,1
 sheaamy@gallagher.edu,-1
lowemichael+news@hess.edu,1
cheryl31@miller-davisorg,-1
 michael69@ware-thompson.info,-1
mdunn@martin-gibson..blog,-1
ryanknox*@mason.com,-1
travismiller@dickerson..edu,-1
jenniferjackson*@garza.me,-1
bmartinez@cohen.io,1
adam46@lewis-gibbs.agency,1
tammy23@russell-bradley.blog,1
qprice@lozano.me,1
ejohnston*@roberson-zavala.wiki,-1
stephanie97@alvarezname,-1
debrawestdavis.edu,-1
macdonaldheather@schneider.agency,1
brookschristopher @ jones-weber.co.uk,-1
btaylor@jones.wiki,1
george57sellers-schmidt.co.uk,-1
fparker@walters.info,1
hnorris @ key.wiki,-1
johnsonkimberly@brown.agency,1
hbaldwin@smith-arnold.org,1
joshua56@@boone-arroyo.edu,-1
danielle24@gonzalezedu,-1
stephanieharding@sanchez-smith.info,1
emora @ wilson-smith.name,-1
brownpamela@johnson.net,1
rjackson@mcintosh.wiki,1
tcook@roach.edu,1
bradleywhite@rivera..edu,-1
nicholas55@thompson.com.au,1
watsonnatalie@dunn-griffinnet,-1
nolson@hubbard..blog,-1
jameshall+news@andrews-yoder.net,1
gibsonnathanieljones.agency,-1
abigail41@lucas-mata..wiki,-1
mbarnes@@mitchell-wright.com,-1
james20 @ freeman.wiki,-1
robert50@wilson-richardson.org,1
gryan@castillo-doyle.info,1
nhardin @ cooper.wiki,-1
austin85nelson.org,-1
jallen@gross.name,1
robertgutierrezglenn.net,-1
cindy80@espinoza.com.au,1
andrewstephens@baker.com,1
bergercrystal@davis-walker..org,-1
teresa04@larson.co,1
 monicamccoy@trujillo.co,-1
tammy02@johnston.com.au,1
barryrobbins@mcdonald.io,1
jamesmassey@king-nelson..com,-1
wyoung @ savage-hines.io,-1
michelle82 @ carrillo.io,-1
smithadam@wilson.co,1
asmith+news@howardinfo,-1
upeterson@jones.com,1
matthew47+news@turner.net,1
mendozahannah@french.info,1
zholmes*@fischer.agency,-1
iwilliams@hill.info,1
joshuaelliott @ mendoza.co.uk,-1
vgoodwin@gibson..me,-1
douglas77@koch.wiki,1
barbara27*@strickland-king.net,-1
jwilson@thompsonio,-1
reynoldskristen@mcdaniel-franklin.ai,1
 vtucker@casey-mills.com,-1
hickmancarl@richardson.edu,1
benjamingibbs@allen-gomez..blog,-1
gbrown@frank.agency,1
patricia48@cabreranet,-1
olivia12@lynch.blog,1
williamrichardson@gross.net,1
sarahdouglas@patel.org,1
carl81@@wallace.me,-1
joshua74+news@shannonwiki,-1
wilsontraci @ roth.wiki,-1
bwilliams*@garcia.info,-1
edwardmiller @ brown-gutierrez.me,-1
marielewis@wilson.ai,1
christophergarcia@mcfarland.name,1
kimberlygutierrez@ruiz.io,1
 wallacebryan@boyd.blog,-1
hannacharleslee-collins.me,-1
cdennis@@smith-soto.edu,-1
pleblanc@kelly..blog,-1
jefferypeterson @ campbell.io,-1
taylorbrittany+newsrobertson.com.au,-1
mstout@baker-mayer.blog,1
ryanhull@fernandez.io,1
lisa42*@nguyen-freeman.co.uk,-1
jongonzalez@parsons.io,1
 qpalmer@jones-foley.name,-1
mariaallen*@davis-johnson.net,-1
danielwood@ray..me,-1
robertsonjessica+newssmith.ai,-1
lmalone+news@curryorg,-1
duncanjoseph@warnername,-1
 kellyrichard@stevens-carter.blog,-1
chelsea20@@harrison-reese.blog,-1
glenharris@holden-lawson.agency,1
lholmes@rodriguez.co.uk,1
cwatson@@murphy.wiki,-1
jason28@campbell.edu,1
davisdenise @ sims.co.uk,-1
donnamack@kelley-singleton.blog,1
justin73@haas-hansen.com,1
morankathryn@russell.ai,1
nkeller@stevensorg,-1
dshaw+news@hunt.com.au,1
markgates@alvarado.wiki,1
laurapage@carey.name,1
jacquelinejennings@wheeler.com.au,1
simmonsjustin@zavala-melton..co..uk,-1
alexanderbriannacisneros.co.uk,-1
 christophermarks@howard.name,-1
lschneider@ortega-carter.net,1
wrightrussell@barnes.io,1
johnsonalan@davila.agency,1
joseph50@olivercomau,-1
davidwells@@harris.net,-1
xpadilla@kaufman.name,1
misty08@martinez-bailey..agency,-1
cochranerin@hernandez-jones.ai,1
jasonmendoza@@smith.edu,-1
lmiller @ diaz.info,-1
ejordan*@frederick.org,-1
seanwinters@@gomez.me,-1
toddmichael@jimenez.org,1
lisathompson@walsh.co.uk,1
angelabutler@wiggins.me,1
samantha34+news @ russell-mccarty.com.au,-1
meaganstone@mckay.ai,1
leeadams+news*@kelly.info,-1
hbaker @ ruiz.info,-1
carlconley@lee.ai,1
garciabrandon@peterson.agency,1
owhite@white.co,1
kevinmedinasalinas.com.au,-1
crossangela @ hammond.co,-1
mollynixon @ powell.info,-1
drobinson+news@johnson.org,1
sjones@petersen.ai,1
matthew66@@davis-leonard.agency,-1
ppierce@quinn.net,1
mcleanshannon@@lang.ai,-1
martinezchristy@@phelps-craig.co,-1
richardstamara@@browning-crosby.blog,-1
williamsjose@howard-henson.com,1
jhopkinsfriedman.me,-1
scottbarbara@parrish-gibbs.co,1
gregroberson@graves.co.uk,1
 norrisbrianna@martin.ai,-1
 crystal06@young.ai,-1
webbbenjamin@kelly.io,1
vazquezangela@cain-norris.io,1
hmay@james..wiki,-1
matthewbaker@brown.com,1
gabbott@boyd.io,1
beckerjessica@hansen-berg.wiki,1
fbowman@laneblog,-1
bmerritt @ thompson.info,-1
durankatherine@@williams.org,-1
qrios@washington-johnson.co.uk,1
zlopez*@farley-hayes.wiki,-1
sfranco@lee-martin..com..au,-1
rhardy@jefferson-guerrero.wiki,1
jacob50 @ rowe.wiki,-1
timothyramirez@stewart.name,1
kevinsmith+news@@walker-white.edu,-1
stokeskrystal@gonzales.com,1
jasongonzales@wright.co.uk,1
davischarles@morenoagency,-1
beckertammy@@porter.edu,-1
megan43@webster-smithme,-1
 lynn06@moore-dennis.edu,-1
roachanne@@tran.me,-1
conniegraves@campbell.wiki,1
davidsnyder+news@whitney.edu,1
bridget24@curry-robinson.net,1
uyoung @ kelly.io,-1
brookselizabeth@hodge-stuart.co,1
deleonjennifer@barnett.name,1
joyceellis+news@thompson-castaneda.name,1
estokes+news@singleton.edu,1
espinozanicole@peterson-gomez.co,1
michelle72@jones-brown.com,1
 rodriguezcrystal@cook-rich.edu,-1
maria75@lopez.io,1
hsherman*@miller.io,-1
osbornenicole*@nicholson.edu,-1
stuart73chen.edu,-1
cmccoy@levine.co.uk,1
pricekevin@marshall.com.au,1
andrewreyes@martinez.me,1
ubryant@figueroa.org,1
hunter24+news@stewartinfo,-1
halledward@ortega.ai,1
wblanchard@rodriguez-hughes.wiki,1
kbennett+newswilliams-brown.agency,-1
dmcbride+news@huynh.ai,1
wardchristina @ nielsen.info,-1
sextonpamela*@love.org,-1
 isexton@singleton-rogers.ai,-1
hferrell@rojas.com,1
barbaramarshall@castro.blog,1
parkconnor*@cook-nelson.edu,-1
jamesmartin@wall..blog,-1
stuartortega@wright-walker.co,1
larry85@lee.io,1
renee01*@watson-weiss.co.uk,-1
qhinton+news@downs.wiki,1
alexisbellgarcia.com.au,-1
 randyjones@black.name,-1
wrightamanda+news@briggs-mcgee.agency,1
brian59@harvey-holder..com..au,-1
 andreawilliams@gould.co,-1
garymanning*@sanchez.com,-1
murraymichelle@rhodes-meyer..blog,-1
qpena+newsmccullough.edu,-1
 amberrowe@adams.me,-1
ogarcia@gaines..io,-1
mary20@@villarreal-thompson.name,-1
cassandra67@lewis.me,1
gilbertjames*@rodriguez-flowers.edu,-1
colesean*@edwards.ai,-1
deborah67@martinme,-1
matthewhill@bryan.co,1
yjames@williams.edu,1
dknight*@espinoza-valdez.info,-1
dawnneal @ harris-gibbs.co,-1
fanderson@rosario.org,1
smithdonald@humphrey..io,-1
 lindseyrobinson@stephens.name,-1
wesleytaylorreynolds.name,-1
jeffrey02@fitzgerald-brown.io,1
petersonkathryn@le-petty.blog,1
castrodale@bush.com.au,1
 kimberlyflores@boyd.co.uk,-1
obarnett@daniels-robinson.wiki,1
jessicahuang@@crosby.co.uk,-1
loricoopercarr.net,-1
yhart@rush-solis.com,1
michael66@carrillo.blog,1
fhunt@evans.co.uk,1
johnflores@kelley-romero..edu,-1
michael80@bowman.io,1
njones@cherry.net,1
brownrobert@dominguezco,-1
sarahmaddox@bonilla-lopez.ai,1
katherinedavis*@romero.agency,-1
vrodriguez@hull.io,1
atkinsonrebecca@marquez.co.uk,1
lewiswilliammcdonald.info,-1
jennifersmith@white..org,-1
jared07+news@wilson-gonzalez.ai,1
burnettnicholasstevens.co,-1
mikemann@chang.org,1
brandi35@@andrews.co.uk,-1
danielbrooks@@jimenez.net,-1
mjames@mcdaniel.co.uk,1
nicolebishop@@johnson.net,-1
michaelclark*@sanchez-fisher.co,-1
paige16@lamb.io,1
 emilybuchanan+news@roberts.co.uk,-1
yjohnson@figueroa.wiki,1
dylan54@reid.io,1
gabriel22@davis.net,1
nguyenmisty @ anderson-bowen.name,-1
cindy36@white.org,1
 kschmidt@parker-barber.me,-1
wilcoxlarry@duncan.ai,1
wmcpherson@acevedo.blog,1
cookkaitlyn@washington..co,-1
danielbarr@ibarra.net,1
aguilarjessicavelazquez.net,-1
vfisher@cooper.ai,1
jimenezchristina@hodge-dean.ai,1
 louis86@ayers-wheeler.me,-1
 stephanie86@ferguson.co.uk,-1
vgreen@@giles.io,-1
xgeorge@barry.co,1
xlane@charles.com,1
williamtucker+news@johnson.wiki,1
rileykristenpope-lewis.net,-1
fromero*@rivera-bennett.org,-1
amandacalderon@cook.info,1
josephwang+newsdickerson-aguilar.name,-1
lynnwilson@dunn.org,1
davidpearson@cruz-white.info,1
lsmith*@watson-potts.me,-1
 hinesdaniel@costa-cummings.co.uk,-1
deborah82*@garcia-diaz.com.au,-1
whitneywalker+news@@crawford.info,-1
shannon46@wu-farley.name,1
zavila+news*@sandoval.co,-1
mdiaz@@taylor-jones.co,-1
jody76@williams.me,1
kathryn09@cannon.ai,1
michele57medina.io,-1
martinezglenn @ meyer.name,-1
colekevin@@moore.io,-1
reneebowman+news@@chavez-riley.info,-1
jessicacarey+news@eaton-lopez.me,1
 lucaswilliam@wagner-lynch.info,-1
floressusan@robinson-york.info,1
yobrien@vargas..blog,-1
francismullenwest-church.co,-1
michelleeverett+news@mossnet,-1
swansonthomas@gutierrez.edu,1
williamsraymond @ mccullough.co.uk,-1
joneschristopher@guerrero.agency,1
maymichael*@schneider-williams.io,-1
shannoncastro@acosta-hill.name,1
ireynolds+news@taylor..info,-1
vstevenson@warner.co.uk,1
irandall@hill-pachecoedu,-1
penarobert@@brown-stewart.me,-1
 bakersteven@mcdonald.org,-1
owhite@bishop.com,1
 richard20@miller.blog,-1
carlalewisscott.name,-1
gonzalezmelissabell.agency,-1
zrichardson*@hubbard.edu,-1
colebarbara@dixon.wiki,1
nicholas23@harrison-santosagency,-1
hreynolds@hodges-wood.com.au,1
 mwilson@taylor.org,-1
simpsondonna@hogan-kelleyinfo,-1
jonathanbanks@waters-miller.name,1
rsmith@rios-taylor.org,1
beth99+news*@wright.net,-1
wagnermark+news@lam.me,1
santosaimee @ mitchell-reid.edu,-1
yharrington@diaz-rose.edu,1
lopezfrances@anderson..io,-1
spennington@underwood-nguyen.blog,1
cynthia10@morris-diazedu,-1
loretta13 @ schultz.co.uk,-1
 melissamoore@leonard.com,-1
annjames@baker.blog,1
walkerlynn@mckenzie.agency,1
osaunders@cardenascomau,-1
ymitchell @ morris.edu,-1
jonesemma@merritt.edu,1
jeffrey09@carter-atkinsme,-1
adamzimmerman@jimenez.net,1
brian24@thomas.wiki,1
robinjohnson@reese..ai,-1
 patriciamaldonado@jarvis.blog,-1
jeffrey03@wardagency,-1
xschwartz+news@wilson..name,-1
turnerjessica*@cox.com.au,-1
cody58*@ryan-griffin.wiki,-1
 rebeccanguyen+news@carter.com,-1
cindy73@ward-mcdowellname,-1
 parkervanessa+news@bullock.co,-1
thomas69+news@johnson..info,-1
victoriasanchez@ellison.org,1
 sabrina73@martinez.wiki,-1
 marycraig@mills-reynolds.name,-1
esteseddiekelly.com,-1
andrewssean@pereznet,-1
lindsaygalvan+news@cox.me,1
 daniel33@wagner-bullock.org,-1
rebecca29@greene-valdez.edu,1
abest@soto-walters.org,1
foxlinda@johnson.io,1
abigail03@owens.com.au,1
hayden73@washington-wood..edu,-1
natalie78ryan-miller.name,-1
fcobb@fischer.ai,1
morrisonsean@brennan.net,1
francisco43@robinson.com.au,1
stanleyheather@logan.net,1
arthurallen@henry..ai,-1
tdoyle@barker..com,-1
martinezerica@kane-juarezinfo,-1
danielmatthews@werner-nelsonme,-1
hboyd@martinwiki,-1
 johngonzalez@fowler-potter.org,-1
umoore@@green.blog,-1
belliott@tate.co.uk,1
christophermitchell@@lopez.io,-1
eric95+news@@black.name,-1
campbelljuan+news@fuentesai,-1
njohnston@aguilar.blog,1
mccormickcarlos@rogers-young.com,1
tinanelson*@hunter.wiki,-1
phillipsjames@benson-torres.com.au,1
pricepaul@gonzalez-ellis.me,1
nashdavid@ellis-anderson.blog,1
jocelyn56+news*@richardson.wiki,-1
bruce58@phillips.name,1
woodjon+news@@navarro.net,-1
petersonlee*@grant-mcknight.wiki,-1
moorescott@moreno.co.uk,1
victoriafreeman+news @ taylor.blog,-1
sanchezraymond@williams-wallacewiki,-1
xmerritt+news@walker..edu,-1
joshuacastro@kline-ramirezinfo,-1
 cmyers@mejia.agency,-1
marvinthompsonpatterson-patrick.co,-1
fhoward@bowers..net,-1
wilsonmichael*@schultz-gonzalez.ai,-1
taylor91@miller-martinez.me,1
katherine47@parker-hurstedu,-1
michaellloyd@torres.name,1
vincent70 @ dunn.org,-1
stevensjohn*@baker-reeves.com,-1
atkinsonlaura@jones-herring.com,1
kkennedy+news@russellai,-1
barbaracampbell@smith-vega.info,1
morgan02@hunt.org,1
oconnormichealbennett.co.uk,-1
janeramos @ young.com.au,-1
joshuahunter+news@bryant.edu,1
 mark16@griffin.me,-1
heather85@tate.com.au,1
bondscott@schneider-perkins.com,1
richard65@davisname,-1
briggslori@smith-richardson.io,1
edwardthompsonherman.com.au,-1
 phillipserika+news@shelton-johnson.ai,-1
lopezchristopher@williamsme,-1
eugene99@leon-colonname,-1
rebeccamueller@jordan-hayes.edu,1
humphreyvictoria@harris-clarke.blog,1
kellyveronica@hayes-wilsoncouk,-1
gallowaymatthew@barnett..io,-1
 pjohnson@green.info,-1
yatesalex@johnson-lewis..ai,-1
michaelwilson@shaffer-whiteco,-1
bondnatalie@johnson-cortez.wiki,1
vegasophia@macias.me,1
justinstone@riley-snow.agency,1
timothy93@berry.blog,1
crossmatthew@rose.net,1
jose11@farrell.net,1
michaelroberts@gonzales-riley.io,1
escobarjonathan@robinson.ai,1
 jameslopez@lopez.com.au,-1
fsnyder@carroll.wiki,1
matthew78@castro.co.uk,1
brittany67@holland-rhodesco,-1
stephanie02@schwartz..info,-1
suareztristan*@jones.org,-1
freemanjames@carter-burns.co.uk,1
ochoahectorross.wiki,-1
longjessicamartin.agency,-1
conneramber@gilbert.com,1
 travisjohnston@myers.blog,-1
jennifer78+news@@thompson.agency,-1
avilajoseph@ruiz.io,1
amcdaniel@@trujillo.blog,-1
paul37 @ price.co.uk,-1
mary18@miller.blog,1
sandersjennifer@le-williams.name,1
fmiller@rollins-wright.net,1
hgrant+news@harvey-jones.me,1
kevin18@@sparks.co,-1
wsmall@white.edu,1
 john67@taylor-miller.net,-1
ashleygarcia@rivera.wiki,1
juliepotter@clark.info,1
colin31+news@todd-le.edu,1
sbarajas@boyd-brown.com,1
stephanie54@robertson.name,1
 uchurch@hill.io,-1
fjackson@watts-murphyorg,-1
leah22+news@martin.co.uk,1
howardjessica@nichols-bass.co,1
 teresasantana@hill.blog,-1
kimberlyreilly@hill-wilcox.me,1
wyang@beasley.me,1
gailblack@williamsedu,-1
sprince+news@walker..wiki,-1
bowmancourtney+news@jones-gallegos.io,1
jillsolomon@stevens.info,1
bennettaudrey @ phillips.co.uk,-1
jennifervelasquez @ kramer-lawrence.ai,-1
david08@@harris-reeves.info,-1
ravenmadden+news*@williams.co.uk,-1
john99@johnsonme,-1
frobinson@palmer.blog,1
olee@hopkins.me,1
lunastephanie@cooper-rocha.com.au,1
katherineklein@wilson-ramirez.blog,1
hillrachel@jones-young.ai,1
seanmortonallen.com.au,-1
julia93 @ simpson-martinez.agency,-1
ojimenez@wonginfo,-1
jeanfieldsthomas.ai,-1
guerrajacob*@long.info,-1
torresholly+news@heath.io,1
mclaughlinjennifer@martin-allen.io,1
crystalsmith@mack-wells..blog,-1
elizabeth11@gonzalez.net,1
devin08gomez.io,-1
hendrixjose@gibson.io,1
christopherpena@cruz.io,1
nfrey*@bailey.edu,-1
josephsellers@martin.io,1
perezkristy@davis.com.au,1
juliabutler@walker.edu,1
vmacias@orozco.info,1
randy97@conley..me,-1
hooverphillip@martinez-moore..wiki,-1
ymendoza@howard.co.uk,1
jacquelineparker@baker.net,1
melanie25@baldwin-stewartme,-1
fcherry@turner-parker.me,1
austinferrell@mendez.edu,1
watersrandall@@pope.blog,-1
collinsjessica@boyer-loganblog,-1
veronica99@wilkerson.io,1
richardjackson@owens.wiki,1
craighill+news@@rangel-rice.me,-1
wruizbowman.ai,-1
murrayjeremy@decker-henry.info,1
evanschristina@hendricks-harrisblog,-1
lreed@lindseyedu,-1
adam54@pena..com..au,-1
monicaacosta@miles-mcdowell.name,1
casey98@williams-sims.wiki,1
valeriegreene@@palmer.com,-1
 wadams@hernandez.info,-1
christiansmith @ gutierrez-thompson.blog,-1
elizabethadkinssmith.co,-1
imolina+newsgoodwin-bell.com.au,-1
michaelhamilton@hawkins.io,1
sarah72brown-gonzalez.info,-1
sanderschristinacrosby.name,-1
greerjosejackson.edu,-1
margaret58@davies.com.au,1
utaylor@sellers.name,1
donnachapman @ allen-wilcox.wiki,-1
jenniferjones+news@smith.io,1
msmith@@stark.wiki,-1
ujacobs+news@lane.co.uk,1
johnkelly@mitchell.net,1
vanessa15walters.me,-1
christinadavis@porter-smith.com.au,1
hickschristopher@beck.io,1
 mitchell95@russell.io,-1
desireegordongibbs.wiki,-1
alexanderthompson*@morales-macias.co.uk,-1
velazqueznancy @ short-williams.net,-1
benjamin94@hammond.io,1
stewartrachel*@martinez.info,-1
maldonadolarry @ kelley-davis.edu,-1
christineblair@estes.net,1
bmendez*@williamson-phillips.co.uk,-1
shepherdadam@williams.org,1
howellrobert@brown.org,1
watsonjohn@stewart.ai,1
tara37*@bradley.blog,-1
frankstafford@allison-nielsen..io,-1
tyleradams @ martin-long.info,-1
meltondaniel@castro.edu,1
lwright@brandt..info,-1
jose69@white.co.uk,1
brownsarah@preston.com.au,1
marquezwilliam*@kim.org,-1
julielowe@estrada-hood.name,1
lopezlance@miles-morgan..co..uk,-1
jason28@sellers.co,1
jonesdennisfuller.com,-1
karen27@williams.co,1
matthew89@alvarez-clark.co.uk,1
osbornedanielle@@carroll-phillips.info,-1
 carrieperkins@williams.net,-1
katherineleblanc@williamscom,-1
jonestiffany@johnson.net,1
mreed@sutton-harrington.io,1
hernandezgwendolyn@thompson-velazquez.net,1
james49@johnson-tucker.wiki,1
othomas@petty.com.au,1
 morrisondaniel@harvey.co,-1
mcclureerica@lee-martinez.co,1
johnsonamber@green.com,1
kara46@patel.ai,1
tiffanybradshaw@nelson-wilson.io,1
ronald42+news*@johnson.me,-1
 lucasmoore@holland.com.au,-1
tcastro@@adams-gill.ai,-1
susan08@hart-sanchez.io,1
jamesnathaniel@dean.com.au,1
hillmartin@barnes.io,1
johnmeyersayala.io,-1
xhenson@griffin.org,1
casey56+news@fowlerblog,-1
andersonwilliam@rodriguez..agency,-1
martinandrew@howell-fergusoncomau,-1
gloverstephanie@jimenez-gutierrez.co,1
david55@martinez-russell.blog,1
moralespatricia*@vasquez.info,-1
ashleyriggs@martin-thornton.ai,1
jenniferreyes*@fernandez.info,-1
robertmora*@roth.com,-1
rebecca66@stanley.info,1
laurabrooks+news@rodriguez.net,1
zachary80@nelson.agency,1
 rebecca00@woods.name,-1
clarknina@hicks.agency,1
kballard@guzman-martin..blog,-1
longtiffany@tran-grant.io,1
walkerbarry@stanley.edu,1
linda93@wilson.agency,1
erinsimon@jackson.blog,1
sharpkatherine@graham.wiki,1
christina80*@warren.ai,-1
taylorsmith@webb-robinsonnet,-1
rebeccafrederick@lawson.name,1
cristianmckenzie@branch-griffin.org,1
franklinjeffrey@greene-moreno.edu,1
stephaniemyers @ evans.co,-1
allison05@gaines.info,1
sharon25 @ watson.org,-1
rojastyler @ flores-baird.agency,-1
ebeck+news@hoffman-garcia.org,1
ronaldbrock@murphyai,-1
brian59@miller.me,1
randythomas@gomez.info,1
arnoldlatasha+news@bell.co,1
stevensrodney+news@reyes.edu,1
 rcoleman@smith-parker.info,-1
hudsonmindy+news@sanchez.org,1
anthony00@@smith-strong.com,-1
thomasjessicaespinoza-fischer.co,-1
nathanrushhumphrey.edu,-1
zalvarez@bass.com.au,1
nclark@reyes.wiki,1
 epatterson@thompson.co.uk,-1
lhortonherrera.org,-1
michealcervantes@lloyd.wiki,1
megan31@bradshaw-gonzalezwiki,-1
roberthorne@dunn-acosta.agency,1
jenniferwilson @ davis.net,-1
holtcarriewheeler.wiki,-1
browndenise+news@wood-eatonnet,-1
rosariowilliam+news@martinez-casey.me,1
fowlerfrederick+news@@ford.co.uk,-1
josephsalazar@may-williamsme,-1
bgarciaalexander.io,-1
robertsmonique@guzman.info,1
meganhaley@gonzalez-navarro.org,1
jhodges@bright.me,1
progers+news@day-kim.io,1
 pford@jackson.wiki,-1
christina79@newton.co.uk,1
megan80@sellers.org,1
brian65@edwards.edu,1
theresabrown+news @ smith.net,-1
thomasdanielle@schmidtinfo,-1
lindawalls@rivera-sanchez.wiki,1
ygutierrez @ nash.com.au,-1
david58+news@brooks.com.au,1
sarahgarza @ torres-franklin.co.uk,-1
frankjones@frazier-french.ai,1
diane97@gonzalez.com,1
christinaburke@rose-ross.co.uk,1
henry88@robertson..me,-1
epierce@huang.net,1
jennifersmith@lane-franklin.wiki,1
zbrownmann.me,-1
juliahenry@mendoza-spence.co,1
woodsjoseph@jacobs.name,1
frank19@hunter-reid.co,1
normanmiller@powell-sweeney.name,1
waltersscott*@forbes.edu,-1
tamarajohnson*@evans.org,-1
kbriggs*@mosley.edu,-1
iwhite@rodriguez-turner.blog,1
johnmartinez@ward.co,1
adrienne47@rangel-edwards.edu,1
terri68@stantonblog,-1
delgadosydney@long.info,1
haynestodd@brown-hoffman.agency,1
frosales*@walker.info,-1
glovernicholas@costa.co.uk,1
gonzalezmaria@morancomau,-1
richardmoreno@crosbyco,-1
sandra85@marshall.net,1
cathy83@ellis.wiki,1
luis97@page-lewis.com.au,1
nbrown@schwartzcom,-1
nelsonpaula@bowencouk,-1
jjones*@coffey.io,-1
leeallen@wilson.com,1
hharris@howell.me,1
jillchan@reynolds.io,1
adamsalazar@howard-sutton.ai,1
youngteresahull.me,-1
sherri60@williams-morganai,-1
david71 @ scott-jensen.me,-1
williamssteven@simpson.com.au,1
cassandra05@sutton-gray.co.uk,1
garciajonathan @ valdez.co.uk,-1
nicolerodriguez@adams.io,1
 cunninghammallory@trujillo.co.uk,-1
hgray@spencer.co.uk,1
william84@turner..ai,-1
fisherfred@ponce.io,1
qadams@hampton-flores.name,1
richardjohnthomas-berry.agency,-1
arnoldreginald@daniel-hoover.name,1
justin73wilkerson.edu,-1
kennethmcclure*@blackburn.ai,-1
timothyallen@clark.co,1
dbradford@wells.com.au,1
wcastaneda*@marshall.net,-1
rebeccastephens@jenkins-turner.net,1
michael45@tran..net,-1
angela95+news@peterson.info,1
vwarren@george.wiki,1
davisalexander@christensen.io,1
johncoleman+news@anderson..ai,-1
curtis39@nicholson.io,1
rachel42russell.co,-1
johnsonjohn@@ball.wiki,-1
lmiller@long-dominguez.net,1
zreyes@park-donaldson.wiki,1
steven54@baker-jacksonedu,-1
garrisonhannah@grant.edu,1
leewashington@kimcom,-1
don97*@frye.agency,-1
ycherry@reese-price.net,1
robertsoneric@ramirezme,-1
dhenderson@edwards-collins..name,-1
cowankendra+news*@parker.wiki,-1
jerry74 @ carroll-cunningham.com,-1
ibrooks@@rivera-mays.name,-1
ledwards@hughes-salasedu,-1
yjohnson@stephens.io,1
heidicarr@camacho-wardcom,-1
johnsonsarah@mercado-flores.wiki,1
hernandezkarenallison-castro.wiki,-1
jessica49 @ rogers.org,-1
monicahansonpatel-graves.com,-1
jeremyboone@fleming..co,-1
jcoffey@gill.net,1
tlopez@watson.co.uk,1
mark80@ramos.me,1
 reneelane@jones.io,-1
acostamichael@rodriguez.blog,1
laurahughes@vaughn.wiki,1
jchan*@turner.co,-1
lwalker @ murray-miller.name,-1
timothygarcia@aguilar.io,1
daniellehayes@@lewis.net,-1
michaelkane@gentry.co,1
david18@ortega-burtonco,-1
michael87@becker-wilkinson.co.uk,1
michaelcrawford+news @ barnett-wright.name,-1
xjackson@cook-lamb.blog,1
meghankennedy@torres-brown.com,1
petersoncorey@mosley-figueroa.ai,1
simmonsleonard@russell.net,1
josephgonzalez@guerrero.net,1
joy11@briggs.net,1
 craiganderson@haley.org,-1
ewebster@ramsey.info,1
matthew64@cook.me,1
ynguyen@allen-carr.name,1
lindseyolsen+news@kim-trevino.com,1
kgrant@johnson-smith.org,1
tiffanyspencer@@stafford.blog,-1
rsilva*@stein.wiki,-1
epruitt@williams-petersen..io,-1
 ravenrobinson@brown.com.au,-1
jeffreyprice@hudson-rivera.edu,1
 cooperdonna@davis-rivera.ai,-1
qguzman@richards-campbell.org,1
jessicameyers@little.org,1
pherrera+news@becker.blog,1
jennifermiller@lewis..info,-1
eric23@clark.agency,1
kimberly59 @ ross.agency,-1
rachelmercerrice.agency,-1
ivaughn@@page-stephens.com,-1
willisamber@@shepherd.ai,-1
dianamartinez+news@allen-perryblog,-1
 rlindsey@gay.net,-1
brendamoyer@jones.com,1
martingordon@wells-sims.wiki,1
briannagarcia@berg.org,1
 tuckervincent@ellis.edu,-1
timsmith@johnson.ai,1
lori57@keller.com.au,1
schroederandrew @ marquez.me,-1
cgriffin@ortiz.net,1
henrypatricia@stuart..me,-1
mckinneymichelle@montgomery-hunt.net,1
mellisbrown-harris.agency,-1
 singhdavid@miller.io,-1
wayers@haas..info,-1
jwalton@stafford.name,1
jesuscummingswalton.org,-1
williamsjoseph @ short-richards.wiki,-1
allen72+news@schultz.co.uk,1
marie01+news@snyder.net,1
welchpaula@reeves-jones.co,1
montgomerythomas+news @ jordan.name,-1
ashleysanchez@pearson-bowman.net,1
lshaffer@anderson.name,1
bgray+news@berger.com.au,1
iblackdavis-edwards.net,-1
anthonyhubbard+news@solis..blog,-1
 nlang@aguilar.blog,-1
xthompson @ gordon.co,-1
lisa00@rollins.com,1
 swansonveronica@williams.com.au,-1
devin51@@cooper-blair.org,-1
zsantiago@diaz-fletcher.io,1
briangarza+news@williams-elliott.co,1
randy30 @ phillips.info,-1
michael67@@roberts.me,-1
 xfoster@richardson.info,-1
garciadanielwerner.name,-1
westdavid@greeneblog,-1
lance65 @ mccormick.agency,-1
imorris@whitehead.com.au,1
zgutierrez+newsallen.info,-1
maria94@stone.org,1
john28@mcmillan.info,1
igonzalez*@wong.net,-1
loricruz@bennett..ai,-1
 paulmccarty@gibbs.edu,-1
jacob84@rosales.org,1
nrichard@black-bennettname,-1
rodney26 @ peck-walker.co,-1
brandon36+news@torres.info,1
rsmith@montoya.org,1
angelalee@martinez.ai,1
amanda74 @ ali.org,-1
thomasluna@nguyen.net,1
sherry64@ingram.com.au,1
rebecca15@tate.org,1
johnsondonna@wilson-cooper.wiki,1
dariussanchez@long.ai,1
 riveramary@miller.me,-1
baileymaldonado@williams-perez.org,1
john00+news@carter.wiki,1
gutierrezalicia@glover.info,1
woodsangelica@scott.com.au,1
tscott@kemp.wiki,1
andrea70*@hill.name,-1
 serranochristine@ballard.me,-1
xhendrix@@chavez.com.au,-1
eileengonzalezrice.co,-1
lisaparker*@winters.agency,-1
michelle80@shaw-singh..blog,-1
haleystrong@williams.com,1
douglas74@peterson.com.au,1
fischerlisa@richard..agency,-1
heather91@@alexander-roberts.ai,-1
andersonjennifer@jones.name,1
catherinepeterson@@martinez-terrell.io,-1
williamsgabriel@hunter.co,1
hlopez+news@baker.net,1
mullenphillip*@martinez.co,-1
michael24@cameronwiki,-1
lynn47johnson.blog,-1
salazartracy@duffy.me,1
malonetiffany*@buchanan.org,-1
tlopez@cook-hull..me,-1
andrew83beck-wright.edu,-1
dthompson@ball.edu,1
 glassmelinda@bradshaw.edu,-1
mariah22@murray-herrera..wiki,-1
jturner@fernandez.co.uk,1
asmithross.edu,-1
fmitchell@jones.io,1
ohernandez@richards-olson.org,1
tina71@snyder-mendez.name,1
glenngordon@griffithnet,-1
drewhudson@@green.wiki,-1
frichardson@smith.com.au,1
michaelmedina@glenn.name,1
rebeccabrock@parker.com.au,1
mathismark@cherry.io,1
batesmichelle@randolph..net,-1
alexa48+newsmccarty.org,-1
ngillespie@howard.edu,1
katherine79anderson.wiki,-1
nford@mason.blog,1
smithian@jones.ai,1
martinezmatthewgregory.co.uk,-1
rreilly@grant-costa.agency,1
maria18@johnsonwiki,-1
sarah53@gutierrez-gutierrez.net,1
allisonmiranda@shaw.org,1
marshallrobert@brewer..name,-1
stephanie57@robinson-shelton.org,1
littlerodney+news@clayton-davidme,-1
yvonne90@shaw-cobb.net,1
emily43@cooper.com.au,1
travissusan*@henderson-smith.blog,-1
sandra79*@williams.agency,-1
bruce52*@garrison-mendez.com.au,-1
daisydavislester.edu,-1
tjackson @ hughes.net,-1
hwilliamsriley-arroyo.io,-1
 carrillodaniel@clark.name,-1
davidjohnston@weaver-wells.co.uk,1
xshaw+news@castaneda-evans..net,-1
valvarado@preston.co.uk,1
marcus08@dudley-woods.co.uk,1
juanrussellgutierrez-nguyen.co,-1
riveranancy*@white.ai,-1
williamschristopher@allenorg,-1
nmorenosnow-taylor.co,-1
princeaaron @ marquez.wiki,-1
crawfordricky@smith.agency,1
gainessarah@johnson.co.uk,1
mccoywilliam@bailey-holloway.net,1
harry97@meyerwiki,-1
qjohnson@simpson.me,1
emily23+news@cuevas.co,1
haley08@miller.info,1
victoria01@sanchez.edu,1
pbeltran@flores.ai,1
belinda77@thomas.co.uk,1
tracey63lopez-peterson.co,-1
donnasantiago@mathisme,-1
samantha93reyes-cox.org,-1
lynnnelson*@glass-rogers.me,-1
awoods@durham-turnernet,-1
alicia50@ramirez-gray.info,1
cbaldwin@spencer.org,1
danielle87@smith.ai,1
ffrench@@jones.agency,-1
mindy64+news@west.info,1
johnsonkristina @ murphy.blog,-1
dduarte+news @ vazquez-richmond.com,-1
paulsmith@robles-wallace.io,1
lpotter*@adams.wiki,-1
otucker@smith.agency,1
christophersilva@kaneedu,-1
edward92@reyes.me,1
john61@snyder.agency,1
wmartin+news*@bowman.me,-1
gardneremma@roman-buckorg,-1
 ehobbs@wagner-erickson.wiki,-1
michaelbryant@smith-spencer.co.uk,1
randallgonzalez*@mueller-simon.com.au,-1
wrightpatrick@andersonorg,-1
igreen@phillips-morris.org,1
bennettpaul@martinez.edu,1
daviesmaria@swanson.info,1
wolfnicole@woodard-estrada.org,1
 gali@scott.blog,-1
murilloangelica@curtis.name,1
barnessheri@nichols.name,1
cabrerabetty@@reyes.com.au,-1
juan11 @ mullins.io,-1
alex24@crosby-cross.edu,1
efields@ramirez-brown.net,1
castillojonathon*@durham-nguyen.com,-1
fowlerjason+news*@owens.ai,-1
msmith@evans-wilson.org,1
gutierrezcody@bryant.wiki,1
robinsonjohn@wood-bowers.ai,1
tracy51hughes.edu,-1
ymcdonald+news@@walsh.info,-1
lweaver@luceroedu,-1
carrollkimberly@cox.name,1
mdavidson@jones..net,-1
gwalker @ macias.org,-1
deborah75@melton.co,1
imoore@jones-parker.me,1
thompsonalicia@johnsoncouk,-1
walterscameron@@harris.name,-1
karlsummers@ferguson.io,1
qaguilar+news @ armstrong-cortez.co.uk,-1
 vkelly@alexander-owens.blog,-1
 jstafford@hill.net,-1
 mrichardson+news@gaines.info,-1
michelle35moore.io,-1
ngonzalez+news@saunders-anderson..info,-1
stephenskaren@duran-nelson.co.uk,1
walter29*@graham.com.au,-1
lindapotts@miller.name,1
melanie61*@murphy.org,-1
danarosales@fisher-rogerscouk,-1
dustin36@edwards.agency,1
millerkayla*@parrish.org,-1
richard29@sanchez..name,-1
lanceherman @ clark.wiki,-1
 vancedaniel+news@wright.agency,-1
ghayes@jordan.blog,1
 njones+news@campbell-santos.com,-1
brian95sanders-hernandez.wiki,-1
mileslarry@moody.net,1
nicole89@coleman-cook.wiki,1
robertwilliams@shaffer-thompson..name,-1
barronkim+news@@jones.co,-1
nathanmartin@garcia.me,1
smithbenjamin@jackson-smith.com,1
wrightvincent@swansonname,-1
michaelblack@benitez.name,1
 htorres@bryan.agency,-1
martinsamuel @ mitchell.co.uk,-1
westjohn@mccoy.com,1
charles42 @ barber.net,-1
joshuacarey@mack-garcia.blog,1
holly75@clark.org,1
hannah99@mcclure.edu,1
solischeryl@richards.name,1
johnsonmeghan+news@@boyd.co.uk,-1
powerssteven@mason-hart.me,1
ghillodonnell.org,-1
loribanks@ford.agency,1
webbdalton*@cummings.agency,-1
jonathan63@diaz..edu,-1
carolynhardinmontgomery.wiki,-1
rmurphy@salinas.ai,1
stacie31@smith.me,1
mjohnston@rivera-rodriguez.blog,1
barrdaniel@heath-white..io,-1
joshuamorris@ellis-gardnercom,-1
sandovalmartha@holmes..co..uk,-1
 zyang@hicks.ai,-1
nathanjohnson@kemp.co.uk,1
joshuaherrera+news@charles-downs.blog,1
marialittlemiller-sullivan.com,-1
jhowell@cline-king..agency,-1
josephmartinez@hunt.agency,1
wardshawn@bryant-mitchell.org,1
paul89@mcbride-jenkins.com.au,1
dvaughnramirez.net,-1
baileyderek@fox-rodriguez.co.uk,1
gonzalezsteven@lewisagency,-1
zramos@holtco,-1
pjones@powell.info,1
roger53@@zimmerman.com,-1
ugutierrez@smith.name,1
cindywilson@hensley.blog,1
csimpson@miller.com,1
ddaugherty@vincent-mossblog,-1
tyler87@herrera-carter..wiki,-1
igillespie@clark.ai,1
elizabethruiz+news@alvaradocom,-1
felicia30+news*@mcdaniel.co,-1
robinsoneric@campbell-robertson.co.uk,1
catherineparks+news@harveycom,-1
vmoore+news@ward-adams.info,1
williamsjonathan@mitchell-manning.wiki,1
tanyasmith@kramer.io,1
alyssaturner@walter.blog,1
stevenfranklin@simmons.com.au,1
eddie41huerta.info,-1
friedmanlisa@mason-sanchez.edu,1
klinemichael@fuller-walter.net,1
sparksmichael*@wallace.info,-1
shannon17@hunter-thompson.io,1
thomashorne@edwards-riggsedu,-1
ricejulia@hayes..net,-1
cfitzgerald@mckee-fry.co.uk,1
baldwinpatricia@johnson-young.info,1
moraadam@olson-brown.name,1
btuckerwilliams.co.uk,-1
sonya78@parks.org,1
 keithgreen@cook.ai,-1
sharpmichael@brownwiki,-1
browngregorybell-armstrong.com.au,-1
 carriefrye@lopez.io,-1
adamsnow@williams-jackson.ai,1
samantha10@mathews-schwartz.blog,1
hortonerin*@jones.org,-1
hendersonrobynwashington-fleming.edu,-1
poolekelly@@carlson.com.au,-1
dglenn@@harris.blog,-1
andrew56@barnett..io,-1
pmcclure @ aguilar.blog,-1
tyler04@patrick.edu,1
darlenebarnett@owens-shepard.agency,1
pwilliams@hall.net,1
nchan@adams.info,1
brianjones@oconnorinfo,-1
wgentrywilliams-hayes.net,-1
 michelle40@thompson-davis.io,-1
richardsontodd@rice.net,1
heathheidi*@johnson.io,-1
cohenrebecca@klein.com,1
kelsey42@williams.org,1
christine15mercado.ai,-1
qbell+news@stevenscomau,-1
udavis@@palmer.ai,-1
jeffrey18*@jackson-hoffman.co,-1
stacey53@lee.net,1
vboone @ brown-perez.info,-1
 jennifer42@oliver-salinas.org,-1
crystal19@barnes..edu,-1
emilybuck*@baldwin.net,-1
zhill@ortega.me,1
 hmorgan@thompson-owens.wiki,-1
lporter@@sherman.edu,-1
villanuevazachary@jones.co.uk,1
michele50@weaver.blog,1
glennwalker@lopez.me,1
davidshea@rose.me,1
btaylor@perez-carpenter.edu,1
shanesmith@chencouk,-1
bethany33*@clark.info,-1
stephenbrownchavez-walsh.com,-1
wheeleradam@anderson.ai,1
mitchelljackson@macdonald-morgan.io,1
williamsutton@williams.io,1
kyle53@mullins.info,1
angelaruiz@wood.edu,1
davidlewis@cain-bailey.agency,1
bakerphillip@evans.ai,1
jasonmurphy @ nelson.wiki,-1
ericsims@campbell.net,1
 pughanna@clark.com,-1
clayton78henderson.com,-1
qmcclure*@robertson-hernandez.com.au,-1
wbarnett@moss-smith..co..uk,-1
jimenezpatrick+news@petersen.info,1
markrodriguez@flores.org,1
treynolds@lopez..co,-1
qking@@porter.wiki,-1
etaylor@price.blog,1
maythomas*@ayala.edu,-1
kylie93@mack-barajas..me,-1
paul78@davis.agency,1
brownxavier@black.edu,1
jay44@rosales.org,1
jessesherman@johnson.com,1
stacyscott@dillon..net,-1
cochranmelissa@flores.net,1
roberthammond@lambert-nguyenagency,-1
tbirdcardenas-walker.co.uk,-1
hkeller@@curtis.agency,-1
chad97+newsdixon.agency,-1
mitchellmackenzie@howard.com.au,1
madisoncontreras*@young.blog,-1
emmabriggsreyes.com,-1
mosleysararomero-stewart.name,-1
shannon09@park.agency,1
 jeremylindsey@smith-welch.co.uk,-1
goodwinchristine@miller-noble.net,1
marklane@barry.co,1
mullentheresa@williams.com.au,1
margaret45@ramoswiki,-1
greenrandy@spencer-hamilton.wiki,1
cgonzales*@reyes-brooks.com.au,-1
hamiltonmolly@lin.com.au,1
 tinatorres@smith-parrish.agency,-1
 bullockhenry@fields.name,-1
yleblanc@thomas-walters.name,1
 ericsmith@moore.co.uk,-1
nashbrian@acosta-merritt..edu,-1
jameswalker*@cook-turner.com,-1
isaac12*@cobb.edu,-1
newmanpatricia@miller.me,1
melissathompson@batesio,-1
sarah25@miller.co.uk,1
karen88@davenportai,-1
rebeccawinters@perez.org,1
grusso @ castaneda.ai,-1
williamhughes @ hobbs-hopkins.net,-1
dhicks@cunningham-rhodes.io,1
richard66+news@cline.agency,1
amber67 @ collins.name,-1
cdavis@hernandez-welch.com.au,1
hansenlauren@burke.co.uk,1
ellismichaeltaylor.org,-1
brandonscott@bailey-hinton.me,1
pnelson@@sawyer.ai,-1
 anthonyhall@larson-kelly.com.au,-1
gloria85hardy-ellison.agency,-1
bobby29+news@cisneros..co..uk,-1
shannonvargas@carlson.co.uk,1
osbornejose@brown.wiki,1
matthew56+news@clark.co.uk,1
morganjessica @ ryan.com,-1
 lrodriguez@robertson.com.au,-1
angelica78bolton.io,-1
kennedyamanda@novakcomau,-1
ginagainesmorales.wiki,-1
lyoung@@perkins.net,-1
rachael08@west-hodges.co.uk,1
lindsaywright@lloyd.agency,1
 villarrealpeter@allen-golden.net,-1
donna10@thompson-harper.co,1
dennisdavid@@lopez.name,-1
 elizabeth53@cox.name,-1
amandahammond@ramirez-andrews.co,1
kevinwolf@thomas-wilson.com,1
eric23+news@lynch.wiki,1
salazarandrew+news@schultz.ai,1
bushveronica@morganai,-1
austinjames@evans.agency,1
vdavidson @ callahan.name,-1
webbshane@johnson-moody.io,1
daviddouglas@miller.name,1
gordon77@pineda.agency,1
 michaelwright@george.co.uk,-1
stevensmith@williamsonblog,-1
qhenry@taylor-jackson.name,1
 thompsonrobin@fitzpatrick.ai,-1
susanhunt+news@wilsoncomau,-1
rjensen@saunders.agency,1
xlong@black.wiki,1
james33@barron.blog,1
 cpreston@martin.info,-1
patrickhaneymelton.me,-1
jonathansmith@williams-sanchez..co,-1
richard13+news@@martinez-moore.edu,-1
barry48+news@hayes-simmons.co,1
deborahjones@johnson-miranda..com,-1
brownricky*@johnson.io,-1
timothygomez@smith-powell.edu,1
julia45+news@moore.me,1
 josephfox@morgan.info,-1
wanda94@sanders-vazquez.co,1
roy07*@simon.com.au,-1
paul63davis-zavala.com.au,-1
ckelly@smith.com,1
nicholsonjoseph@allen.io,1
nguyentanya@anderson..com..au,-1
garciatabitha@@jimenez-lynch.com.au,-1
jasmine40+news@lowe-hawkinscom,-1
 natasha57@hall-owens.blog,-1
 mrodriguez@lambert.com.au,-1
cruzderekcherry-arroyo.wiki,-1
pphelps*@farley.info,-1
nathanmontgomery@silvablog,-1
pcortez@ponce.com.au,1
iwalker@barnes-page.ai,1
revans @ norris.blog,-1
johnsonkelly*@gonzalez.io,-1
kbuchanan@rowe-vasquez.co,1
lisa18@stephenson.net,1
devinhenry @ peters-mendoza.com,-1
pamelamoore@beltran..com..au,-1
fernandoriley @ wise.me,-1
cody23 @ stevens.io,-1
christina92@gibbs.io,1
bmyers@castillo-parker.net,1
stewarterin@martin.wiki,1
lisaedwards@romero.org,1
strongjoshua*@stout.wiki,-1
 williamsmichael@dillon.org,-1
cassandra16@fox..co,-1
qschneider@@ramirez.co.uk,-1
stacey59@george.ai,1
davisjennifer@stanley.agency,1
zharris@robles-pittman.ai,1
 carol88@cox.name,-1
tiffanykey @ vazquez.co.uk,-1
lscott@atkinson-duran.io,1
iwalker@robles.edu,1
williamstravisstewart.co,-1
solismichelle@smith-howell.wiki,1
whitemichael@wright-miller..name,-1
lovemelissa+news@mckee..com..au,-1
kimberlymiller@@franklin-andrews.net,-1
jacksonscott@@rodriguez-griffin.net,-1
mcconnellmargaret@@robinson.com.au,-1
dustinperez@wallace.ai,1
jeffrey48 @ barrett.ai,-1
lisa33 @ hill-logan.info,-1
tylerjosephhart.com.au,-1
kaylazamora@colemanname,-1
mark69@mcknight-collins.org,1
vernon74@sawyer.agency,1
bgarcialong-malone.wiki,-1
elizabeth83king.co,-1
shannonturner+news@smith.edu,1
lewiswesley+news@pittman-williams.edu,1
torresangela@randall.org,1
gmurphy@villaio,-1
jeanette57 @ browning.ai,-1
hdavis@brown.blog,1
allisonjames@marshall.com,1
crosbysusan@diaz.wiki,1
william55 @ robinson-valdez.org,-1
jennifer14@mills.name,1
tina85@kennedy.blog,1
julierobinsonhuynh-davis.io,-1
charles48benson.ai,-1
olsenmichelle*@bird.agency,-1
 sandersnicole@rollins.ai,-1
 cameronjessica@taylor.name,-1
oadams@brooks-morrison.com,1
nmullen@dunn.co,1
caldwellamberjohnson-fisher.co.uk,-1
brittany44@hawkins-henrycouk,-1
sarah06fischer.io,-1
alan69@hood-johnson.com.au,1
alangonzalez@krause-moyer.org,1
garzasamantha@rodriguez.com.au,1
sgraves@acosta-gordon.co.uk,1
scottbrandon @ nichols-hubbard.wiki,-1
jillli@martin.name,1
seansanchez@irwin.agency,1
patriciacowan@park.net,1
joseph45@ellis.agency,1
samanthataylor@moody-mitchell.edu,1
ariel72*@briggs.ai,-1
maureenwells@stout.agency,1
joshuamcgrath*@perez-larson.com.au,-1
fieldswesley@james..ai,-1
flemingjessica@moyer..com..au,-1
mmitchell@bailey-sims.blog,1
lfisher@french-brown.co,1
 patrick09@contreras.net,-1
 davieslaura@george-rich.com.au,-1
leeadamburton.net,-1
kendrarivera@cox-brown.io,1
anthony62@bridges.com,1
nicolejenkins@sharpio,-1
millerlisa+news@@silva-johnson.info,-1
brianvargas@fischercom,-1
erogers@porter-bates..io,-1
brittneycampbell*@hood-daniel.me,-1
karencarter@li.org,1
sarafletcher @ smith-wright.com,-1
rowen@moore.edu,1
weberdonald@miller.edu,1
kennethmcgee*@lawrence.net,-1
charles18@alvarez.name,1
jeff97@richards-parker.com,1
william54@williams.info,1
manuelroberts @ monroe-jimenez.name,-1
clarkdawn@howell-gonzales.com,1
nicolas83@brown..wiki,-1
moorehannah@wume,-1
 johnwilson@payne.wiki,-1
omora@andrews-glenn.io,1
etaylor@cameron.edu,1
tschwartzdean-edwards.name,-1
lauracampbell@chavez.agency,1
wernerchristopher@king..blog,-1
fitzgeraldpamela@williams-gomez.io,1
merrittsteven@hicks.me,1
charles90@harrison-glass.io,1
figueroarobert@george.org,1
iespinoza @ schmidt-dickerson.blog,-1
 allisonbarr+news@jenkins.co.uk,-1
cruzbrittany @ thompson.com,-1
zacharyalvarado @ rogers-martin.org,-1
othompson@garcia.com.au,1
casedavid@terry..net,-1
susanlowerusso-moyer.org,-1
 stephaniejohnston@ward.net,-1
steven07@ross..com..au,-1
deanna80+news@mitchell-sanchez.io,1
marshtiffany+news@simmons.wiki,1
robin25+news*@morgan.ai,-1
robertsmith @ hunter.info,-1
andrewfisher@chapmaninfo,-1
unovak@guerreroblog,-1
dharrison @ fischer-ramos.ai,-1
vargaslinda@ramirez.info,1
 theresa10@rogers.net,-1
cobbsuzanne@webster-lee.io,1
john95@harris-evans.me,1
bbenjamin@@smith-pratt.edu,-1
pbowers+news@foster-berry.com.au,1
meganharrington@morris.com.au,1
richard34@lyons.edu,1
vmckee@joseph.edu,1
anthonysherman @ leach-hanson.co,-1
 fbrown@bauer-mora.agency,-1
dsimmons+news@aguilar.io,1
sheltonlaura@kempcouk,-1
wpalmer@morris.co.uk,1
catherineward@cross-millernet,-1
heatherzhang@harris.wiki,1
tatecharles+news@delgado.org,1
ylewismitchell-tate.co.uk,-1
cjimenez@terry-carey.info,1
osharp@vaughan..ai,-1
lauren60chavez.co,-1
amanda56+news@patel.blog,1
fordstacey@normanname,-1
rodriguezannafields.agency,-1
peter10@@sanchez.io,-1
nwilliams @ zavala.info,-1
carriemaxwell@harrison-riceorg,-1
benjamin21*@ford-orr.name,-1
idavid*@mayer.edu,-1
brendarivera@simmons-vaughan.co,1
susanmcdaniel*@carter.org,-1
 jennifergutierrez@velasquez-garcia.me,-1
jspencer@@yang-weaver.com,-1
phillipstanya@campbell.ai,1
linda37@baldwinwiki,-1
douglaslittle*@waller.name,-1
logandavid@davis-boone.wiki,1
vargasholly@@kirby.org,-1
levi36brown.agency,-1
gwood*@martinez-young.blog,-1
morriscrystal@watersai,-1
richardsamuel @ hensley.ai,-1
eric73@hardy.co.uk,1
fcollins@dudley.blog,1
rebeccamcbridebrown.ai,-1
thomasjennifer@sanchez-rice.info,1
zbutler @ cooke.co.uk,-1
mark21hill.com.au,-1
thompsonscott@tucker.ai,1
 robertibarra@padilla.agency,-1
angelacooper@schwartz-lane.co.uk,1
 mckeesara@townsend-sandoval.name,-1
drakevalerie+news@morenoname,-1
mwhite@erickson..wiki,-1
ejohnson@mcdonald.name,1
zunigabridget+news@cruz.com,1
samuelnixon@greer.co.uk,1
amyhardy@williams.info,1
sweeneyseanmiles-smith.co.uk,-1
zcollins+newsgutierrez-johnson.org,-1
fosternoah@shannon.org,1
brett35@brown-jimenez.co,1
jscott@nelson..ai,-1
chaseallison@wagner.co.uk,1
hgutierrez*@clark-cooper.com.au,-1
james13@duncan.com,1
rodgersronnie@ray-reynolds.agency,1
kelly02@@ferguson-morgan.me,-1
qbuchanan@curtis.io,1
 iramirez@miranda.org,-1
jamesbutler@oliver..wiki,-1
 acervantes@williams-smith.edu,-1
bobby21@peters.co,1
 kaylee33@hernandez.com.au,-1
melissa22+newsmartin.blog,-1
jessica32baker.co.uk,-1
ubeck@mcguireagency,-1
torrestimothy@murilloedu,-1
hollywoods @ kemp.blog,-1
boltonrichardparsons.io,-1
gregory13@jones-clark.wiki,1
jill98+news@marks-anderson..io,-1
sward@morton-kelley..ai,-1
santiagomadison@diaz.net,1
boltoncynthia@smith.name,1
xporter@lutz-anderson.me,1
yhernandez@kemp.blog,1
michael58@wallace.name,1
morrisonsarah@perez.com,1
michele89@torres.co.uk,1
jenniferdavis@johnsonai,-1
colleen67brown.com.au,-1
natalie67@johnson.org,1
robert53@gray.io,1
iharris@brewer.agency,1
davidgiles@anderson-rodriguez.com,1
brianwilliams*@johnson-brown.com.au,-1
osmith*@turner.wiki,-1
brandtchris+news@edwards.wiki,1
 michaelwilliams@sanders.ai,-1
peterskristi*@gardner-fisher.agency,-1
briannamoore@@jefferson-mahoney.name,-1
 lhaney@fisher-williams.me,-1
deckerdavidjenkins.me,-1
gdelgado@tylernet,-1
dwright+news@payne-elliott.co,1
rebecca89benson-johnson.io,-1
erica90@mcpherson.edu,1
michelleowens@benson.co,1
greenelizabeth+news@bailey.agency,1
eroberts@lewis.me,1
sreynolds@myers-hubbard.com,1
steven07@stevensorg,-1
yalvarado@@lewis.me,-1
christina82 @ lynch.wiki,-1
courtneyholland*@weber.blog,-1
qchapmancrane.blog,-1
williamsdaniel@butler-chambers.org,1
woodsellen@frankedu,-1
carlsonpatrick+news@perez-hoffman.com,1
daniel13@cook-barnes.agency,1
sarahlawson+news@brown.co,1
fgilbert@robinson.com.au,1
alexander14@@griffin.info,-1
amandaowen+news@fischerio,-1
uwilson@cox.co,1
sullivandebbie@rivera.info,1
curtisphilip @ fields-parsons.co.uk,-1
kramerlori@duncaninfo,-1
danielpollard@wilsonblog,-1
edwindavidson@harperedu,-1
stephanie43@hogan-ferguson..ai,-1
aaron65+news*@morgan.agency,-1
reneefisher@jennings.com.au,1
barbarajones@hobbs.blog,1
richard26@patterson-hughes.info,1
jessica30@brownme,-1
cmitchell @ moore.net,-1
whitneydaniel+news@hayes..ai,-1
timothy65@@martin.org,-1
glennpittman@wheeler.me,1
 pamelacole@shaw.co,-1
 floreschristina@campos-francis.com.au,-1
jarvisalexander*@morris.wiki,-1
scox @ shields.edu,-1
perkinsamanda@ramirez.ai,1
shanemartinez@williams.wiki,1
austinpatricia@madden.ai,1
amanda49+news@garrison-miller.org,1
petersonjohn@kelly-matthews.wiki,1
edavis@lee.com.au,1
colleenwerner@wallace..io,-1
breanna47+news @ weber.info,-1
ellisontina@mendez-arnold.com,1
martinmichaelnguyen.io,-1
heathsandra@kirk-lyons.ai,1
jennygarcia@martinez.co.uk,1
kenneth59farrell.blog,-1
lori79@howard-king.name,1
sarah85*@caldwell-cunningham.com.au,-1
wendy93@underwood.info,1
melissafritz@@cohen.org,-1
brittneybartlett @ johnson.co,-1
garciamelissa@brown-garner.org,1
jennifer78@reynolds.name,1
 jharding@watson.name,-1
 hannah69@webb.name,-1
jessicamedina @ robinson.ai,-1
sbarrett@crawford.com.au,1
jonathangarrett@barrera.org,1
yfranco@wilson-ruiz.name,1
meghanwilliams@evans.co,1
 susanhensley@lynn-alvarez.edu,-1
harrisjeffrey+news@martin.org,1
kenneth12@baker-nguyen..info,-1
bradleypatricia@brennan-warnerwiki,-1
daniel68smith.me,-1
qjohnson@@webster.com,-1
adrian01scott.blog,-1
angelaharris+news@ballard.ai,1
robert26+news@howell.name,1
nicholas56@clarke..name,-1
ramirezanna@gonzalez.com,1
larry64@boyer.org,1
bmurray@jones.com,1
scottwoods@hawkins-bishop..com,-1
nicholas57+news@gordon.edu,1
 simmonskaren@hamilton-hansen.edu,-1
kevin61@parker.org,1
jonathanli@bryant.com,1
brandon28@@meadows.com.au,-1
denise58@matthews-lloyd.com,1
aguilarhunter@jackson.name,1
qgentry@young.com.au,1
 rmcbride+news@swanson.blog,-1
washingtonrobert @ daniel-levy.ai,-1
jonallen@ross-walsh.net,1
david25@gonzalesblog,-1
aaron91@@brown.ai,-1
pcharles@jefferson.edu,1
cassie71@hamilton.name,1
dawsonjoseph@miller.io,1
ashley95@ball.agency,1
sheath@robertson.me,1
codyhenson@holmes.info,1
tdunn@krueger.org,1
morapatrick@@garcia-riggs.com,-1
khernandez@porter-wardwiki,-1
patricia22@moore.edu,1
jeffreystevens@lucas.com.au,1
lopezbrittany@watts-jonescomau,-1
jonathan80@scott-fitzgerald.co,1
ashleyjones@bass-oconnor.io,1
tmedina@@crawford.org,-1
thansen+news@stark-kaiser.ai,1
jonesmelinda@miles.me,1
vlopez+newshamilton.com,-1
michaelmichael@@bryan-clark.org,-1
ihenderson@greene-sandersname,-1
 lindsey33@chavez-pierce.net,-1
hleonard@smith.com.au,1
amy42@huffman.wiki,1
travis58@griffith-stewart.net,1
joseph21*@young.wiki,-1
corey07@rowe.me,1
 tkirk+news@ramos.co,-1
uwilliams@stephenscom,-1
hallchristina @ simpson.com,-1
teresa88@summers..wiki,-1
nancywalters@@espinoza-price.ai,-1
deborah25+news @ burns.io,-1
jbailey @ harris.info,-1
yrodriguez@king-jones.wiki,1
gbrownbenitez-west.wiki,-1
lovekimberly@clark-macdonaldagency,-1
ehunt@bradley.io,1
patelfrank@torres.co.uk,1
gtorres@webster.com.au,1
eporter*@williams.wiki,-1
david98@singh-norman.co.uk,1
gabriel15rodgers.wiki,-1
hthomas@@palmer-wolfe.wiki,-1
michaelpark@@miller.wiki,-1
lawrencemonique@ryan.co,1
portega@vega-hinton.io,1
dmills@armstrong.edu,1
cblevins@baldwin.co,1
jfitzgerald*@sharp-vasquez.name,-1
wturner@@stanton-hardin.blog,-1
yestrada@doyleedu,-1
roger66@levine.ai,1
twright@lowe.net,1
dbrowncarney.blog,-1
xrojas@berry-mills.ai,1
jimmy13@moon.com,1
caldwellcameron@stewart.com.au,1
nathaniel46@mason-johnson..io,-1
markrosales@@gilbert.name,-1
aaronwolfe+news@rogers.com.au,1
zbrooks@ortega.org,1
andreadavis@@pearson.net,-1
fitzpatrickjohnny@smith.blog,1
rogersmatthew+newsquinn-wilson.com.au,-1
kkrause@silva-schmidt..net,-1
 kimberlycameron@rivera.me,-1
kathy44*@pierce.blog,-1
amandayoung@nolan.co,1
 daniellebarnes@beard.info,-1
glennmary@hall.edu,1
crawfordstephanie@holt.io,1
kristophersnyder @ rivera.co.uk,-1
 david54@khan.me,-1
jonathanbutler@garcia-stephens.co.uk,1
uatkinson @ torres.ai,-1
 mcknightamanda@hughes-harper.co,-1
evansrobert@cooper-reynolds.org,1
erica78@brown..org,-1
harveylaura@baker-osborne.co,1
thomasfletcher@brown.ai,1
ericksonyolanda@johnson.com.au,1
melanie92@daniels.co.uk,1
twalters@lopezio,-1
sharrington@ferguson.edu,1
ncallahan*@boyer-brown.co.uk,-1
cindy79@james.name,1
schandler+news@ray.org,1
michelle71+news@marshall.co,1
daniel86@woods-alvaradoorg,-1
 bianca69@johnson-bell.info,-1
erin70+news@mendoza.me,1
caseyrobert@diaz.blog,1
william90 @ poole-payne.io,-1
cwatts@harding.co.uk,1
martinlauriehuang.org,-1
 michaelmann@green-garner.com,-1
 ramosrenee@miles.me,-1
eparker@bryant.name,1
 kristavaldez@edwards.com,-1
riveracolin@johnsonco,-1
natashaharmon@harris..com,-1
cody96@solomon-martinez.me,1
shawnwalker@gardner-galvan.agency,1
marvinlewis@leeme,-1
evelyn58@prince.co.uk,1
glewis@brownnet,-1
john92@coffey.agency,1
kdougherty@glenn.blog,1
melissaalvarez@cooper-taylorwiki,-1
 lauren38@martin.info,-1
vsanders@@lozano.co.uk,-1
ryan19moran-williams.me,-1
djones@smith.name,1
 palmerkimberly@olson.blog,-1
nmorris @ romero.wiki,-1
robert08@smith.edu,1
carrie68@murphy.wiki,1
reginald92@lewis-decker.blog,1
acoleman@trujillo.co.uk,1
hamiltonstevenbutler.agency,-1
taylorrenee+newscoleman.wiki,-1
vwright@cook-chang.co,1
danielle70@wade.info,1
mayojennifer@@miller-rogers.co,-1
john21@phillips.com.au,1
ruben98@white-whiteedu,-1
ascott@mckayinfo,-1
sarabell@@lester.co,-1
shane69@summers.ai,1
wellsrobertmckay.io,-1
igarcia@estes-smith.co.uk,1
annettecartermoody.wiki,-1
ufisher@@coffey.io,-1
cbennett@montgomery-chen..agency,-1
cmartinez@@montgomery.info,-1
ericsherman@randall-evans.net,1
angela14@wiley-miller.edu,1
madisonramirez*@harris-caldwell.com,-1
collinschristinescott-rivera.blog,-1
audreyporter@mayer.org,1
jared92@glass.org,1
philip33@hunter.co.uk,1
gabrielle02coleman.net,-1
mitchellmatthew@@wolf.name,-1
zorr@hall.info,1
darrenrivera@guerrero.org,1
bradjennings@harrington.com,1
 jfrank@howard-lawrence.com,-1
nmoore+news*@johnson.com.au,-1
jjones@wyatt.net,1
jwarren@boyer.agency,1
deanhill@martin-whiteinfo,-1
kennethporter@zhang.org,1
 jfranklin@romero.me,-1
gwyatt@eaton-bell.io,1
mrogers @ carter.agency,-1
 kimamanda@warner-cooper.info,-1
flarsonmcclure-dunlap.com,-1
barnesdavid*@valencia.co.uk,-1
msantiago@daniel.info,1
 juarezjennifer@moran-martinez.agency,-1
duanehumphrey @ kelley.edu,-1
buchananandrew @ smith.ai,-1
smitherin@mcknight.co.uk,1
hblake@gutierrez-hansonagency,-1
russelljonathan+news@thomas-keithio,-1
duncanjessica+news@davidson.blog,1
lhanna@johnsonname,-1
ochoadevon@@fields-dennis.com,-1
fieldscarol@butlerinfo,-1
vjenkins@bowen.co,1
carlrobertson@shepard.com,1
matthewkim@bowman.agency,1
yshort@@king.com.au,-1
michael10+newsguerra.co.uk,-1
smithkerri@wallace.me,1
millerjames@rivera.net,1
osanchez@baker.me,1
hortonbrent@king.name,1
ashley51+news*@james.me,-1
coreypotter@soto..name,-1
tfoley@@steele.name,-1
angela70@pope.wiki,1
marcusbaker@boone-baldwin..wiki,-1
salazarchelsey@byrd.co.uk,1
yjacksonwatson-elliott.blog,-1
rjones@jackson.co.uk,1
jasondiaz@barnesagency,-1
barbara29@chavez.wiki,1
mcbrideanthony@@knox.io,-1
ghart@delgado..wiki,-1
lisa54@gonzalez.com.au,1
 michael43@johns.com,-1
 masonamy@weaver-wilson.edu,-1
davidmcdonald@@cruz-patterson.io,-1
amycontreras@porter-dixon.co,1
patricia77 @ knapp-duffy.name,-1
acopelandgonzalez-rodriguez.net,-1
bentonashley@curtis-rodriguez.ai,1
donnawall*@sandoval.me,-1
andrewskaren@waller-scott.edu,1
christinehahn@taylor..com..au,-1
nkline@garcia-thompson.agency,1
brendamiles@young-stone..org,-1
hoffmanbeth@morris.blog,1
alvarezwilliam@gillespie.net,1
georgeharris@wagnercom,-1
martinjesus@estes.com.au,1
brookegates+news@taylor.co.uk,1
steven69*@wood.edu,-1
amberramirez @ frank-martin.edu,-1
albert53@thomas-becker.io,1
andrearamirez@hart.co,1
hernandezlauren@brown.ai,1
matthew84+news*@swanson.com,-1
chadlewis@quinn-lopez.blog,1
christinewhite+news@smith.net,1
fneal@ramirez.ai,1
lindarobinson@eaton.co,1
 leblancian@clay.name,-1
sandy77@blair-davis.ai,1
christopherstone@aguilar-webb.co.uk,1
brandy74*@freeman.io,-1
linjody@martinez-young.io,1
amandaharvey@morris.info,1
ldunn@ruiz.blog,1
westamanda@ramirez-odonnell.edu,1
mwashington@wilkerson.com,1
piercetracey@kidd..wiki,-1
qshepard@mckay.net,1
kimberlytaylor@@mullins.co,-1
wilsonjoshua@ramos.co,1
jensenjerome@burgess.org,1
karenwilson@jones.org,1
 melaniecampbell@johnson.blog,-1
martinezjason@@brown-walter.ai,-1
melinda08johnston.com,-1
 velazquezbenjamin@peterson-burke.co,-1
jayalvarado@hubbard-bailey..com..au,-1
stevenchurch@armstrongwiki,-1
fmccoy@holland.io,1
younglisa@stein-wu.agency,1
jamessoto@phillips.co.uk,1
fredericktodd@black.ai,1
porterdestiny@sanchez.agency,1
danielwood*@brock.blog,-1
arthurgibbs@sancheznet,-1
matthewdowns@clayton.co.uk,1
rossvictoria@blackburn.io,1
 michellepatterson@francis-castro.ai,-1
xnolan@@gibson.info,-1
amydaniels@hooper.com,1
daniellesimmons @ ewing.wiki,-1
paula57 @ davis.name,-1
stephen15austin.org,-1
collincameron@dominguez.co,1
fwood@patterson.co,1
tallen*@lewis-adams.agency,-1
ojimenez@lawrence.me,1
brucehernandez@neal.net,1
ryanmorales@@tate.com,-1
danielhill @ diaz.com.au,-1
 nperry@lang.name,-1
jcooperbennett-jackson.info,-1
hunter39@patel.wiki,1
craigdavis+news@massey.net,1
sarahvasquez@@parker.net,-1
terri07 @ thornton.info,-1
 adrian49@reynolds-huffman.ai,-1
markgonzalez*@owens.io,-1
chanmatthew@castro.org,1
wrightdarius+news @ fernandez-wise.co,-1
rita91@@williams.co,-1
gcastillo@@page.agency,-1
robin79leach-brown.io,-1
xflores@zuniga.com.au,1
iperez@gutierrez..wiki,-1
angelwallace@may.edu,1
michael88miller.blog,-1
haleyjennifer@moore-owens.edu,1
joshuasanchez@dickson.edu,1
angela81@lee.com.au,1
lisamitchell@pollard-ingram.co.uk,1
 hamiltonzachary@williams-nichols.com.au,-1
jonathanmeyers@long..com..au,-1
vcallahan@hunt.com.au,1
patricia03@shepard-young..co..uk,-1
jared58 @ bolton.net,-1
vsmith@richardson.me,1
jillian91+newspetersen.me,-1
prattjuan@thomas.name,1
george15@wheeler..com,-1
jonesrebecca@warren..agency,-1
hbecker@gonzalez-cruz.net,1
mhayes@rogers.com,1
fordmatthew@richard.co.uk,1
 williamkrueger@nguyen.blog,-1
idickerson+news@gutierrez.io,1
khicks+news@cooper.wiki,1
brenda10+news@elliott..com,-1
katherinepena@mcdowell-martinez.org,1
 whitejuan@allison-mason.wiki,-1
evansdebra@fox.io,1
kellysmith@myers.ai,1
bennettnicholas*@smith.edu,-1
kimshaw+newshodge.com,-1
stephaniemcmillan@griffin..me,-1
timothy18@martin-jones.co.uk,1
derrick36@jacobs-johnson.co.uk,1
lisa41+news@ellison.net,1
lisarobertsonthompson-ray.wiki,-1
ryandiaz@leeco,-1
wclark@barry-huff.wiki,1
brooksjonathan @ edwards-anderson.co.uk,-1
tadams@cruzname,-1
lisa55@reyes.wiki,1
matthewdavid@ramirez.co,1
andrewramos@riley-braun.ai,1
dnicholson+news@miller.org,1
zwilson@@morgan.io,-1
oliverstephanie@gordon.info,1
herreragwendolyn*@mora-harding.me,-1
fhuynh@shaw-shaw.wiki,1
 hrussell@hogan.ai,-1
jose09@pineda-nelson.io,1
ubanks@adams..edu,-1
valeriemontgomery @ cohen-white.me,-1
carol00@ward.ai,1
 christopher27@cardenas.io,-1
andersonjoshua*@mendoza.wiki,-1
richard45 @ jordan.me,-1
paulaochoa@pearson.net,1
andersontina@clay.me,1
blacklawrence*@walker.com,-1
schwartzamyjackson-morales.ai,-1
paynechristina@lee-hull.io,1
huffjacob@galloway.name,1
jonesana@faulkner.co.uk,1
brian96@barnes.co.uk,1
mariaali@baker..name,-1
tanya29@smith.co,1
 cpowell@frank.org,-1
brandonclay+news@carter..agency,-1
taylorjesus@palmer-hall.edu,1
jamesdonaldharrington.co.uk,-1
christopher05+news @ lin.org,-1
 philip74+news@hoffman.io,-1
mark25@sparks.com,1
smithjared @ mahoney.io,-1
rachel20@@wood.me,-1
courtneywood@williams-russo.me,1
jonesmonica@carroll-jones.com,1
micheal16@diaz.agency,1
gcaselevy.co,-1
obrienrebecca@@cisneros.wiki,-1
laurie73*@ray.blog,-1
larrychase@baldwin-williamsname,-1
vharding+news*@wilson-carter.ai,-1
crystal80@hernandez.co,1
ewashington@garrett.io,1
richardwelch@garcia-peterson.net,1
sandraanderson@ross.edu,1
danielthomas@stephens..org,-1
lisafernandez@morrison-lewis.wiki,1
 judithskinner@smith-porter.wiki,-1
sharonjones+newsjackson-hanson.co,-1
michael24@sullivan.com.au,1
sherry23@martinez.info,1
robersonalexandra@ramirez..wiki,-1
christinashelton*@coleman-smith.edu,-1
 kevinstrong@walsh-miller.io,-1
jameswoodard+news*@palmer-sandoval.io,-1
 john48@sheppard.co,-1
hamptondavid@frazier.co.uk,1
adunlap @ swanson.org,-1
elizabethrogers@gregory-walter.net,1
karen59@harvey-mcclureedu,-1
randalljason@gallegos.wiki,1
victoriashannon@swanson.co,1
 randall15@walton.info,-1
morrowpatrick@wilson.net,1
michael94@lee.agency,1
kelleyjeffery+news@zamora-weiss.wiki,1
elizabeth43@allen.info,1
tom32@mcdaniel-lewis.net,1
stevenstrong @ hall-stewart.net,-1
uhunter@booker-webbedu,-1
kennedyamanda@rodriguez.info,1
cynthiafox@martin-glover.blog,1
bettykelley@@taylor.net,-1
tyler41mooney-torres.wiki,-1
melinda25@@barnes.wiki,-1
emily21*@stuart.io,-1
michelle71@bennettwiki,-1
adammoore*@walker-brown.co.uk,-1
lisapeterson@russell.com,1
archerjoshua@hodge.com.au,1
rebecca96@branch-richardson..co..uk,-1
glennligarrett.net,-1
calhountiffany@moore-mills.wiki,1
paulnorris@wong..co..uk,-1
cavery@neal-montgomery..org,-1
david64@harris.wiki,1
qhamilton@cook-patterson.me,1
donaldsavagestout.info,-1
phutchinson@gray-orr..io,-1
lmiller@reyes.org,1
parkpamela@richards..name,-1
angela58@powers-potter.name,1
dennisherrera@sparks..blog,-1
jjones@tapia.ai,1
anthony50@lambertcom,-1
kristenluna@kim.agency,1
 wrightmichael@howe.agency,-1
judykelly@wilson-jackson.org,1
bryancarson+newsnorton.com.au,-1
ywhite@beasley..net,-1
mitchelltaylor@smith-hunter.org,1
samuelschultz@todd.co.uk,1
brian72+news@miller.co,1
haysmargaret@spencerblog,-1
martin56@sandoval-larsen.com,1
jamesmahoney@@thompson.org,-1
rodriguezamanda@coleman-gallegos.edu,1
blevinscatherine@gordon-klein.co.uk,1
iramirez*@robinson-bentley.io,-1
jason04@anderson-wadecomau,-1
mcknightkimberly@hernandez.info,1
amy53 @ payne-white.com.au,-1
fholmes@patel.info,1
andrew51*@anderson.blog,-1
lynchsarah@lee..co,-1
thomaswolfe@@walker.wiki,-1
zwoods*@sanchez-baker.com,-1
earnold+news*@hall-allen.edu,-1
michealanderson@hammond-ball.info,1
vjones@wall-tyler.co,1
zjordan@young.com.au,1
theresa97+news@@york.com.au,-1
smatthews@caldwell.com.au,1
russelljones @ smith.net,-1
cranekenneth@@wall.name,-1
erikamitchell+news*@fuller.ai,-1
michaelburton@chung..co..uk,-1
robin63@cannon.com.au,1
peggybailey+newsramos.co.uk,-1
wgomez@cooley.agency,1
moniqueroberts+news@odonnell.com.au,1
thorntonjohn@kim-santiago.org,1
parrishryan@valentine-kaufman.name,1
 sarahfuller@macias.io,-1
joshua47@murphy-horton.edu,1
april95@romerome,-1
paul65@sanders-lang.org,1
washingtondustinbuckley.me,-1
bking+news @ webb.com.au,-1
jeremyfields+news@harrison-vazquez.io,1
iturner+news@flynn.co,1
crystal39@medina.co,1
dyerjoshua@bates.info,1
hillemily@ferguson.co.uk,1
erin94 @ baxter.com,-1
thorntonpatrick@martin.io,1
 adkinssean@hall.com,-1
qdominguez@patel.name,1
stacy49@friedman.info,1
xandrews+news@perry.wiki,1
mguerrero@@gomez.net,-1
kristinaanderson@gibbs-sanchez.blog,1
jeffreyjones@parker.ai,1
travis24@butler.com,1
johnrodriguez@smith.co.uk,1
scottprice*@salinas-page.co.uk,-1
heidi95@lee.com.au,1
wallacehenry@roy.com,1
ramirezdouglas@vargas.net,1
candiceramirezmelton.co,-1
jeremyford @ brown.net,-1
hufftanner@hunt..co,-1
lbecker@peters..io,-1
amanda89@mercado-pollard.info,1
qgonzalez*@watts.io,-1
ronaldellis@simpsonagency,-1
michelle31@@gutierrez.agency,-1
fisherjoseph+news @ nguyen-fox.co.uk,-1
zbaker@jimenez.com.au,1
debbieroberts+news@foster-miller..me,-1
xellis@martinez.co,1
tammy04@nichols.io,1
bsanchez@church.name,1
rwilliams@stevens.com,1
hford@cantunet,-1
mooremark+news*@lopez.net,-1
john25@nelson.me,1
vasquezmatthew@turner-wood.wiki,1
watkinson @ trevino.me,-1
thomasjohnson@davidson.info,1
teresaking@johnson.me,1
jcannon@huerta-martinez..io,-1
scottsims+news@martinez-floresedu,-1
bishopvictoria+news @ bowers.ai,-1
mcclurerichard@thomas.ai,1
rbolton@rodriguez-grant..co,-1
torresdavid@martin.name,1
lisaobrien*@ramirez.name,-1
srussell+news@keith-jenkins.net,1
johnsonbrianna@ortiz.agency,1
ivan39*@aguilar.agency,-1
zwilliams @ gonzalez.io,-1
sholmes@campos.ai,1
millerjeffrey@leon..wiki,-1
jeffreysanders@howell.me,1
jason84@@nelson.com.au,-1
beasleymark@@leonard.blog,-1
taylorashley@salazarco,-1
angelamoore@adams.net,1
andrewmorris*@martinez-hernandez.net,-1
matthewschmitt@sparks-phillips.me,1
jamiecobb @ butler.com.au,-1
sabrinaobrien@perez-durhamco,-1
xjacobs@herrera-ford.com.au,1
erinmoore@johnson.wiki,1
vgould@lam.com.au,1
michellelozano+news@castro-hunt.ai,1
theodoreacosta @ moore.co,-1
lawsonmonica@calhoun.co.uk,1
kentjeremy@soto-werner.com,1
mario37+news@myers-woodard.co.uk,1
stephenrice@russell.wiki,1
aliciabean+news @ henderson.agency,-1
robert60 @ torres.info,-1
kellylisa@walters.com.au,1
whitecrystal*@nelson.com,-1
brownbrandi @ martin-harris.com.au,-1
harrisonjamie@lopez.com,1
cynthia80@harper.com.au,1
alicia91@lynnai,-1
hgutierrez@@pearson-harrison.co.uk,-1
mileserica*@fisher.edu,-1
annawells@jones-rojas.blog,1
daniellestevenson@cole-griffin.ai,1
daniellerichards @ davis-white.wiki,-1
turnerrobert@gomez.blog,1
slivingston@chaney.info,1
susanpalmer+news@roach.ai,1
michael38+news@koch-hicks.io,1
samantha56@harper.edu,1
brian36+newswall.net,-1
lgallegos@stevens-garrett.me,1
nicholsonchristopher@barnes-torres.ai,1
 paula41@willis.co.uk,-1
wanda39@@palmer.blog,-1
amarshall@chapman-flores.org,1
johnsonshane @ holt.blog,-1
norma56@garcia.com,1
suzannevaughnmartinez-moore.ai,-1
daniellesteele@murphy..agency,-1
emilykelly*@brown.agency,-1
riosbeth+newsmontgomery.blog,-1
thomashinton@@johnson.org,-1
wallaceamber@watson.co,1
waynehaynes*@banks.net,-1
michelle07@pratt.edu,1
brian80@watson-tranname,-1
 ronald35@kennedy.edu,-1
joshuafarmer@mendoza.io,1
maria55@martinez.co,1
patelbrian @ hendricks.org,-1
lharvey@@solis.name,-1
eblake@kelly.name,1
lisa03@harmon.io,1
christinarodriguez@jenkins.edu,1
olsonbarry@vargasco,-1
christopherhart*@lowery-adams.io,-1
annacollins@terryco,-1
brittany82@@bullock.wiki,-1
davidsmith@collins-rodriguez.ai,1
benjamin11+news@patel.org,1
dawn43@nguyen.name,1
terickson@harding.io,1
chris79@wheeler-peck.edu,1
dharper@miller.io,1
 barajascharles@martinez-juarez.name,-1
mariah68@morales-griffith.edu,1
tjoseph@christian-williams.ai,1
allenkaren@smith-lopez.net,1
vhanson@@molina.blog,-1
tdouglasfriedman-allen.io,-1
anamartinez@romero-bellco,-1
ggarcia@harris..blog,-1
kellywoods+news@collins.com.au,1
pbryan@choi-bryant.info,1
frankhoward@yang.name,1
rerickson@@patterson.blog,-1
gvillanueva@moore.me,1
jimenezaaron@sandoval-ferguson..net,-1
mdixon@lindsey-allen..me,-1
williambyrd@sampson.name,1
marvinfriedman@sanchez-vasquez.agency,1
jeffreytaylor@garrison-gallegos.info,1
cthomas@galloway.wiki,1
jonathon94@smith..info,-1
edward07@mcclure.edu,1
campbellmichael@parks.info,1
liumonique@payne-meadows..com,-1
nicholas79+news@parker-hughes.ai,1
lindahunter@johnson-lin.com.au,1
ccallahangarza-boone.blog,-1
ifowler@fitzgerald-lewis.co.uk,1
pwilliams@liu.edu,1
nicholsbilly@walters-martinez.edu,1
david30 @ smith.co,-1
livalerie@lopez-camacho.agency,1
lmichael@mercado.org,1
icastro@chavez.co,1
sbrock@brown.co,1
kwilliams@hamilton-spears.blog,1
uross@@jackson.me,-1
knightsean@romero-khan.info,1
katherine74+news@horton.agency,1
ruizzachary*@erickson.io,-1
brittanycastanedamoore.net,-1
youngbenjamin+news @ wagner.wiki,-1
ryanbailey@andrews-turner.net,1
 nicholas14+news@berry.edu,-1
lawrence91@bauer..io,-1
sandy62*@maldonado.com.au,-1
fosteredward@sanchez.net,1
rhondahensleybernard.co.uk,-1
randylee@sharp.com,1
darylwright@mercado.me,1
pamela54@perez.io,1
jacobnelsoncunningham.edu,-1
vlivingston+news @ carter-williams.blog,-1
sgolden@klein-parker.co.uk,1
taylormatthew@rodriguez.agency,1
johnstone@ramirez-baxter.name,1
hphillips*@bennett.net,-1
christopherbautista@anderson-humphrey.wiki,1
nstewart@@garcia.name,-1
taylorjudith@moorecomau,-1
kramerteresa@buckley-fritz.co.uk,1
 csheppard@harris-wilson.org,-1
brandidavis@benton..com,-1
qholmes@brown-hamilton.edu,1
kathy95@@smith-rogers.info,-1
bmitchell@mills-phillips..name,-1
harriswilliam@@weaver-meadows.ai,-1
jessica41@gregory..org,-1
erin23@yang.co,1
smithkimberly@jackson-flores.net,1
rodneymcmillan@white.info,1
 tcoleman@hanna.me,-1
lucas12@martin-parkerme,-1
nthompson@nicholson..ai,-1
diamond58@cooper.io,1
xpowers@davidson.co,1
mcgrathronald@young..co..uk,-1
jill95@woods.ai,1
smarquez@christensen-wheeler.agency,1
carrieholmes@stewart.co,1
alvarezgregory@wilson-moody..co..uk,-1
daniel95@doyle-cook.edu,1
burnsalec*@phillips.co,-1
adamsbrandon+news@luna-morris.com,1
flynnjamie@gilbert-sanchez.wiki,1
randall06@klein..io,-1
john48@cannon.name,1
pedro64@holland.wiki,1
bowenashley@lawrence.wiki,1
vdavis@@simmons.org,-1
kimberly80*@turner.name,-1
parsonsmark@moore.org,1
 robertskevin@williams-mclaughlin.com.au,-1
fuenteskelly@pacheco.info,1
qberg@ross.blog,1
pughjames*@rodriguez.blog,-1
eevans@taylor.com,1
ngriffinpreston.org,-1
crobinson@warren.org,1
melaniemiller@perry.co.uk,1
cmartinez@peterson-sanders.ai,1
darrenwallace @ vazquez.io,-1
websterbryan@valdez..co,-1
 nancy17@watson.info,-1
aaronespinoza@baldwin-mejia.wiki,1
emoon@alvarez..info,-1
kristi01*@rivera.org,-1
natalie33@@williamson.co.uk,-1
traceymarshall@rowe.io,1
wkeller@butler..agency,-1
karen28@jimenez.info,1
rconrad@wiggins.info,1
halljohn*@hunter-ortega.name,-1
sharonjohnson@deleon.com.au,1
ericaherrera@rossio,-1
rgonzales@arnold.agency,1
barbarawatson @ farmer-simon.name,-1
michaelwilliams@alexander.com,1
jonathanerickson@kelly-hudson..co,-1
stevensbrenda@lee-lewisagency,-1
stephanie91@turner.co.uk,1
ahernandez@hoffman.ai,1
rlopez@frederick.co,1
mary52 @ king-hensley.com,-1
fosborne@soto.edu,1
luispennington@griffith..com..au,-1
markfuller@simonwiki,-1
adam96mendoza.com.au,-1
reidlinda*@rivas-benton.io,-1
kennethmiller@cardenas.co.uk,1
jimmy97+news*@brown.co,-1
nancy43@garcia.net,1
jmendoza*@thomas-richard.com.au,-1
mnichols@young.name,1
qchavez@russellwiki,-1
idavis@lopez-hancock.edu,1
nicholsnatalie@jackson-decker.me,1
gillespiebarbara@faulkner.ai,1
adam72 @ fitzgerald.co,-1
yorkdavid@martin-oconnor.info,1
michelle62@hines-robinson.blog,1
alex31@sanchez.com,1
jason67pena-cobb.co,-1
mhuber@williscom,-1
victoriachandler@edwards.ai,1
shopkins@anderson-williams.net,1
patelsamantha@sexton-martin.ai,1
nicolepeterson@bridges.agency,1
jatkinson @ williams.me,-1
johnfarrell@@foley-robinson.name,-1
dfox@riggs-pham.org,1
julie46 @ li-jones.wiki,-1
jonesamy@hogan.co.uk,1
deborah78@flores-hall.org,1
owells@monroeme,-1
elizabethwilliams+news*@oneal.wiki,-1
andrewmitchell@howell.edu,1
areeves@@johnson-randall.io,-1
qmiller@galvan.wiki,1
lucasjade+news@gallagher.org,1
barajassandra@hoover.com,1
paul81 @ howe.co,-1
hamiltonjeremy@aguirreai,-1
lauren78@potter.blog,1
jphillips@brown.io,1
richcarly@smith.info,1
karen10+newswalters-miller.co,-1
kingjack+newsdavis.me,-1
colemantimothy@simmons..com..au,-1
robertlewis@collier.io,1
angelica09@hernandez.name,1
camachocrystal*@freeman.agency,-1
garciamike@walsh.blog,1
powelllaura@howard-stephenson..net,-1
nsalas+news @ bennett.agency,-1
owhite+news@forbes-perkins.blog,1
 gbaxter@hanson.com,-1
johnstonjason@brown..blog,-1
eric72@johnson-mcbrideorg,-1
taylor13@lewis-sullivan.co.uk,1
wsimmons@hunter.net,1
samueljones@hopkins.co,1
grodriguez@hart-haney.me,1
scooley@@mack.ai,-1
lyoung@howell.name,1
cynthiapeters+news@henry.edu,1
ricekevin@vargas-mitchell.wiki,1
allenphillip@smith.blog,1
sharon15@smith.co,1
cfoster@black-smith.co,1
pedrohamilton@garcia-lucas.co.uk,1
staceycombs@livingston..co..uk,-1
sarah57@hansen.edu,1
joshuawheeler@hurst.net,1
kevinturner@mullins-davidai,-1
tchaney@rich-bernard.com,1
pcarlson@west..edu,-1
wilsonteresa@jones.name,1
crystal19@morgan-miller.net,1
jasmine03*@cummings.com.au,-1
roberto16@mclaughlin-jones..info,-1
susan41@wallace-garcia.ai,1
 tbaker@lewis.blog,-1
robert59@white-green..co..uk,-1
laura49@@oneal-davis.com.au,-1
danielletrujillo@@walsh.com,-1
terrihall @ watson.blog,-1
harveykaren@parker.ai,1
rebeccahess+news @ arnold.wiki,-1
esmith+news@rollins.com,1
sarahbaxter@taylor..co..uk,-1
suzannehayes@davis-miller.info,1
veronicarodriguez@griffin.me,1
fredstephens*@mcdonald.io,-1
 mkerr@hernandez-baldwin.blog,-1
emichael@park-carroll.name,1
psanders+newssellers.wiki,-1
zmartinez@anderson-stanley.edu,1
tmartin@hoffman.org,1
antonio13@hodge-cruz.co.uk,1
courtney25@gardner.io,1
ashley64+news@@simpson.wiki,-1
jonesbradleygonzalez.io,-1
ucooper@hodge.ai,1
fowlerrachel@miller-davis.co,1
qwillis+news@morris.com.au,1
tmcdonald@patterson.co,1
danamckee@erickson.agency,1
watersshelia@graham.agency,1
carlapettyhughes-hunt.name,-1
kaitlin65@johnson.me,1
brianfoster@martinez-thompson.net,1
 seth51@jones.agency,-1
jesusnelson@drake.info,1
carlsondarrelltaylor-johnson.edu,-1
ccosta@flores-williams..org,-1
juliechavez*@johnson-carlson.ai,-1
bmartin@@mason.me,-1
adrienne36@gonzalez-hancock.io,1
timothywolf@bowman.co.uk,1
tsingleton @ weaver-smith.net,-1
alexandercole @ lee.co,-1
tuckermelissadonaldson-frazier.com.au,-1
gsmith@herrera..info,-1
dmullen+news@davis.com.au,1
qjohnson+news@velasquez.com.au,1
 edwardnelson@oneill.name,-1
michael13@terry.edu,1
marcia25@morrow.ai,1
jenniferhouse@@hopkins.info,-1
oedwards @ olson.edu,-1
johnsonmichelle+news@hernandez-wilson.co.uk,1
jessicajohnson@mendoza..io,-1
rnielsen@daniels.co.uk,1
caleb12*@gomez.com,-1
scottharrison@jackson-hernandez.co,1
swansonteresa@reyes-taylorname,-1
ronaldcooper*@bowman.agency,-1
taylormyers@hoffman..org,-1
omullen@nicholson-russell..ai,-1
clarkdavid@rivera.agency,1
elizabeth11@bartlett.info,1
wilkersoncarolynreyes-williams.blog,-1
russelldeleon@weaver.ai,1
smithdavid@gonzalez.blog,1
vickijosephsawyer-reyes.me,-1
gbarrera @ mckenzie-dickerson.blog,-1
 monica98@shelton.com,-1
joankelly@morris-blair.blog,1
wendymilleroliver.ai,-1
robertglenn@robertson-anthonyedu,-1
lopezrobert@@anderson.co.uk,-1
wmiller @ atkins-george.info,-1
cunninghamrenee@powersinfo,-1
elizabeth65@manning.co,1
jcruz@russell.edu,1
goodwincraig@@williams-davis.agency,-1
 ylopez@harding-harrison.co,-1
jonesmolly @ mathis.name,-1
bonnievance*@long-chavez.com.au,-1
mark23@rogers-sanchezname,-1
regina43@bowen.ai,1
rbutler+newsgallegos.org,-1
kenneth23@weaver-goodwin.me,1
sharparielwheeler.net,-1
cgarcia@le.info,1
 jmorales@solis-hoffman.com,-1
carpenterjohn@stephens.co,1
jessicajones@white.info,1
bradysmith@white.edu,1
nhill@gomez.name,1
nicholsonchristina@mendez-barr..org,-1
matthewmorris@gardner.me,1
bjackson+news@chase.net,1
gbrooks@hunter.info,1
cooperkim@@chandler.edu,-1
qmathis@garcia.com,1
nfisher@anderson.blog,1
cdavis@shepherd.wiki,1
wilsonwillie@valencia.info,1
macdonaldpaul@lopez-williams.org,1
iramirez+news@brown.agency,1
davisandrew@arroyocouk,-1
oliverkaren@perez.co,1
schapman@lewis.name,1
xgarrett@wilkerson.com,1
maurice84@robinson..com,-1
jenny27@hart.io,1
perezsarah@@bell.agency,-1
jonathanmejia@@norton.com.au,-1
 djohnson@gomez.edu,-1
william75+news*@ward.com,-1
 timothyrose@young.co,-1
marshscott@frye-sanchez.edu,1
tanyarocha+news@taylor.name,1
shanefisher@york-evans.co,1
rogersrandybowman.info,-1
qlopez*@may.com,-1
juangordon@smith.info,1
sdavenport@young.org,1
 shellylloyd@collier.com.au,-1
catherine96@robbins-farmer..wiki,-1
crystal07+news@martin.info,1
zsmith@freeman.co.uk,1
scottperez@smith-mcdowellorg,-1
jsmith@carrilloinfo,-1
calvarado@vegacouk,-1
ofreeman@@dougherty.com,-1
 gregorywatson@mullins.edu,-1
 archermeredith@smith.blog,-1
bschultz @ washington-haynes.me,-1
calvinmorales@baker.io,1
paula57@ward..com,-1
paynesarah@jennings-perez..name,-1
richard65@marshall-websterblog,-1
pennyking+news*@phelps-gonzalez.org,-1
benjamin42@ross-keith.edu,1
ekeller@romero-avila.me,1
chris72@@garcia-barber.blog,-1
fletcherbrandi@moore.blog,1
jorge42@dunn-myers.me,1
smithjacqueline@fosterai,-1
cowanjessica@brown.co.uk,1
sflores@richardson.com,1
matthewwalker@anderson-mccormick.io,1
zmccarthy@duncan.info,1
christopher64@marshall-montgomery.co.uk,1
fstewart@nicholson-moore.com.au,1
nicholsonchelsea@ortiz.co,1
markrobertson@howell.ai,1
 cookjerry@davis.me,-1
joycekathryn@perry.blog,1
walkercarrie@byrd.ai,1
davislauren@webb.name,1
 johnsoncatherine@cox-hamilton.io,-1
rodgerslaurapacheco.blog,-1
fbird @ fuentes.co,-1
harold97park-melendez.ai,-1
emmawatkins@howard.co,1
jackward@greene-allen.net,1
hopkinsjacob@dillon-johnson..edu,-1
kimberlyherrera@patterson.me,1
williamsherman@fields-foxinfo,-1
qmartin@brooksai,-1
vincent76@smith-barron.edu,1
hjohnson@rogers..name,-1
meganlopez@kennedy-hallcomau,-1
bbell@stokes.me,1
deborahbrady@davis-trevino.blog,1
iwilkins@boyd.com,1
gmurray@@davis-murray.co,-1
angelagregory@crawford-brown.blog,1
williamsonalex @ vazquez.wiki,-1
qpeck@@flowers-smith.me,-1
yduffydougherty-jacobs.agency,-1
jtapia@moody-young.co.uk,1
victorhamilton@@hart.com,-1
sarah75hicks-tucker.agency,-1
townsendsteven*@lynch-warner.info,-1
 luis81@anderson.blog,-1
robertsmith+news*@hawkins.info,-1
 haleypatel@scott.info,-1
kevin77@jensen-smith.agency,1
 andrea08@elliott.co,-1
sbuck@hernandez..blog,-1
foliver+news@freeman.me,1
martinjustin@smith.ai,1
robertwilliams@smith.name,1
garcialauren @ nguyen.com,-1
patrick19*@krueger.me,-1
laurieolsen@perryagency,-1
christopherbrewer+news@lee.net,1
brittany45@contreras.ai,1
allisonjacobs@bradley.com.au,1
stevensnyder @ johnson-thompson.name,-1
batesrobert@curry.com,1
thomasmack+news@cruz.blog,1
ipowers@stevenson.name,1
lfields@boone.agency,1
gina22+news@ramirez.edu,1
randallwilliams@@spencer.co,-1
jasonjames@@phillips.agency,-1
xbaxter@@hamilton-nguyen.name,-1
 jperry@rivera.agency,-1
gardnersamuel@wilson-thomas.com,1
gonzalezkevin+news @ young-peterson.com.au,-1
jennifer49@robinson.edu,1
ybaker@@christensen-cox.edu,-1
pmorton@davidson-romero.agency,1
kimbrett@murphy.wiki,1
michaelcook@turner.name,1
vpeterson @ carter-king.com.au,-1
westjoshua@alvarado.wiki,1
haroldbrooks@@harris.com,-1
shawn42@watsonblog,-1
scott91@ball.com.au,1
laura25*@hernandez-phillips.co,-1
lopezjosephberry.agency,-1
michael33@castaneda.com.au,1
amber00@martin-kennedy..io,-1
harrellteresa@@martin-chen.co.uk,-1
wboyd@carter.net,1
pamela60@serrano.co,1
zsandoval@richmondai,-1
 stewarttheodore@doyle-berg.co,-1
ashley53*@kirk.co.uk,-1
klong@tate-ford.me,1
cookchad@kramer.info,1
watkinskathleen@solis-wilkerson.com,1
dunndavid@anderson.ai,1
arellanojennifer@kelly-murphy.wiki,1
 elizabethmiller@mcguire.com.au,-1
kathleen54@santos.co,1
kimjenkins@@pollard-shaw.agency,-1
joanncamacho@bailey.name,1
erinscott@williams.co.uk,1
clarkmary@dalton.wiki,1
mallen@bass.wiki,1
jenningstodd@hart..wiki,-1
jonesedward@cruz..io,-1
lewiskimberly@vasquez.edu,1
seanking@morris-miranda.agency,1
lisa47@brown.org,1
dorothy80*@glass.edu,-1
cameronfloyd@ford-campbell.com.au,1
ahodge@freeman.agency,1
josephmiranda@smith-snyder.org,1
troy90@maldonado-cooke.agency,1
jennifer13@hoffman.org,1
christinehicks@smith-stone.agency,1
sabrina06 @ lambert-mcdonald.com.au,-1
griffithjasonvazquez.co.uk,-1
bradleyharvey@adkins.com,1
mbaker+news@hooper-fernandezblog,-1
leekenneth+news@tran-bentley.co,1
perkinsalbert+news@walker.com,1
cherylbaker@hudson.edu,1
torresmelissa@@preston.ai,-1
davispaul@hunt.ai,1
kmitchell@kingagency,-1
lukekelly+news @ ray.edu,-1
 christine20@moore.edu,-1
mendozajoel+news@young.name,1
dalebell@wilson..me,-1
kevinsims@potter.org,1
calvinbarton@rush.blog,1
martinezmichael @ hall.blog,-1
uhartman*@williams.info,-1
marcusmorris@hudson.io,1
graygloria@young-wells.net,1
fernandezcrystalgray-anthony.com,-1
ibrown@@gonzalez.org,-1
perryhunter@bolton.co.uk,1
bdixon@perry-chapman.wiki,1
jacksoneric@wilson-underwood.com,1
hlewis@gibson..co,-1
hkirby@rios..info,-1
susan70 @ hayes-ford.wiki,-1
jennyherrera@@duncan.net,-1
frodriguez@wong.wiki,1
djohnson@garcia..name,-1
spencerkyle@gilbert.wiki,1
brobinson@rodriguez-haney.com,1
mitchellbooth+news@thornton..info,-1
sabrina21@coleman.agency,1
bmurphy@ford.net,1
 courtney61@boyd.io,-1
ifuller*@clarke.com,-1
barrydaniel@scott..io,-1
edwardsaaron@sanchez-lamb.co.uk,1
donaldjones@smith..io,-1
sjohnson*@skinner-brown.me,-1
bwilliams@baker.org,1
lromero@pollard.co,1
 ipatel@snyder.ai,-1
vbarnescalhoun.co,-1
 jeremystephens@taylor-williamson.ai,-1
gabriel95clark.com.au,-1
pamelalynch@obrien-mooney.name,1
jamesbell@@hobbs-floyd.com.au,-1
taylorrebecca@roach.org,1
butlersamantha@curtis-kelly..com,-1
youngtiffany+news@meadowsedu,-1
joseph04 @ butler.info,-1
kristinblair@@lee.co.uk,-1
sancheztodd*@clayton-mitchell.name,-1
shellywebster@hutchinson.me,1
 dwaynevillarreal@young-wilkins.ai,-1
nguyengeorge@bauer-vangedu,-1
carolyn68@rios-woodsagency,-1
henrymarshall+news@williamson.co.uk,1
murraycarrie+news@morrison-parsons.blog,1
 vfuentes@hughes.agency,-1
sandersrebecca @ collins.edu,-1
garciamichelle@hawkins-black.ai,1
johnallen@fisherai,-1
dsmith@hill.blog,1
bbenton@@walker-bailey.name,-1
 williamgeorge@saunders.org,-1
susan78+news@bell.info,1
gouldsusanwyatt-lee.com,-1
bradley39@hatfield.ai,1
ingramjameslynch.com,-1
lindadouglas@holmes-kerr..com..au,-1
millertiffany@@howell-garza.net,-1
beckmichele@james-johnson.ai,1
sydney16@yoder-crawford.edu,1
shoover@scott-wilson.co,1
hvargas@@garner.io,-1
paul51@hernandez..ai,-1
brownmark*@lewis-parker.com.au,-1
fernandezleonard@@wright-dawson.wiki,-1
shirley53@diaz.org,1
jason96@crawford.co,1
seth07@freeman.info,1
edyer*@lester.net,-1
david92@white-schneidernet,-1
 amandamiller@cole-davis.me,-1
fbaldwinwang.com,-1
smithtimothy@guerrero-mills.name,1
 zvelasquez@brown.co.uk,-1
usmith @ black.co.uk,-1
christopher35+news@@tyler.agency,-1
heatherherrera@zimmerman.co,1
amydavis@smith.agency,1
qhuynh@willis-stuart.wiki,1
rachael39 @ brewer.info,-1
abarnett+news*@tate.net,-1
kaitlyn75@moore.agency,1
utanner@christensen.blog,1
darin23@smith.blog,1
harrissandra@brock.com.au,1
dreed@randall.ai,1
anthony85*@sutton.blog,-1
samanthagriffin@hickman-smith.ai,1
 tammylin@knight-collins.net,-1
mrodriguez@smithcom,-1
gregory36*@mcdonald.org,-1
williamscynthia*@henry.io,-1
harrispeter @ bradford.co.uk,-1
markwalker@baker-brooks.wiki,1
collinskevin@bullock-palmerinfo,-1
benjaminmartinez @ olson-simpson.com,-1
dustinstephens+news@fox-perry..co..uk,-1
raymondstephens@hall.me,1
ekelly@@mckenzie.com,-1
elizabeth77*@parsons.blog,-1
jillian56@newman.co,1
davidmartinez@le-gardnerme,-1
butlerthomas*@green.wiki,-1
robert10@calderon-martin.net,1
derrick71+news@muellerblog,-1
jerry38@casey..net,-1
kdoyle@jackson.co,1
garciatravis@elliott-bowen.edu,1
lnelson@dawson.blog,1
phillipsrachel@moyer..io,-1
perezjanet@griffith-brownwiki,-1
michael20@wright-turner.info,1
yyang @ carter.com.au,-1
davidguzmantorres.name,-1
kaitlin86 @ durham-savage.net,-1
davidsonmichael*@freeman-baldwin.blog,-1
nmedina*@herrera.me,-1
williamsjeffrey@jackson-perez.co,1
andre67+news@hernandez-rogers.io,1
cynthia77cordova.net,-1
davisjason@trevinoco,-1
andersonnicole@greer-moody.co.uk,1
jwood@wilson-sullivan..co,-1
brenda63+news @ smith.info,-1
smithmary@gaines.wiki,1
andrew85@@miller-wheeler.net,-1
michael83@hernandez-blackcom,-1
fordcaitlyn@hernandez-jackson.edu,1
pjohnson @ olson.ai,-1
wintersjoanne@reyes..io,-1
znewton@thompson.com,1
pearsonjennifer@wiley.agency,1
alicia17@martinez.agency,1
 vincenthorton@anderson-johnson.blog,-1
drogers@robinson.wiki,1
martinezpatricia @ hernandez.com,-1
conniefisher@edwards-williamscouk,-1
adamslisa@allenblog,-1
bjones@conway.ai,1
 gibsonanna@davis-garcia.ai,-1
anthonygarcialevine-rowe.info,-1
hunter73 @ yang.me,-1
williamhuntmartin.io,-1
matthew21*@carter-williams.io,-1
rasmusseneric@williams.net,1
crystalfrazier@brown-gray.me,1
rebecca92@thompson.io,1
christianmary@boyd-allen..agency,-1
 poperaymond@carter.ai,-1
haley71*@rollins.agency,-1
owhite@allenblog,-1
hconway@fernandez.blog,1
 wallerwayne@sharp.co,-1
sbarrera*@randall.com.au,-1
ericbryant*@rivera.io,-1
vphillips@bradshaw-skinner.wiki,1
john56*@atkinson.org,-1
 millerjacqueline@sullivan-dennis.net,-1
anewton@hood.org,1
brownmelissa+news@riosagency,-1
hopkinsmollyharris-williams.com,-1
lopezkimberly@kramer.info,1
jesse44 @ moore-hardin.co,-1
davidharris@clark.co,1
taylor87@jones.blog,1
dmurray@stephens..co..uk,-1
whitneysandovalduncan-morrison.wiki,-1
mendozaamy@simpson-dunlap.wiki,1
ashley00@evans.edu,1
riggstaylor+news@vaughnwiki,-1
tbrownbrown-campbell.co,-1
mtorres@floyd-landry.edu,1
elizabeth73@hensley-ross.net,1
jmills*@goodwin.org,-1
joshua67@sweeneyname,-1
kanderson*@williams.ai,-1
ejones@floyd.wiki,1
cdoyle+news@gonzales-jones.com.au,1
 ryanroger@robbins.name,-1
jgray@evans-herrera.me,1
jennifer31@ortiz-johnson.info,1
juarezjames@mills-vargas.info,1
matthewbaker@andrade.wiki,1
jennifer80 @ harris-spencer.net,-1
raydebra+news@garcia.co,1
alawrence@carrollname,-1
valerie95@parks.org,1
markhays@moreno-danielsme,-1
tellis@@jones-duran.org,-1
nolancindy@hall.com,1
marshallmelissa@@wong.blog,-1
ramirezjeremy@martinezcomau,-1
 ronaldbraun@williams.ai,-1
peter07@estrada.blog,1
dawsoneric@glover.name,1
hardyjessica@grimes-calhouncom,-1
joannwarren@walker-frank.info,1
michaelhammond@@joseph.co,-1
jason36@martin.me,1
richard42 @ tucker-lee.org,-1
georgedelgado@clark.co,1
joneskatrina@moore-taylor.me,1
mccoycindy@martinez-cuevasinfo,-1
kristenmonroe@@lopez.wiki,-1
logantimothy@thomas-miller.co.uk,1
stephanie58@@massey-sandoval.edu,-1
ericwang@williams-carpenter.net,1
johngutierrez+news@johnson.co.uk,1
michele45@williams.blog,1
raykenneth @ anderson.org,-1
qschmitt@schmidtio,-1
ryanheath@sosaio,-1
nicolecraig*@romero-rhodes.co.uk,-1
michaelvaldez@nelson.edu,1
melissa28 @ smith.agency,-1
 marissa51+news@coleman.me,-1
vconley+news@grant.name,1
douglashunter@martinez.blog,1
ginafrancis@davis.ai,1
carolyn18@kennedy.info,1
ryanjohnson*@dixon-allen.me,-1
delacruzkevinbowers.blog,-1
 todddylan@bowen.blog,-1
watkinslaura@burns-miller..com..au,-1
kenneth60@washington.me,1
bridgetwilson@longcomau,-1
carolyn51@johnson.co.uk,1
kathrynhines@black-aguilar.co,1
gward*@gallegos-ortiz.ai,-1
jasmine74@roberts-gray.info,1
conniecastro+news@williams-andersoncomau,-1
ericawilliams*@rhodes-park.io,-1
 nicholas73@torres.com,-1
kenneth60+newsbriggs-house.name,-1
gabriellagallegos@stevens.com.au,1
 karenwilliamson@alexander.co.uk,-1
traci35+news@calderon.blog,1
jamie18@williams.me,1
 zcross@diaz.info,-1
megan55+news@burton.wiki,1
pottsmichael+news@reed.wiki,1
 alicia50+news@miller.net,-1
hamiltonashley@thomas-freeman.name,1
paula91*@hunter.info,-1
dbyrd@fischer..org,-1
kathryntrevino@bowersedu,-1
lgarrett@murphy.blog,1
misty57@olson-johnson.edu,1
 calvinshannon+news@cardenas-johnson.io,-1
jacob66@michael..info,-1
dcampos@valentine.ai,1
randytrevino@mitchell-marshall.me,1
turnersamantha+news@solis.co.uk,1
 omorales@nelson-ryan.me,-1
heather01@fisher-walls.wiki,1
donnameyers@horne.name,1
jessewilliams@jonescouk,-1
andrea29*@travis.net,-1
heather14+news@graves..name,-1
qarellano @ johnson.com.au,-1
jacquelinewilson@adams.io,1
clarkmary*@davis.com,-1
john96@spears.info,1
riveratyler@neal.name,1
michaelesparza@@dorsey.agency,-1
lisachandler@@williams.io,-1
bsalazar @ allison.wiki,-1
jacobsonmelissa@@chen-bell.ai,-1
justin50@johnsonme,-1
thomas21@jones-lambertcom,-1
phillipscharlesrobinson-proctor.me,-1
carrollkevin@scott.com,1
 mcclainjonathan@west-powers.info,-1
alex94@markscom,-1
 walkerwilliam+news@austin.com,-1
cyoung@fishernet,-1
mariafoster+news@wiley.co,1
deanmark*@vargas-craig.name,-1
barry29@gray.com,1
beth12*@randall.edu,-1
 nicholasboyd@walker.com.au,-1
hdunn@lopez.name,1
syang @ chapman.com.au,-1
haroldvaughn@lambert-smithai,-1
johnsonwilliam@taylor.io,1
brittany08+news@gonzalezedu,-1
bentleydennis@hanson.me,1
umatthews@miller-lyonsinfo,-1
uhernandez@bailey.agency,1
james18 @ church.io,-1
ksmith*@richards.ai,-1
mjohns@lozano-johnson..blog,-1
melissa65+news @ johns.ai,-1
tayloroconnor@brooks.co.uk,1
cmeyers@wilson-smith..net,-1
michaelcarr+news@vargas-gonzalez.org,1
cobbmaureen@clarke.io,1
zferrell@johns.name,1
nicoleandrews@smith.org,1
adamhampton*@wilson.co.uk,-1
victoria13@cummings.com,1
ariellam@campos.edu,1
milleredwin@thomas-gomez.io,1
lhuffman @ lee.co,-1
sarahhernandez@walsh.info,1
monicatodd@mills.io,1
davistyler@jackson.blog,1
lwatkins@todd-moore.wiki,1
pphelps*@levine.name,-1
wlindseyjensen.me,-1
huffmanmichelle@lindsey-hardy.ai,1
fhall @ todd.agency,-1
jhuynh@norman.wiki,1
anthony42@@shepard.co.uk,-1
heather60bartlett-clark.ai,-1
htaylorbradshaw.co.uk,-1
alexander70@rollins.info,1
zgordon@washington.wiki,1
pittmanchristopher@@shaw.me,-1
matthew15 @ jones.io,-1
rodriguezcrystal@contreras-kane.blog,1
hnewton@padillaco,-1
christopherbaird*@nolan.co,-1
brookestout@wyatt-myers.me,1
groach@@hines.wiki,-1
taylor55@jacobs-herrera.net,1
 carolgibson@cantrell.me,-1
simonsamantha+news*@gross.wiki,-1
qalvarado@ross-cruz.co,1
megan66@moody..me,-1
natashakennedy@williams.co.uk,1
sparker@schwartz..me,-1
robinsonkimberly@pennington.agency,1
marc28@williamson-franklin.name,1
smithjason@williams.com,1
michaelrivera@jones.co.uk,1
timothy99bass.co,-1
 jdavis@frank.com.au,-1
miagrimes*@davis.blog,-1
dyercynthiagarner-carter.ai,-1
sarah54@@moore.agency,-1
mark16@@anderson.name,-1
smithdustin*@garcia-johnson.blog,-1
joshua34 @ johnson-miller.name,-1
qharris@parksagency,-1
perkinskathy @ morrison-duran.agency,-1
andrewssandra@watkins.wiki,1
richardsnyder@carrillo-morris.name,1
jodyhanson@cohen.com,1
shannon80@wagner-rivera.io,1
moorelisa@wang-elliott.net,1
aortiz*@diaz.org,-1
mullinsashley@dixon.com.au,1
stacyford@stein-garcia.name,1
scott21@collins.org,1
 bakereric@williams.blog,-1
martinstacy+news@@booth.edu,-1
bschmidt@serrano-hunter.wiki,1
esparzabrittany@jones-thomas.co.uk,1
lclayton@graham.agency,1
salazarkathleendougherty.co.uk,-1
dawsontammypeterson.com.au,-1
frankalvarez@pruitt.net,1
ithompson@calderon.wiki,1
thomasburton@perez.edu,1
bolson@clark.agency,1
edward79+news@lloyd.info,1
cynthiasolomon*@owens-krause.org,-1
amygomez@ramirez-kennedy.net,1
ocaseyhart-colon.info,-1
ubarker@ray.agency,1
qleonard@watson..me,-1
matthewsamy@rose.ai,1
speterson@ho.blog,1
 bjones@miller-beck.ai,-1
nathanramsey@lewis.org,1
shill@holland.blog,1
brandonhuber@reynolds.org,1
jeremywagner*@newton-lopez.edu,-1
crystalchandler@fox.org,1
fparker@@allen-walker.name,-1
shepardscott@perkins.wiki,1
ibrooks@livingston-calhoun.ai,1
bmiddleton@graham.agency,1
jason99+news@bass.info,1
kristina16 @ taylor-garcia.org,-1
brandi07@schwartz-grimes.name,1
raymondmcbride@@durham-simpson.com,-1
michelleyates@cook.wiki,1
 duncanamy@li-mitchell.ai,-1
kmontoya@ramirez.io,1
marie30*@bautista-thompson.com,-1
linda80@stevens.info,1
hunterrita@robinson.io,1
mlawson@shaffer.com,1
rdavis@buck-calhounagency,-1
 stevenferguson@garcia.org,-1
jonathanwilliams@ramos.edu,1
dennis69@stephenson.co,1
robinsonrobert@smith-greene.co,1
smithmichael@thompson-travis.agency,1
fredericktaylor@torreswiki,-1
christopher91fisher-guerra.com.au,-1
jalvarez@sims-watson.co,1
sarahgibson+news@smith.me,1
bryan91@@baker.blog,-1
 yjones@harrington-king.ai,-1
nicholaskellerblair.io,-1
hlewis @ moore-krause.wiki,-1
kristine94@harris.net,1
michellelindsey@beard-gonzales.com,1
rebecca30@bean.edu,1
fharper@@fleming.net,-1
drewking@brown..com..au,-1
rosejoshua @ foster.org,-1
josephmoyer+news@foster-klein.edu,1
elizabethreynolds@ashley-santana.info,1
yhernandez+newsriggs.ai,-1
haley96lambert-barnes.blog,-1
halejoshua@marsh-mcintyre.me,1
deannadaniel+news@anderson.wiki,1
anthonyjohnson@jones.ai,1
 james85@lee.org,-1
anthony85@cabrera.org,1
xspears@@nguyen.org,-1
ophillips @ davis.name,-1
mccartynathaniel@cohen.com,1
mfarley@baker.info,1
catherine22@stanley.org,1
reynoldsashley@werner.me,1
lawrencemichael+news@odom.edu,1
barrysloan*@white-clark.me,-1
susan18@murray-harris.wiki,1
andersondavidwright.agency,-1
jeremy78 @ kelley.me,-1
veronica97@thomas.wiki,1
allenvictoria@harper.com,1
tiffany59*@jackson.me,-1
hermanjoanna@stewart.wiki,1
rwalsh@ford.me,1
cooperandrea@rodriguez.co.uk,1
robert45@scott.io,1
amber91@smith-henderson.net,1
jose51@sanders.name,1
smithelizabeth*@clark.io,-1
dnovak@lopezio,-1
jonesjohn@banks.wiki,1
edwardsdavid+news@clark.agency,1
fmullins@charles-harris.com.au,1
hsmith@west-jordan.agency,1
nicole98@@marquez.com.au,-1
mikehammondpacheco.co,-1
martinezzachary@smith.net,1
jenniferhartman@martin-holland.co.uk,1
johnsonkayla@hardin-collier.info,1
 david93@franklin.co,-1
melissa62 @ baker-gonzales.edu,-1
 dhardin@hendrix.agency,-1
raysarah@johnson.org,1
lisarobbinsgeorge.co.uk,-1
jrobleskrause.com.au,-1
lvance@fowler.name,1
kiarapalmer@richardson.name,1
beardterri@@hamilton-weaver.ai,-1
bruceshields@mitchell-wyatt.org,1
katherine38@robinson.ai,1
ismith@montoya.edu,1
michellecurry@adams.io,1
bowerskevin@schultz-ray.io,1
kimrich+news@garrett.co,1
awilson@goodwinco,-1
sjackson+news@rocha.ai,1
wendyfarrell@hurst.wiki,1
linda04*@price.io,-1
antonio76@rivera-davis..org,-1
ryanbrittany@ward-walters.net,1
michael90 @ mcgee.co.uk,-1
angelastafford@lopez..org,-1
cantumary @ sanchez.com,-1
mendozatanya@soto.ai,1
amy86@hinesai,-1
qfuller@carter..edu,-1
leelaura@robinson-adamsblog,-1
yhorton@@smith.ai,-1
kesparza@ross.edu,1
timothy81+news@brown..ai,-1
kurt70@perry.me,1
michaelferguson*@lopez.net,-1
rhoffman@atkins.blog,1
ebarker @ white.name,-1
lisa81@padilla.org,1
mark87+news@sanders.me,1
ubranch@taylor..io,-1
dmccullough@thomas.name,1
smithethan@mclaughlin-watkins.edu,1
austin61@lozano.com.au,1
karnold@mack-silva.edu,1
dunlapthomas@miller-nguyen.io,1
kwilliams@myers.wiki,1
cmartinezhall-randolph.co,-1
kimberly61@roberts-cline.co.uk,1
garrettricky@@shea.ai,-1
 perezmichelle@foster.co,-1
hcordova@reese..edu,-1
psingh@evans.com.au,1
denniskathleen+news@walls.me,1
mendozachristopher@neal.name,1
imercer@pace.com.au,1
seansmith@park-waller.io,1
kennethgomez@moreno-villa.co.uk,1
hickskenneth*@salinas.com,-1
evansjamiewillis.org,-1
brettclark@@wilcox-prince.ai,-1
jmonroemoore.agency,-1
christinajenkins@morales-dillonwiki,-1
xjackson+news@taylor.me,1
xcookhill-knight.co,-1
ldaniels@best-bright.name,1
lydia35@salas.me,1
susanwilson*@vazquez-buckley.blog,-1
sherrigeorge+news@@wright.com,-1
hessbriannahawkins-hamilton.agency,-1
stephaniecontreras@@sharp.me,-1
lowedalton+news@wilson-jones..agency,-1
maureensutton@boyd.ai,1
michaelhamilton@williams.edu,1
lindseyfriedman@ramosagency,-1
christianmcclure+news@lee-yates.com.au,1
jasonjohnson @ edwards-mitchell.me,-1
vmontgomery@fry-walker.io,1
susanjohnson@fergusonagency,-1
wagnercaitlyn+news@henderson.agency,1
dennisdavis@mcdonald.com,1
 karenmoore@duncan-marshall.com,-1
lauriemcguire@reynolds.co.uk,1
sthomas+news@mathis.net,1
nguyendavid@garcia.co,1
colton52@miller-jackson.io,1
madisonmathis @ brown.info,-1
janice14@hill.org,1
wallmario@richardson.co,1
brookecox@hutchinson.ai,1
kristin36@edwards..info,-1
rlee @ hernandez-mann.blog,-1
diamond11@dyer-keller.org,1
robertyang@ferguson-hunt..com,-1
wilsonscottwhite.ai,-1
christopherbrown@ibarra.edu,1
 gabrielsutton@nguyen-cole.me,-1
ngomez*@morgan-schmidt.info,-1
evanzimmerman@nolan.com.au,1
 evansdaniel@perez.me,-1
phillip78@henry.edu,1
bdavenport@taylorio,-1
steven28sanchez.me,-1
gherrera*@wilson.agency,-1
sheila40+news@bond.io,1
jbrown@padilla-taylor.co.uk,1
bridgetschwartz@patelme,-1
kevinwilliams@johnsonai,-1
mary65@@mcclain-brooks.com,-1
gregorylopez@@brown.com,-1
kimberly89+news@washington-russell.net,1
juliewarren@morris.com.au,1
hillalex@baxter-garcia..ai,-1
lsimonmitchell.co,-1
 larmstrong@mccormick.agency,-1
tmoore@moore.co,1
 herreracarla@watts.wiki,-1
aschneider@hernandez..io,-1
ithomas*@brown.agency,-1
sharonhutchinson@logan-kirby.io,1
 wsmith@potter.com,-1
tiffanymatthews@little.wiki,1
laura06@smith.edu,1
ronaldbaker@@walton.agency,-1
huertabobby+news@@page-hill.wiki,-1
toddhahn@hernandez.io,1
dianegreen@edwards.ai,1
sarah50@garcia.edu,1
kbrown@cantu.org,1
richardsonkelli@figueroa.info,1
lunavalerie+news@martinez-burton.net,1
jbanks@olson.me,1
raymond64@marsh-mosley.ai,1
garciarichard@day.edu,1
rruiz@vaughan.edu,1
carsonedward@allison.info,1
moralesterri@castillo.com.au,1
michael58@holland.name,1
scottgarciabrown.me,-1
scottle@banks.agency,1
samantha96@stanley..com,-1
orrmatthew@carr-davis.name,1
hgreene@guzman.name,1
audreysmith*@little.wiki,-1
dustinbrown@alexanderme,-1
alan41 @ mckinney.io,-1
shirleyneal @ aguilar.edu,-1
patricia39@walker.io,1
lauramoon@murphy-turner.me,1
tylerhernandez+news@daviscom,-1
kevinsmith@peterson.edu,1
 prestonmatthew@fernandez.me,-1
austinbennett@davis.agency,1
ochoaashley+news@maynard.net,1
kelleydarrenedwards.blog,-1
lthompson@potts.net,1
margaretarroyo @ morgan.com.au,-1
christina70@short.edu,1
brownalyssa@williams.org,1
meghangarza+news@wyatt-hayden.io,1
paulabullock@chambers.blog,1
graynicholas*@nguyen.com.au,-1
umorris@garrett-montgomery.org,1
jonmarquezeverett.me,-1
dschwartzcarter.com.au,-1
samuelkerr@tapia.me,1
leblancchad*@hopkins.ai,-1
sean70@clark.edu,1
sbrown@macias.ai,1
 uwagner@jennings.io,-1
paulcarson*@williams.info,-1
colson@crawford.co,1
dnorton@huang-garza.com.au,1
samantha73@stein.co,1
 tylergraham@jones.edu,-1
laura80@anderson.org,1
donaldvazquez@@rose.io,-1
 mackdavid@pugh.io,-1
julie22@knight..ai,-1
michael00 @ simpson.me,-1
kennethsanchez @ medina-barker.co.uk,-1
hector24 @ williams.blog,-1
jordan29@tyler.edu,1
istewart@curry-johnsonme,-1
wrightwilliam@wardinfo,-1
cameron27@avila.wiki,1
brianmcconnell @ christensen-king.name,-1
christopherriosoneill.co.uk,-1
wangpatrick@sanchez-stevens..co..uk,-1
tjohnson@scott-marsh.edu,1
hayesolivia@smith-woods.wiki,1
lhill@murphy.agency,1
ksanchez@duke-bowers.me,1
jesus49@carpenter-walker.agency,1
creyes@walsh.co,1
uroberts@@cantu-buchanan.ai,-1
sharon38chandler.name,-1
kmelton@williamsblog,-1
rturner@bell..co,-1
 christina33@martinez.agency,-1
fwilliams@smith..com..au,-1
linoah@vaughn-lewiscom,-1
gfreeman+news@@vincent-hopkins.info,-1
martineznicole+news@morgan-love.com,1
patricia71@davis.agency,1
russell29+news@horton-bush.agency,1
 phillip61@leon.io,-1
michaelkim@@floyd.com.au,-1
rangelmorganshelton.net,-1
edwardsjoyce@ford-mercado.name,1
ucooleyanthony.wiki,-1
jamesgriffithdavis.ai,-1
pjimenez@hernandez.wiki,1
turnerfrancis*@allen-schroeder.blog,-1
grayjonathan*@larson-friedman.org,-1
 brandonzimmerman@erickson-peters.co.uk,-1
youngjeremiah+news@eaton.info,1
john11@cruz.agency,1
xhenry@king-carsoninfo,-1
lisaharris+news@loveio,-1
fullernicholas@miller.co,1
jennifer52@berry-suarez.edu,1
christopher35@long-porter.edu,1
tuckermatthewesparza.me,-1
rbrown@@patterson.net,-1
meganlee+news@washington.me,1
tracymiller@chase.wiki,1
johnny29@wright.name,1
sschneider+news@@carlson.co.uk,-1
daltonsergio@anderson.ai,1
 tammywalters@oneill.com.au,-1
ronaldryan @ murray.info,-1
bryangriffin@jensen.io,1
scott28*@mccann.org,-1
jamesmillermiller.com.au,-1
tatekaren+newstorres.co,-1
timothy79@avila..io,-1
yle+news@pierce.net,1
patricia37@lunaorg,-1
josephwillis@wallace-campos.net,1
barrerajody@vaughan.co,1
amandapena@benson.co.uk,1
oallen @ lang.net,-1
andrew96*@alvarez.co.uk,-1
carlrichardson@harris.com.au,1
marcussmithkirk.com,-1
matthew58@coleman.co.uk,1
rknight@flores.org,1
michaelhenson@powell-valdezedu,-1
richard54@martin.me,1
betty42@williams.co.uk,1
uwatkins@pierce.name,1
smithamanda@clark.net,1
andrew65@rodriguez.agency,1
zavalamelissa+news@walker-hebert.blog,1
marybell @ johnson.org,-1
nburns@@lee.edu,-1
barbaramoore@wright.io,1
george76@price.co,1
pattersonjoseshaffer-montgomery.name,-1
 nicolasadams+news@hall.name,-1
 stucker@valenzuela.me,-1
plester+newsmartin-hill.net,-1
cwillis@whitehead.net,1
gentryevan@@swanson.agency,-1
javier80+news@hanson.org,1
derek54 @ kline.ai,-1
frazieremily@torres.io,1
kennethmitchell+news@@mckee.io,-1
frankalexis@@jones.org,-1
ilopezpetersen.co,-1
james03@wolfe.me,1
amber21*@scott.io,-1
sheila30@moss.co,1
icampbell*@williams-garrison.co,-1
kristin44@hughes-campbell..io,-1
bhobbs@tran.io,1
tommy91@@fisher.name,-1
 robbinsmary+news@watkins-miller.ai,-1
daniel44@wright-dennis.blog,1
jhobbs+newsmorris.info,-1
dsmith@stanley.net,1
xweiss@king.blog,1
churchadam @ hale.com.au,-1
aaron47williams.com,-1
stephanie52+news@erickson-sherman.com,1
 andreanewman@pace.com.au,-1
mgoodman@hernandez.name,1
ccollins@@bowman.net,-1
cesarrobinson@@baker.org,-1
cuevassarah*@gonzalez.blog,-1
josephwhite@downs-chase.name,1
jeremycantu@walker.info,1
 cpage@hansen.me,-1
uatkins@barton-johnson.co,1
 mark49@avila-peck.org,-1
hoovertracy@alvarado-rodriguez.ai,1
amanda83 @ jackson.info,-1
pross@walters.co,1
christopher33@murphy.io,1
moorestacy@terry.info,1
thomasmike@cox.net,1
hsnyder+news@cox-avery.wiki,1
genewilkins@phillips-knox..co,-1
xchoi+news*@smith.ai,-1
david29@salazar..com,-1
wilkinsdanielle@davis.me,1
rebeccaparker@gonzalez.com,1
robinsondiana*@myers.me,-1
 adecker@stanley-sims.edu,-1
clarkashley*@perez-schultz.org,-1
lisabyrd@hall..wiki,-1
garciaamber@@brown.edu,-1
gregory62@collins-hensley.blog,1
lbailey@henderson.me,1
diamondmartin@lopez-kim.co.uk,1
dclark@hopkins-jones..blog,-1
frobinson@whitney-figueroa.agency,1
williamgonzales*@berg.me,-1
anthony35+news@carey.blog,1
zcastilloparsons-murphy.wiki,-1
ilawson@nguyen-houston.name,1
rsmith@shaffer-zuniga.info,1
tracykennedy@harmonnet,-1
amyjuarez@quinn-morrowedu,-1
zwilliamsbrooks-velazquez.info,-1
chrismccormick@walleragency,-1
crawfordian@clark.me,1
 lindsay04@mcdonald-williams.com.au,-1
tmercado@garcia-randolph.net,1
pjames@parsonsai,-1
jenniferhernandez*@phillips.name,-1
cmcdonald@lee..org,-1
maciasalexander@millerorg,-1
 millerrebecca@fields.org,-1
josephhill@hendrix-daniel.me,1
ericaball@@holmes-arnold.name,-1
elizabeth05roberts-porter.wiki,-1
moniquesmith*@graham.agency,-1
patriciaellisonchase.co.uk,-1
kathynelson@jones-maynard.co.uk,1
kjohnson@nichols.com,1
woodardtanya@peterson-rodriguez.com.au,1
jamesrichardson@bailey-castillocom,-1
katherinemoore@stark.com.au,1
blarson+news@@robinson-mcclure.co,-1
jason04@moore-newton..agency,-1
joshuadavila@flores.net,1
david13vang.org,-1
carlsonstephen@lowe.name,1
shawn22@andersoninfo,-1
iking@dunnblog,-1
mball@cain.co,1
jjohnson@moore.wiki,1
eevans@reilly.wiki,1
rossdonna@harris.blog,1
etownsend*@tucker.io,-1
jamie29@woodward-poole.ai,1
richardchurch @ ortiz-santiago.co,-1
fwilson@anderson-thomas..co,-1
 matthewpatton@daniels.ai,-1
laura11@young-rodriguez..co..uk,-1
john43@silva-walsh.com,1
chandlercory@ward-morgan.net,1
wcoleman@cook.wiki,1
zcoleman@mercado.info,1
llewis@donaldson.io,1
caroline87@smith.com.au,1
harperstephen@thomas.ai,1
freemanwillie@brennan.wiki,1
matthewowens@sparks.io,1
larathomas@hernandez.net,1
ebyrd@white-thompson.me,1
mayomeghan*@gregory.name,-1
lprice@mercado.info,1
underwoodlauren@castro.me,1
uallen@gonzalez.name,1
floydkristen@reynolds.agency,1
caldwellscott@solis.io,1
caitlyncalhoun+news@garner.ai,1
melissa02mosley.info,-1
uwallace@phillips-schultz.org,1
gonzalezxavier@daugherty-graves..io,-1
dennisgibson*@holland.org,-1
brandttom@ford..blog,-1
susansandoval@moore-jackson.name,1
oliverkatie@maynard.me,1
teresa70@pierce..com..au,-1
 davidbarrera@rivera.org,-1
romerojessica+news@fox.name,1
gevans@jones.info,1
bradcombs@diaz-jones.name,1
amanda82@matthewsorg,-1
omartin@calhoun-jones.co.uk,1
kelly90 @ santana-williams.co,-1
shortjamesbennett-dawson.co.uk,-1
iholland @ smith.info,-1
richard10@williams-waller.me,1
donaldclark@richardson-gilbert.io,1
romanmary*@scott.org,-1
brandonnewton@mitchell..com,-1
evansemily@ortega.me,1
gmontes+news@li.org,1
kristygonzalez+news @ allen-gonzalez.net,-1
alansmith@simmons.blog,1
lisa12+news@allen.me,1
nancy83@goodman.co.uk,1
aprilblake@johnson-ryan.blog,1
andrewwest@davis.com.au,1
monroealexandra+news@avila-welchio,-1
emclean@williams-taylor.name,1
nlee@ferguson.name,1
jennifernguyen@mcdonald..blog,-1
sanchezmichael+newsstewart.blog,-1
bakercarmenhayes-silva.ai,-1
mhenderson @ juarez-walker.agency,-1
nathanielhunter@@miller.me,-1
ogibbs+news@walton-rileyname,-1
christopher65+news@santosorg,-1
jeremyjones+news@johnson.ai,1
michellepineda@@valdez-powell.name,-1
cgray@chavez.net,1
dmedina*@silva.com,-1
melissa89*@mosley.blog,-1
sarajackson @ estrada.wiki,-1
nancy59@oconnor..org,-1
marywashington@crawford-jones.io,1
hannahmitchell@thompson.me,1
ilowery@anderson.info,1
mmurray@clark.name,1
carolyn43@mcdonald.com,1
lsmith@valenzuela.agency,1
 stacyyoung@davis-hull.co,-1
xmclaughlin@ross-montoya.com,1
meganmorse@mclean-mooreinfo,-1
andersonrachael@ramirez.edu,1
hvasquez@@harrell.co.uk,-1
vickigeorge@russell.blog,1
spencercolin@gilbertorg,-1
bridget51@novak-henderson.org,1
cynthia41@harris.me,1
xmelton+news@harvey-miranda.co.uk,1
brownchristina@reed.ai,1
maxwellerik @ thomas.agency,-1
james12+news*@escobar.blog,-1
bergerkimberly@montoya-james..net,-1
allison70@@wright.wiki,-1
michael74@cook.info,1
nwalter@butler..agency,-1
christopheralvarado @ stewart-calhoun.blog,-1
danielle22@taylor.co,1
douglas36@benton-sparks.co,1
emurray*@wright.blog,-1
matthewhoffman @ cooper.co,-1
ffranco@briggs.name,1
oallen@jones-nash.blog,1
 garrettchelsea@jenkins-taylor.co.uk,-1
calebli@price.agency,1
sanchezchristopher@allen.blog,1
amberbarrett@walters.net,1
maldonadosandra@flores.me,1
jacobgutierrez+news@rodriguez.co,1
herreraadam@@carter.edu,-1
ocisneros@cooper.co,1
kevin02 @ torres.com.au,-1
erhodes@@massey.com.au,-1
burchdanielle@hernandez.io,1
shieldsreneelandry.me,-1
terri54@phillips-thompson..org,-1
 paguilar+news@brown.info,-1
rossjillian@lee.co.uk,1
 sanchezemily@collins.me,-1
joshuadiazanderson.wiki,-1
 martin52@sanchez.me,-1
zacharyturner@keller-nash.me,1
tiffanycohen*@williams.wiki,-1
millerconnor@carter.co,1
cwells @ zamora-lamb.info,-1
ljones*@melendez.co.uk,-1
jacobanderson@davidson-wiley.io,1
mikewinters@delacruz.agency,1
allenmelissa@cook-wintersnet,-1
jonathanhopkins @ hall-ward.com,-1
joshuaholloway@lynn-johnson.com.au,1
ebarber@torres.com.au,1
hamiltonyvette*@smith-pennington.net,-1
 tammy84@lloyd-johnson.info,-1
bakerbrittany+news @ weaver.io,-1
taylorerica@ortiz.ai,1
dpark*@thompson-torres.blog,-1
emily98@nichols-anderson..name,-1
jhaynes@rodgersinfo,-1
martinmaria@cox.name,1
seanmiller@millerco,-1
 jasonhale@sanders.name,-1
hardinkristen+news@herrera..wiki,-1
phillipsandrew@taylor.co,1
annayoung@johnson-garcia.com,1
richard27@james.ai,1
 cmorris@miller-miles.net,-1
tammyharper*@hatfield.io,-1
larsenjason@byrd.org,1
smithdonna+news@mason.agency,1
 nicholashayes@hunt-romero.com.au,-1
jared19@wade.info,1
toddanderson @ gonzalez.agency,-1
edgar75@zamora-patterson.net,1
aguilarjasmine@lewisco,-1
qgreen@grant..me,-1
jo69@kim-simmons.com.au,1
johnnyrobinson@fuentes-henderson.me,1
peterford@smith..name,-1
clarktara@shepherdedu,-1
johnmiller@parks-page.co.uk,1
thomaswatson @ key.com.au,-1
anthonyjones@foster-barrett.io,1
jimeneztamara@palmer-coleman.me,1
fletcherkristin@@brown.net,-1
randyrobinson@nelson-munoz.ai,1
sanchezkaitlin@white.edu,1
caitlin85 @ powell-weaver.agency,-1
josewallace@werner.name,1
faulknerjamie@lee.me,1
chrisescobar @ campbell-jones.edu,-1
heather90@andrade.ai,1
rgardner@bailey.com,1
jared49*@welch-swanson.com.au,-1
wesley61@lucas.agency,1
barnessamantha@ramos-daywiki,-1
torresjoel*@martinez.info,-1
tracymcintyre@@baker.info,-1
jeremy37 @ campbell.me,-1
melindamyers@@mcdaniel.blog,-1
dguzman@white..ai,-1
vwilliams+news@miller.com,1
 blackcameron@bowers-brock.agency,-1
 qstone@martinez.co.uk,-1
dennis25sheppard-thomas.agency,-1
jamesriggs+news@tanner.ai,1
scottalyssa@daugherty-mullins.ai,1
gregory67@wall.name,1
kwalkerstone.info,-1
patriciahickman+news*@reed.agency,-1
wyoung@powers.name,1
wrightrichard@hayesagency,-1
 hlewis@kelly.edu,-1
jackson21@swanson..edu,-1
edwin33@bennett.com.au,1
nataliebrown@mckenzie.blog,1
jennifersutton@johnson.co,1
adrian15@jones-thomas.io,1
doriscook@west..co..uk,-1
plindsey@walterscom,-1
sbrown@@allen-bowman.name,-1
taramitchell@hodges-leonardme,-1
vincentchristensen@walter.name,1
jamessmith@@burgess.name,-1
melanie20@sullivan-wilson.blog,1
ksanchez@@phillips.agency,-1
rosalesnatalie@martinez.edu,1
edwardhiggins@jones.me,1
sandra16@hicks.com.au,1
kristen57@martin.io,1
ravenjones*@rangel-barnett.agency,-1
williamcox@@smith.co,-1
dtaylor@lawrencenet,-1
patricialynch+news@vasquez-hernandez.co,1
nicholasmoore@@waller.name,-1
 trevor42@mitchell.co,-1
sotojames+news@butler-mills.net,1
michelle24garza-cooper.info,-1
megan46+news@rodriguez.org,1
shannonhoward@warren.com,1
jason14+news@thomas.ai,1
kevinanderson@rogers.info,1
dylan18@norris-alvarez.ai,1
ahill@luna-johnson.com.au,1
meganelliott+news@mcconnell.wiki,1
ktownsend+news@harding-roman.com,1
ajohnson@@joseph.io,-1
 kayleemoore@boyd.co.uk,-1
williamscharles@@weber-reyes.blog,-1
kbowers@stark-stevenson.name,1
johnsonemily@carter-jones.agency,1
danielholland@clark.co,1
joseph44+newsshaw.ai,-1
kimberlyball@white..blog,-1
ywillis@knight.ai,1
brendatorres@griffin-wang.com.au,1
woodskathleen+news@davis-sosa.io,1
rojaskyle@boyer.net,1
christophernash@cook-morales.edu,1
tparrish@chandler.wiki,1
bschmidt+news@@wilson.blog,-1
andreafreeman*@medina-turner.me,-1
nicolehernandez@weeks..net,-1
philip07@russell.ai,1
amy41@castillo-chang.ai,1
cesar83@lane-adams.name,1
lindalopez@buchanan.net,1
joseph73smith-steele.name,-1
mary08@morgan.com,1
theresa40@@peters.wiki,-1
qalvarado@@smith.ai,-1
tmckenzie@jackson-guzman.edu,1
pamela50+news@@smith.wiki,-1
deanna45@singleton.edu,1
rogersregina@marks.io,1
osolis@guzmancomau,-1
perkinserin@johnson..io,-1
wsmith@@murphy.co,-1
ovaldez@vaughn.org,1
tammykrause @ fox-murphy.info,-1
morganannette@wright.ai,1
vmcgee*@shaw.agency,-1
gonzalezchristopher@owen.io,1
john08mills.io,-1
michaelfriedman@lopez.net,1
anthony28@nelson-collins.net,1
robertjames@rogers-lane.edu,1
 wallbrenda@hopkins-green.com,-1
shawn72@smith-tapia.me,1
cynthiaenglish @ lee-bell.io,-1
erica36@allison.me,1
fshort+news @ sanchez.info,-1
james52@@baker.co.uk,-1
mirandakim@perry.co.uk,1
michelleyoung@williams.edu,1
zmccarthy@ramos.com,1
brogers@williams.net,1
murphychad+news @ crawford-hernandez.io,-1
jonesnicole @ hansen.co,-1
 zcooke@mcintosh.org,-1
fgriffin@haley.net,1
gregory55@mendoza.co.uk,1
xtate+news@santos.co,1
jonesemily@cook-butler.name,1
anthonycarey@chavezai,-1
awebb@@martin.agency,-1
hallpaul@ramirez.agency,1
jennifer08@butler-knight..io,-1
timothygallagher@butler.co,1
 debragomez@hayes.edu,-1
katherine76@@russell.com.au,-1
chasejohn@villa.io,1
kellyhayden@white-richardson.blog,1
slang@sanders-scott.io,1
npotter@crosby-ramirez.agency,1
wtaylor+news@@hernandez-gutierrez.info,-1
joshua99@holmes-vargas.name,1
richard97@mitchell.io,1
vayers@taylor.agency,1
mroberts@harrison.info,1
griffinstephen@murray.com.au,1
dwheeler @ johnson.co.uk,-1
gabriela94@barnett.com.au,1
louiskhan@hoover.net,1
lisa60@hawkins.co,1
franciscochung@hoover.net,1
yolanda19@lowe-santana.org,1
kathyharrell+news@graham.agency,1
evanslindsay@wise.edu,1
 jenniferknox@hughes.wiki,-1
mgibson@lamb..wiki,-1
jamie21*@howard-hansen.name,-1
bramsey+news@@shaffer-young.blog,-1
tmiller@wilson.ai,1
smithtara@willis-mcintyreedu,-1
 ericbarnes@taylor-reed.net,-1
butlerjoshuamckay.co.uk,-1
johnsonsamuel@mcdaniel.ai,1
qgarner@phillips.io,1
katherinenichols@freeman.edu,1
vwalker@cordova.name,1
hhowell@martin.com.au,1
shellyking@mccarthy.com,1
wendy42@rivera..net,-1
alyssadalton@lopezagency,-1
kbraun+news @ clay.org,-1
rogerslouis*@mitchell.blog,-1
cassandrayoung@hill-black.ai,1
molly68+news@allen-beard.me,1
esanders@brown.net,1
karajohnson @ reynolds-smith.info,-1
ftucker@campos.org,1
jonesjessica@brown.ai,1
 chadpeters@schneider.co.uk,-1
ismith@moreno.agency,1
brandongarza@pierce-moore.info,1
monica55+news@garcia-young.name,1
williamsonpaul@mitchell.com.au,1
gbaxter@robinson-brown.co,1
 castromark@spence.io,-1
james24@french-white.agency,1
maliksullivan @ cooper-guerra.org,-1
upeterson@gutierrez.com,1
obrown@munoz-bennett.com,1
garciachristopher @ martinez-wise.net,-1
elizabethrogers@murphy.com,1
chernandez+news@flores-henderson.me,1
davisbriana@@vargas-allen.me,-1
joseph01+news@hansen.blog,1
grimeskendra @ harrington.co.uk,-1
jwhite @ frye-sharp.me,-1
shieldssteven@white-estrada..io,-1
fwilkinson@johnson.agency,1
twalker@burke.org,1
gibsonbryan*@proctor.co,-1
bwright@sullivan.edu,1
williamsmelanie@campbell.agency,1
jacksonbecker@wong.edu,1
karensmith@anderson-pierce.co.uk,1
sandra37@williams.blog,1
 kimcraig@nicholson-crawford.ai,-1
palmerlinda*@clayton-smith.edu,-1
beckjames*@roth.blog,-1
zguzman@williams-spencer.com.au,1
michaelwood@west-jacobs.ai,1
abbottmichele@andersonco,-1
jeremybarry@white.me,1
jennifer56@lambert.agency,1
smithann@vazquez-holmes.blog,1
randrews@@bean-cannon.org,-1
alison93@brown..wiki,-1
jeremy28@marks-schmidtorg,-1
rjuarez@walton-conner.co,1
destiny61@hart.name,1
devin63@jackson.net,1
sanchezdaniel@hernandez-warren.com.au,1
elizabeth16@cain-combs..com,-1
 brittanyserrano@perry-bright.edu,-1
nathan55+news*@mcdonald-smith.me,-1
bellrichard@watts..blog,-1
joyhill@johnson-short..com,-1
bhaas*@ryan-mccullough.me,-1
alvarezbruce @ mcbride.info,-1
nelsondavid@armstrong.name,1
leeraymond@baldwin.wiki,1
huangbrittany@davis.io,1
donald15@@lee.co.uk,-1
ealvaradogreen.name,-1
sherryanthony@baker.com,1
qarmstrong@olsonedu,-1
pattonwilliam*@padilla.net,-1
luis01+news@jacobson.blog,1
tracy94@williams..edu,-1
sara12*@hayes-wang.info,-1
maryjohnson@zimmerman-marsh.co.uk,1
grandall@sutton.ai,1
 nancynewman@wilson.edu,-1
petersoncarrie@miller.org,1
bgonzalez@moran..name,-1
donald66+news@peterson.edu,1
elizabeth41@@wilson-ryan.name,-1
sabrina73drake-ross.blog,-1
richard41livingston.org,-1
ramseylarry@nelson.me,1
brandonholt+news@lynch-dean.org,1
mileslisa @ galvan.name,-1
clayton23@wood-craig.io,1
carrie38 @ mendoza-crawford.info,-1
joseph51@@adkins-reyes.agency,-1
 daniel74@church.com.au,-1
brownrebecca@green.me,1
nwagner@harrington-cunningham.ai,1
emilyhoward@johnson.com.au,1
juliahurst@hampton.org,1
theresa02 @ singh.blog,-1
vspencer@reed.com,1
suarezmatthew @ collins.co,-1
vjohnson+news@rich-parker.name,1
ocampbell@gordon-petersen.com,1
gary47@richardson-holloway.org,1
mjohnson@lee-le.org,1
kyle08@powell-wells..blog,-1
gary64@garcia-weber.org,1
daleblack@guerrero..edu,-1
gcalderon@webb.org,1
joshuaaveryjohnson-mcconnell.co,-1
jacobgriffin@wang.agency,1
heidi29pierce.agency,-1
flynnjohnwhite-charles.net,-1
samuelbrown@hernandez.agency,1
hcartervaughn.com.au,-1
christinahall@hayes.agency,1
ayersanthony@ramirez-mann.edu,1
johnsonjason+news@allen-palmer.co.uk,1
iwhiteparsons.io,-1
julia06@wallace.com.au,1
abellbrown.io,-1
kristin79@@george.ai,-1
laurapacheco@castro.name,1
kellyblankenship+news@price-bennettcomau,-1
 powellrachel@fischer-davis.com.au,-1
tonyagonzales@bishop-hurley.net,1
kenneth56@@ferguson-cline.com,-1
icervantes@king.io,1
benjamin22carrillo.agency,-1
dawn74lopez.agency,-1
kevin57@@williams.co.uk,-1
velasquezstephen@carroll.org,1
thomasaguilarjohnson-dean.net,-1
 glassjillian@pineda.agency,-1
carolyn77@ellis-mendoza.agency,1
turneranne@martin-taylor.co,1
uchurchbrady-reid.io,-1
thomasjohnsonshepard-brown.co.uk,-1
 anthony95@mcdaniel.edu,-1
annaellison@hartman-chan.name,1
millertina@wise-young.co.uk,1
romandonna+news@woodwardnet,-1
randyruiz@house.net,1
pittmansarah+news@miller-miller.org,1
david57@lewis.io,1
nancy28@murphy-carter.com,1
sarah63@becker.net,1
bobbymorales@clark.edu,1
smoore+news*@roach-michael.co.uk,-1
meyertricia@haley.info,1
christinawalker @ bonilla-boyd.info,-1
victorcalhoun@mccullough-moore.me,1
josebradshawrodriguez-fox.info,-1
 aanderson@wilson.agency,-1
charleswarner@brown.io,1
kfrazier@becker-stevens..co,-1
johnsonjoshua@gillespie-rojas.ai,1
cathy44@sweeney.org,1
kevinandersonmunoz-boyd.io,-1
grayanthonyberry.org,-1
katherine62 @ lyons.edu,-1
browncharles@ramirez.org,1
linda04@@mcdaniel.com.au,-1
fjordan@brown-taylor..org,-1
seth30@lucas.wiki,1
chad42@monroe.io,1
megan85+news@mosleynet,-1
jodithomas@russell.co,1
cayala@stephens..edu,-1
vmiller@hester.org,1
vbrown@ray.org,1
brendan63@white..info,-1
howardchelsea@tanner-leeco,-1
pgarciamendez.edu,-1
rodriguezalexis@silva-martin.co.uk,1
mark41@wang.agency,1
 robinsondaniel@patel.blog,-1
brian51reed.edu,-1
dthompson@@hall-huff.io,-1
christinasmith@mendozawiki,-1
johndavidson*@riggs.co.uk,-1
courtney94+news@raymond-cain.blog,1
sherri14@jackson-parker.ai,1
sharon43@nunez-gilmore.blog,1
stevensmaria@anderson..name,-1
veronica18@watson-taylor.org,1
bridgetkennedy@sweeney.net,1
lindseydowns@contreras.ai,1
jonesbriannaaustin-cabrera.co,-1
gregory10@murphy.ai,1
renee86*@weeks-ferrell.ai,-1
christopher27+newsboyd.blog,-1
hinessteven@hernandez.org,1
petersonpreston@vazquezcouk,-1
cmartinez@johnson.org,1
jessica36@george.com.au,1
yhernandez+news@martin.me,1
christopher10+news@jimenez-ferguson.info,1
fmitchell@adams.name,1
johnsonchristina*@bryant.co,-1
cynthiafrench+news@price.edu,1
matthew88@@nelson-castillo.com.au,-1
rhonda13@contreras.edu,1
mary41@stewart.net,1
enelson@reese-simmons.name,1
cindyhorton@@waller-torres.io,-1
amymayo@novak.io,1
loriwallace@moore-norton.me,1
haroldkline*@parsons.com.au,-1
wilsonthomas@fernandez.net,1
lucasmcfarland @ schaefer.edu,-1
priscillaadams@rodgers-nelson..info,-1
briandavis@lamco,-1
clarkmichelle@moyeredu,-1
ecross@kim.net,1
 daltonmeyer@king-bray.info,-1
stacie27@kane-jones.info,1
nross@brown..co,-1
john73@soto.co,1
mayerjenny@@scott.name,-1
loretta76+news@duncan.edu,1
elizabethschneider@oliver.info,1
nancy71@tran.co,1
nathan42@ibarra.com.au,1
vtaylor@park.org,1
zacharypayne @ smith.net,-1
hernandezchristopher@brown.net,1
gabriellafowler@sweeney.me,1
xfoley+news@carroll.io,1
mendozamelanie@jones-mcclure.com,1
williamssteven@allen.info,1
johnsonsusan@hall.io,1
ltucker*@salinas.co.uk,-1
paigerobinson@lopez.wiki,1
vmora+news@estes-lynchblog,-1
joshuaclements@mcgee-davila.wiki,1
brooke26@rowe-bean..org,-1
mcleanterri@lane-harrisagency,-1
lhowe@hawkins-reidcomau,-1
alexis08+news@maynard-brock.info,1
 elizabethnicholson@martin-williams.com,-1
carrie41@holland..co,-1
onavarro@li.com.au,1
jschwartz@stark-young..net,-1
sara33delgado.net,-1
joseph06@allen-andrews.ai,1
nunezrichard @ jones.info,-1
anna55@jensen-perez.wiki,1
 ygolden@alexander-jensen.co.uk,-1
hvasquezbutler.io,-1
dparks @ brown.com,-1
perezchristopher @ boyer.info,-1
williamslaurie@westinfo,-1
odonnellemily@martinez.blog,1
jeremyrichardson@@peterson.me,-1
riosdylan@stewart.wiki,1
april02@scott..co..uk,-1
leejennifer+news@pittman.name,1
halljames+news@anderson.wiki,1
ewilliams@coffey-scott.name,1
wheelerjessica@leon.agency,1
wcisneros@walker..agency,-1
robert30@@rogers.com.au,-1
deborah79*@nelson.agency,-1
jordanryan @ baker.org,-1
englishstevenwaters-morris.ai,-1
reneeellison@walker.org,1
 michaelsmith@wolfe.com.au,-1
mollyjackson@lynn.agency,1
goodmanjaclyn@dominguez.co,1
john38@holland.blog,1
dsmith@sheppard.wiki,1
wandagill @ lawson-warren.name,-1
tylercannon+news@zimmerman.ai,1
tsimmons@james.co,1
tammy63@lowe.info,1
shelley17@pineda.com,1
carrilloamanda@henderson-woods.ai,1
josephhernandez @ smith-johnson.ai,-1
cynthia54@mcdonald-robinson.wiki,1
xjacobs @ gardner-rivera.wiki,-1
tammiebrown*@hernandez.com.au,-1
mccarthyderrick+news@conner.blog,1
 stanleyroberson@huber.io,-1
 kenneth11@gonzalez.blog,-1
vargasbenjamincarter.com.au,-1
lopezkevin@norman-henderson.blog,1
hectorbowengiles-werner.wiki,-1
alexandra22*@simon-deleon.org,-1
wileyamy@jimenez.edu,1
andrew32@larson.edu,1
russodavid@rodriguez-raymond.co.uk,1
anthonygriffin@clements-clark.com,1
rwalker@@davis-gonzalez.io,-1
hroberts @ johnson.agency,-1
stephanielong+news@hernandez.net,1
teresa76*@keith-johnson.me,-1
cherylmccoywalker-thompson.ai,-1
ortizedward@@foster.agency,-1
mckenziedylan+news@hartman..edu,-1
jenkinseric+newsford.io,-1
nealkimberly@lopez.info,1
andrea59@hernandez-king.agency,1
 andrewliu@huff-richards.agency,-1
mberry @ lopez-patterson.info,-1
deleonderek@maldonado-franklin..com..au,-1
 tylercarpenter@perez.co.uk,-1
fphillips@orr.me,1
 cooperstephen+news@webster-wilson.wiki,-1
tlunawyatt-reed.ai,-1
wwhitaker@dixon-anderson.ai,1
patricia42@gonzalez-smith.me,1
norman29@deleon-ramirez.wiki,1
 brendan66+news@williams-pearson.blog,-1
jenniferstone@johnson.co,1
kennethvalenzuelamorris-phelps.net,-1
mitchell18kim.info,-1
hansonsean@wolfe-burns.me,1
tina76@hunt.me,1
lindaallen+news*@rodriguez.blog,-1
jasmine72@brandt.name,1
 christophergarner@jensen.com.au,-1
misty18@holden-marquez.edu,1
 charles49@anderson-ramirez.name,-1
grayricardo@walkerai,-1
johngamble@gordon.com,1
hmitchell@fox-estrada..wiki,-1
bruiz*@fuller.wiki,-1
joelyoung@bell.co,1
kingmichael@nelson-cuevas.me,1
jonesann@sanchez.net,1
greensally@may-lutz.ai,1
tmann@johnson.com,1
ashley37@dunn.net,1
johnstonjessica@jones-conrad.io,1
jasonjackson+news@williams.org,1
shawn82@barber.ai,1
rhaney @ hall.org,-1
sheila36 @ dougherty.edu,-1
lynn02@morales.edu,1
jimenezjoel@bridges..co..uk,-1
chadpitts@wong..edu,-1
erincannon@moreno.agency,1
cphillips@rice.com,1
hgardner@miller.blog,1
lindseydavidson+news@love-adkins.ai,1
robinsoncarmenhodge.co,-1
cthomas@fleming-webb.co.uk,1
andrewhernandez@silva.co,1
pambrown@@silva.agency,-1
dhawkins @ rodriguez.ai,-1
tylerward@harris.io,1
ryanbarnes@becker.co.uk,1
ashleygonzalez@blake-douglas.blog,1
michael24@rose.net,1
hamiltonjohn*@vasquez-bell.net,-1
wilkinseric+news@torres.co,1
mark25@butler-byrd.co.uk,1
rcarter@hardy-tran.edu,1
carlsonkathleen@lopez.edu,1
uchristensensherman.me,-1
eileendavis@caldwell.agency,1
dwaynereilly@gonzalez-buchanan.ai,1
ashleystanton @ yates.wiki,-1
denise26 @ carey.co.uk,-1
warren57@miller-price.co.uk,1
susanburnsburton.ai,-1
mthomas@smith-cisneros.co,1
williamsoncynthia@harmon.org,1
leslieli@richardson..me,-1
larry43@vaughn.org,1
lisahollandbaldwin.net,-1
julierice@moore-fuller.name,1
vrobinson+news@baldwin.edu,1
 jesseschwartz@colon.blog,-1
kylie11@holmes-harrell..co..uk,-1
williamskatherine@pena-owens.com,1
keith76peters.blog,-1
harrisvictoria@miller-bush.co.uk,1
yellis*@mckinney-moreno.ai,-1
jennifermoore@boydedu,-1
omitchell@estrada.edu,1
evelyn33@carney-graham..wiki,-1
cynthia66bartlett.org,-1
 mitchell23@burch-hicks.co,-1
cortezmartha@schaefer.io,1
amy49@lloyd.io,1
 kathryn83@butler-bailey.edu,-1
ggriffin@banks.co.uk,1
jeremymarshall @ krause.ai,-1
dominique12*@campbell-hampton.io,-1
fowlerbrittany@davis.ai,1
 ryan41@phillips.org,-1
walkercarrie@king-mclaughlinai,-1
vbaker*@morrison.wiki,-1
vfitzgerald@hill-reese.com,1
jwelch @ young.com,-1
orogers@gonzalezio,-1
uwhite*@bradley.name,-1
 coleleslie@romero.edu,-1
murraynicholas@mcmahon..io,-1
anthonygreen@nunez.ai,1
aburnett@johnson.name,1
zgray @ griffin.me,-1
sanchezethan@@wilson-elliott.agency,-1
 bmyers@david.com.au,-1
michaelsanchez+news@holt.name,1
thomaskelley@phillips.io,1
nelsonjoseph @ garcia-arnold.info,-1
qflowers @ mills-ochoa.com.au,-1
kramos+news@spencer.org,1
morantinasullivan.com,-1
teresasimon+news@horton.co,1
angelicanorton@lin.com.au,1
kevin01 @ king.info,-1
nicholscarrie@harvey-atkinswiki,-1
 wanderson@levine.io,-1
mercedesthomas+news*@mercer-miller.edu,-1
jacquelinejohnson*@huang.wiki,-1
cameron04@@gonzalez.org,-1
christopherballardking.me,-1
howellmark@larson-stanley.io,1
corypeterson@garcia.com.au,1
lorienglish@arellano-obrien.wiki,1
angelvillegas@lambert.co,1
walkeremma@morgan-glennname,-1
hubbardtina@garcia.ai,1
joshuabeard+news@norris.wiki,1
garzarobert@mcclain.name,1
larry94@adams-vaughn.wiki,1
james71 @ wise.edu,-1
nicholasgonzalez@haynes.co.uk,1
monicahunterwilliams.me,-1
tuckerkevin@hines.wiki,1
jason29@barrett.me,1
danielflores@perry..info,-1
beth56stewart.info,-1
janet08@simmons.name,1
thomas19@griffin..org,-1
leonardcheryl @ douglas-martinez.ai,-1
 tharrison@erickson.agency,-1
cathy97@harvey-mann.com.au,1
wharrison @ burke.org,-1
rhondacooper@mercer.wiki,1
david88lewis.agency,-1
ytaylor*@davis.com,-1
robertvelazquez@mccarthy.wiki,1
acurtis@pace.info,1
michaelahuntcasey.net,-1
jonesryan@salinas.wiki,1
lovedustin@cook.edu,1
qyoung@carney-boyd.wiki,1
christopher03@brooks-huber.agency,1
beverly68@hanson-francoagency,-1
 william89@abbott-sherman.edu,-1
lauren37+news@williamsorg,-1
kirkandre@faulkner-johnson.co,1
angela89wilson.edu,-1
dylan76+news@vaughn..net,-1
hectorwheeler@brewer.co,1
jasmine73@daughertycom,-1
 mmartin@lester-ortiz.info,-1
pamela84 @ ramirez-cook.wiki,-1
martinelizabeth+news@@johnson-wood.co.uk,-1
rrobinson@@dean-sanchez.co,-1
fcompton@@mccall-mckenzie.agency,-1
andrewharris*@johnston.com,-1
emilyhowell@king-fisher.com.au,1
bramosdunn-hardin.agency,-1
tmendoza@wallace.org,1
lisa54@booker-penawiki,-1
douglasmelanie*@santiago-beard.io,-1
longjeremy@vaughn-johnson.agency,1
mitchelltorres+news@thompson-frederickedu,-1
ronaldhart@greeninfo,-1
kayla34@grimes.io,1
lindacarter+news@daniels.info,1
hamptongregory@johnson.co,1
 garciaalicia@hernandez.net,-1
rachelrose@parker-adams.co,1
geraldpoole @ cervantes.edu,-1
hayesmaria@lawrence-bailey.agency,1
james83@@rodriguez.com,-1
benjaminherrera@brennanblog,-1
clementssean+newsjohnson-chandler.ai,-1
silvaernest@wilson-york.net,1
david85@@garcia.blog,-1
dodsonkimberly*@rivera.io,-1
chasemonica@ellis.blog,1
brenda63@jones.com.au,1
morenojeffrey@arias.agency,1
yclark@garza-madden.co.uk,1
whitakerkristina@daviswiki,-1
stephensconnor@andersen.edu,1
quinnrobert@@bradford.agency,-1
crystallucas*@harris-murphy.com.au,-1
christian70@pineda..blog,-1
judith69@brown.org,1
pattersonamanda*@jackson.com.au,-1
xallen*@nunez.co.uk,-1
melissa93@marquez..me,-1
ashleyramos @ rice.blog,-1
robertsjessica@@nguyen.wiki,-1
joseph84@huerta.com,1
chadhendersonchaney.ai,-1
garciadaniel@peterson-hayes.blog,1
bvasquez@robinson.name,1
brentshields@morris.ai,1
andreafoster@tate.blog,1
kimberly81@anderson.wiki,1
regina66@larson.name,1
millersarah@perez.com,1
chris97@benitez-santiago.ai,1
kevinthompson@olson.ai,1
 ryanvicki@cannon.name,-1
wabbott+news@skinner..io,-1
vromero+news@miller.name,1
ijohnson@russellblog,-1
rodriguezderek@moore.me,1
ypalmer@leonard-baker.com,1
vegajohn@torres.co,1
michele20@cameron.io,1
davidwalker+news@daniels-brewer.wiki,1
linda83@@white-cook.blog,-1
gina94@baxter.name,1
woodslaura@garcia.co,1
fsmith@hutchinson.com,1
melissa65@young-knox.wiki,1
michael90@@smith.me,-1
jakestewart+news@rodriguezio,-1
sanderspaula+news@house-kramercomau,-1
amywright@@davis.com.au,-1
justin47@flores.me,1
joshuawilliams @ martinez-bryant.io,-1
angelaguerrero+newsperez.net,-1
epiercewolfe.co,-1
nmitchell@taylor.edu,1
ericksonbilly@mills.org,1
bradyjenkins@@kelly.ai,-1
robinsonnathaniel@fischer-carpenterorg,-1
ryanmargaret@johnson.agency,1
imartinez@hernandez-simmons.info,1
reedalexasanchez.agency,-1
houserhondaharvey.com,-1
carriebaker@tucker-cooper.name,1
floresleslie @ ford-smith.com.au,-1
teresa45@ross-turner.agency,1
davidstevens@may.info,1
chad31khan-cline.co.uk,-1
michellehughes@@callahan.wiki,-1
davidvaldez+news@galloway.agency,1
steve09 @ haynes.wiki,-1
joseph86 @ shepherd-woods.agency,-1
jhartmanmoore.blog,-1
charris@howell.com.au,1
andrewgray@@gonzalez-brown.ai,-1
suzannecarney*@drake.org,-1
justin91+news*@evans.co,-1
kylemathews@white.me,1
brianbaker@williams-saunders.edu,1
jamessmith@thomas.info,1
kelly33@boyd-holloway.agency,1
justinbrown+news@jones-mays.agency,1
qdavis@klein-casey.net,1
vanessamartin@pratt-bradford.co.uk,1
mitchelltimothy*@mercado.io,-1
icallahan@pitts-smith.org,1
jacquelinesteele@@berg.co,-1
nsolis@@williams-thomas.com.au,-1
dillon09@fox-mccoyai,-1
jessica64davis.agency,-1
aaronwarner @ perkins.info,-1
juliaavila @ torres.ai,-1
cherylmurray@best.com,1
arnoldrobert*@flores.name,-1
thomas37@little.edu,1
alexandraedwardsdawson-vaughan.info,-1
philip35@le-hill.org,1
amymason*@smith.edu,-1
stefanie67@snyderedu,-1
ryan24@kennedy.agency,1
dbass@gamble-bowman.com,1
christopher87+news@clark..me,-1
juliejohnsonhughes.net,-1
tinawilcoxbrown.wiki,-1
woodjoseph@powers.net,1
jeffery18@owens.me,1
christopher51cruz.com,-1
ltrujillo@mccormick-yoder.me,1
annacardenas+news@ward-wiley..net,-1
youngstephenjohnson.ai,-1
mcdonaldwendy@pearson.info,1
glennwilliam+news*@hunt.net,-1
jackmorton@davis-conrad..ai,-1
ygardnermiranda.info,-1
stevenmadden@davis.me,1
sanderspamela@duffy.com.au,1
kimberlycarlson@vasquez.org,1
christopher54@@sellers-jenkins.info,-1
stonesteven+news*@robertson.edu,-1
brian36 @ garcia.agency,-1
aanderson*@watkins.org,-1
michael00+news*@waters.org,-1
julie87wilson-hernandez.wiki,-1
williamdawson@gomez.agency,1
waderaymond@cole.io,1
michellelarson@jackson.blog,1
iwhitaker@dickerson.net,1
vvance@christian.blog,1
ruthcox@ruizcomau,-1
collinstara*@williams-blackwell.com,-1
nrobinson@lloyd.edu,1
joshuahill@adkins.wiki,1
deborah48@christensen.ai,1
joyceginavaughn-payne.wiki,-1
makayla17@dunn.blog,1
wilsonbenjamin@parsonsco,-1
jasonbrown @ bowers.net,-1
meghanking@meyer-gray.io,1
melissasummers@@bird.blog,-1
sli@gilbert.net,1
victoriasmith@mendoza-jenkins.blog,1
 lauramejia+news@garrett.edu,-1
mccarthyaaron@kemp..org,-1
jameslambert@george-mcintoshnet,-1
taylorkatrina@graham-greenme,-1
kenneth09@webb..io,-1
danny73+news@powell.info,1
katierubio@mullins-warren.net,1
patrick14@lewis.me,1
crossthomas@porter.io,1
potterjoseph@chavez.blog,1
greenecaleb@davis.com,1
racheljimenez@reyes.co.uk,1
krystalgordon@hatfield-wilkins.agency,1
lmartinez@hughes.co,1
john08zuniga.org,-1
mtorres@evans..wiki,-1
simmonsjennifer@davis.co.uk,1
michael04@allen.agency,1
rebecca06@chapman.blog,1
reeddeanshepard.me,-1
fcarpenter@jimenez-pacheco.com,1
yvonneharris @ anderson-garcia.io,-1
emily95@oconnell-phillips..io,-1
elliottnathan@edwards.agency,1
holly00@clarkname,-1
brightnicole@simpson.io,1
jerry76 @ smith-hernandez.name,-1
patricksamuel @ robertson.edu,-1
smoore@jones-wagner..co,-1
jwilkins@bruce-carlsonname,-1
tannerstephanie+news@@beck.me,-1
hpitts+news @ ross.wiki,-1
rebecca31@chavez-williams.agency,1
cameron10+news@shannon.wiki,1
oclements@edwards.info,1
amy12carter.ai,-1
 marytaylor@kelly-bradford.ai,-1
alexandra15@espinoza.agency,1
shelly34@harmon-taylor.org,1
george22 @ wright.wiki,-1
serranojames*@rivera.co,-1
cooktamara@wu.blog,1
rebeccahernandezlopez.co.uk,-1
shepherdshawn@castillo-thomas.com,1
xstone@brown-wu.ai,1
johnnygreen@white.com.au,1
tamara08@wade-brown.com.au,1
rsalazar+news@duran-lin..info,-1
pmiller@williams.co,1
qrandolph*@leonard.co,-1
hsellers@burkenet,-1
lpineda@@douglas.me,-1
patrickalan @ flores.me,-1
pittmanlogan@carter.io,1
desireebaxter @ jones.me,-1
davidhodge@deleon-lewis.io,1
yorozco @ contreras.ai,-1
jason70@johnson.wiki,1
maldonadojohn@meadows-yu.co.uk,1
louisscott+news@marshall-zhang.ai,1
michaelfosterdiaz.com.au,-1
josephjackson@fischer-smith.net,1
jeremy62@meyers.edu,1
sdean@gibbs.com.au,1
uquinn@gross-montgomery.co,1
jacquelineroman*@lopez-wiggins.com,-1
stephaniejohnson@stanley-davis.name,1
nicole41*@dennis.blog,-1
rodrigueztravis@bush.io,1
adamdavenport @ carrillo-willis.com,-1
 englishtyler@edwards-carlson.co.uk,-1
ramseyfelicia*@morgan-ward.io,-1
sthompson@@brown.edu,-1
laustin@bell.blog,1
robinsonpamela@king.net,1
jimmywilliams@smith-travis.blog,1
imadden@martinez.agency,1
jack17@anderson-knight.ai,1
bryanbradley@clayton-clark.org,1
holttina @ robinson-walker.wiki,-1
evanreid+news@ritter..co..uk,-1
michael42@@duarte.info,-1
melissa17@smith-bowman.io,1
kevinstephens@gilbertinfo,-1
aadams@garza.co.uk,1
 gentrybonnie@sanders.name,-1
jorge06@soto..net,-1
armstrongtanner@vazquez.io,1
timothysmith@erickson..net,-1
sallyjoyce@olson..io,-1
ile@@ray-stevens.agency,-1
robertsonjoshua@westinfo,-1
virginia98+news@@carter.co,-1
fnichols @ crawford.name,-1
kperez@@miller.wiki,-1
 jrobinson@graham-rivera.wiki,-1
rowlandbenjamin@poole-diaz.net,1
debbie13@griffin-reynolds.edu,1
sarah34@mejia.co,1
gregory89+news@dillon-gregory.com.au,1
christopher21@@williamson.ai,-1
phillipsrebekah @ jones.com.au,-1
taylorjessica@@johnson.org,-1
lisamartinez@knight.org,1
mcculloughnicholas@bates.info,1
kurtcollins@jackson.org,1
robert47@crawford.ai,1
raymondvictoria@brown.me,1
davisashley@greene-ellis.name,1
davisashley+news@bush.agency,1
elizabethadkins @ owens.edu,-1
jonesjames@parker-lewis.com,1
 christopher37@adams.me,-1
ryan41 @ mueller.agency,-1
fduarte@may.io,1
wendy15*@mendez-edwards.io,-1
nguyenemily@williams.ai,1
jduke@trujillo.wiki,1
butlercourtney*@ryan.agency,-1
kaylahess@coleman.org,1
nataliejohnson@tran-mcconnell.ai,1
brooke91@rogers.info,1
butlerwilliam@ross.io,1
burtoncynthia@perez-ross.wiki,1
iking+news @ christian-hernandez.name,-1
deanna45larson.ai,-1
wsanchez@thompson-sellers.name,1
fcastro@price.co.uk,1
geoffrey97harrell.org,-1
nelsondawnreed-dunn.name,-1
kristiekent@castillo.edu,1
codybradley@malone-weaveragency,-1
jonathan92@wise.org,1
breid*@pierce.co.uk,-1
jesse82@mcmahon.com,1
wendyreeves@boyd-barr.co,1
justin31@@schultz.edu,-1
kellernancymurphy.com.au,-1
robert40*@graham-hendricks.ai,-1
nathanthompson+news@johnsoncom,-1
gordonemily+news*@rowe.co,-1
carterbenjamin@lewis.info,1
eric14*@hardy-rodriguez.io,-1
wiseanthony@@gilbert-jenkins.agency,-1
joshua99@bowmancom,-1
 jasonsmith+news@lee-griffith.wiki,-1
bbrown @ reilly-garcia.me,-1
bcastro@wright.wiki,1
kimberly49@johnson-rose.agency,1
vanessamcdonald@wallace-garnerwiki,-1
qyoung@mosley-lopez.org,1
hendersonshelby@wilson..net,-1
rebeccagreen@murray.agency,1
 johnsonjames@rodriguez-hernandez.io,-1
cooperjamesbradley-scott.edu,-1
mollyrobinson@allen.com.au,1
walter51@brown-love.co.uk,1
peter99@@bryant-walker.co.uk,-1
emilyrodriguez @ torres.org,-1
 kpalmer@russell.co.uk,-1
fishermiranda@sparks.com,1
leedavis@velasquez-wilson.co,1
johnsonnicole@smith-boyle.agency,1
sandra36+news@castro.io,1
 claudiamoore@adams.me,-1
victoria05@@nelson-rubio.org,-1
xsanchez @ barr.edu,-1
briggsmary@harrison-james.edu,1
scott06@hoover.ai,1
kelly84young.blog,-1
stevenstafford@chase..com,-1
melissa12@@williams.co,-1
parkkelly+newsgreene.ai,-1
dickersonlauren@fisher-navarro.name,1
david76@bailey.blog,1
vanceshannon@martinez.net,1
nicole36@gonzalez..ai,-1
michelledavis+news@horne-contreras.info,1
brian82 @ cochran.wiki,-1
ricerobert+news@chapman.edu,1
jennifer92@austin-farrell.me,1
lewisashlee@morris.com.au,1
peggymckenzie@webster.io,1
mercertammy@leonard.co.uk,1
lwright @ davis.wiki,-1
kvargas@dawson..name,-1
greenejonathan@rosario.me,1
lisa27@boyd.co.uk,1
 vincenttiffany@crane.wiki,-1
 nayers@cline-lyons.wiki,-1
abigaillara@farley.edu,1
wwalker@haydencom,-1
jerry19@spencer.edu,1
david52@cox.ai,1
tyrone15 @ jones.ai,-1
jamesjackson @ austin.info,-1
manuelhenry@cuevas-thomas..info,-1
joshua91*@wise.com.au,-1
mcdanielrichard@schaefer.co,1
 stevensimmons@miller-prince.edu,-1
virginialewis@valenzuela.org,1
shawkins@lee.edu,1
brownjacob@harrison.org,1
monicabean@dodson.co.uk,1
scott85 @ brown-maldonado.edu,-1
alexa01+news@hernandez.org,1
 stephaniehall+news@lee.ai,-1
reneerodriguez@thomas.org,1
eadams@ali-khan..wiki,-1
collinsjasmine@@nelson-scott.com.au,-1
uclark@smith-howardedu,-1
vdunn@reid-barker.ai,1
bbarrera@parsons-thomas.wiki,1
sandra06 @ giles.blog,-1
suzanne62@scott.co.uk,1
sarahcarpenter@@adams.name,-1
upratt@luna-hill.agency,1
lawrencetrevor@andrews.wiki,1
fwright*@obrien.net,-1
nwright@cross-foster.net,1
renee43 @ crane.co,-1
juliabarnes+news@mcmahon-tucker.com,1
debbiejones*@avila-nelson.name,-1
nburnett@garzanet,-1
melissathomas@hanson.wiki,1
hortoncathy*@hendricks.me,-1
snowamber@baker-robinson.io,1
jonathan21@bates.com,1
ruth08 @ anderson.info,-1
mollypierce@sparks-moore.io,1
wandaramirez@figueroa-hopkins.net,1
 bryanpatrick@jones.net,-1
lwilliams@brown.wiki,1
irice@hinton.info,1
xmoore@knight.blog,1
ffitzpatrick@brown-figueroa.agency,1
james56@black.agency,1
gkennedy@petty.agency,1
nrobinson@madden-martin..net,-1
scotttammy@williams.me,1
robertjones@williams.blog,1
contrerasdonaldjohnson.me,-1
cbutler@clay.me,1
carrillonancy@carter.info,1
bradleytaylorsmith.name,-1
lindseykyle@kennedy-reynolds.net,1
riggskatie @ landry.com.au,-1
vduncan@blanchard-rivas.com,1
gonzalezjon@lopez.io,1
nicolehawkins+news@lopez..name,-1
qhumphrey@black-weiss.me,1
jermaine78@@moore.ai,-1
anthonywhite@@boyd.name,-1
johnsondanielleford.net,-1
browndonald@hansen.org,1
logan62+news@mcconnell-roberson..co..uk,-1
jamesmerrittmartinez.blog,-1
garcialaura@blanchard.com.au,1
emclean@@curtis.com,-1
monicahenry@white-hill.edu,1
millermichael@thompson.com.au,1
susanevans @ mcclure.com,-1
 craig87@lewis.net,-1
srobertson@paul.co.uk,1
gerald17 @ cooper.me,-1
samantha09 @ smith-waters.com,-1
eric39@daviscouk,-1
hbonilla*@griffin-garcia.io,-1
randy49@@barker.blog,-1
kennethpalmer @ davis.ai,-1
kellie90 @ gomez.info,-1
barbaraflynn@lee-johnson.info,1
donaldbarber@sampson-smith.edu,1
fconley@hoffman-brown.me,1
pedroparker@rodriguez.edu,1
richardthomas@banks-hurley.blog,1
vegajoan@santiago-stone.blog,1
washingtonmanuel@jones-may..me,-1
ithompson+news@@meza.com.au,-1
lanewilliam@sims-cowan..agency,-1
wilsonangela@smith.agency,1
murphyluis@le..net,-1
rfarrell@valencia.org,1
jonathanrojasjenkins.co.uk,-1
walkermaureen@burton..co,-1
kristen56@@harris-phillips.blog,-1
wmccoy@arias-velez.co.uk,1
christine13@kelly.io,1
santossean@rasmussen.edu,1
katiebrownsanders.co.uk,-1
ibailey@lewis..com,-1
vhill@kane.info,1
nicholas89@wade-clark..name,-1
 holmeskyle@wood.name,-1
mercedes30@combs..ai,-1
donnapotter@johnson-nunez.com.au,1
johnsonbrandy+newscrosby.org,-1
kleingina@leeagency,-1
laurenroy@peterson.ai,1
garrettmelissa@hubbardagency,-1
greenzachary@miller.name,1
becky11@@wright.io,-1
parksstacey@gray.com.au,1
schambershanson.agency,-1
joshuaandrade@mccoy-howell.co.uk,1
jacob59@harris-fowler.me,1
zpoole@compton.co,1
fhughes@stout-gonzalez.com.au,1
bmacdonald@abbott-stewart.blog,1
kmckee@stafford.io,1
griffithchristinamiller.co.uk,-1
elizabethhernandez@macdonald.org,1
taylor46@collins.blog,1
vbender*@montoya.org,-1
 lesliejackson@davis.info,-1
crawfordjaredmack-dillon.co.uk,-1
jfrye@frazier-anderson.wiki,1
carrierivera@garcia.org,1
sparksbradley@hudson.agency,1
thomassmith@garcia.co.uk,1
berrybeth@harris-leonard.ai,1
caitlinthornton@hogancom,-1
wwashington@wilkinson.me,1
anthonyrogers@@mckee.edu,-1
gregory24 @ david-anderson.blog,-1
laura29@ramsey.edu,1
mitchell73@benson.agency,1
huffmananthony@jackson..com,-1
christopherbanks@houston.edu,1
laura37+news@barron.edu,1
williamsmichelle@medina.co,1
jodi03@@jones.wiki,-1
william51@massey-wiley.com.au,1
haynesphilip@ramirez-mullins.edu,1
matthewholland@moran-brewer.blog,1
mark02@dunlap-cunningham.ai,1
brittanynelson*@howell.edu,-1
rodgersfrederick*@bryant.net,-1
 ahernandez@blair.org,-1
sarahgonzales @ gonzalez-lin.co.uk,-1
douglaswilliams@ortiz.blog,1
alove@gonzalez-arnold..co,-1
mark69@french..wiki,-1
sheri85@winters-garcia.agency,1
dross@delgado-perkins.net,1
jason37@gaines.me,1
harrisonmelanie@medina.co,1
 wwolf@adams-coleman.net,-1
gonzalezjason @ elliott.edu,-1
ashleygolden*@nelson-smith.org,-1
vincent69@taylor.com.au,1
ryanrichards@king-lam.info,1
smithsophia@duncan-norris.blog,1
brittanyjackson@mccarthy.co,1
nicolas83+news@macdonald..info,-1
kenneth49+news@carter.info,1
cpowers@brown.co.uk,1
rivasthomas @ orozco-brown.name,-1
katherine09@jackson.co.uk,1
richmondjennifer@harding.info,1
jamesburns@reynolds.info,1
 jmurray+news@conway.com.au,-1
shanewang@bernard.co,1
josegarrett@rodriguez.com.au,1
danielpetersvalenzuela-sutton.agency,-1
brandigreen@@mcdonald.io,-1
qharvey+news@miller.agency,1
tamara00@jordan-jones.wiki,1
mooremargareterickson-tapia.co,-1
oreilly@guzmancouk,-1
bennettcorey@fletcher..edu,-1
victoriarichards@robinson.name,1
qcherry@kelly.ai,1
gberry@dean.info,1
erin84@gibson.com,1
john69@bryant-davidname,-1
francodeborah@marshall..info,-1
adamsashley @ carroll.org,-1
csandoval@washington-pham.org,1
melanie26@cordova.ai,1
mark09+news@clarkname,-1
larrygraham@brock.co,1
drush@scott-lam.co,1
zflowers@brennan.co.uk,1
markherman@powell.me,1
jeffreycarter@trujillo-ross.edu,1
lisa62@clarke.ai,1
eward@hansen.co,1
devin84@meyer.blog,1
douglas55@serrano..com,-1
fhernandez*@chambers.wiki,-1
brocknathan @ york.net,-1
chungbobby@brown.org,1
vgarcia@@gardner.org,-1
sanderszachary+news @ lewis.agency,-1
anthony52@austin.name,1
caleb02@pacheco.io,1
jamesmargaret+news@shelton.edu,1
bdoyle@hall-terry.agency,1
holly43+news@sims.agency,1
andrewells@marquez.com,1
ralexander@carrillo.org,1
 stevensmith@bishop.name,-1
 harriswayne@cannon.info,-1
clarkerin@klein.wiki,1
adamlewis@clarke.me,1
richardwilliams@hernandez..info,-1
jennifer15@cline-weaver.wiki,1
nhartman@thomas.co.uk,1
zhangcynthia@washington.name,1
crystalsmith@rocha.com.au,1
conradmelissa@reed.name,1
stewartgary @ white.blog,-1
mary20caldwell-gilbert.blog,-1
sarah98@williamson.blog,1
steven23@watson.org,1
bensonjoann+news@bruce-sims.com,1
lanemichael+news@@turner.edu,-1
ngonzales@farrell-youngagency,-1
fsmith@johnson.ai,1
chambersross@williams.ai,1
brandon70@@boyd-collins.blog,-1
lmorales+news@reed-thompson.me,1
barajasjames@holmes-woodard.me,1
michael41@vega-yu.edu,1
ejensen*@bonilla-west.ai,-1
jmcintyre@avila-davidson.info,1
barnesrobert@gray-harris.agency,1
traviscrystalcole.agency,-1
ryanweaver@tucker.co.uk,1
brandon74@sparks.co.uk,1
gmitchell@hernandez-bernard.co.uk,1
dustinolsen@carteragency,-1
juan03@smith.com.au,1
armstrongjohn@@vasquez.co,-1
 hhall@brown.net,-1
pamela41@fordio,-1
howellleslie@burns.ai,1
gloverkathleen+news@walker.name,1
wrightkyle@johnson-russell.ai,1
carrilloandrew @ flores-garrett.net,-1
amerritt+news@anderson.ai,1
houselori@price-fox.info,1
skinnerseth@@miller.org,-1
christine37@jimenez-carpenter.agency,1
oandrews+news@hunt-chavez.ai,1
normanpaul@spencer.com.au,1
daniel44@williams.com.au,1
meganperkins@franklin.co.uk,1
derekjohnson@roberts.name,1
aaron59@dixon.co.uk,1
shannonmiller@williams.co.uk,1
graydeanna@murphy.blog,1
jfostermora.net,-1
terranceclark+news*@johnson-parrish.wiki,-1
qwilliams@anderson.info,1
harrisryan @ santos-cervantes.org,-1
buckashley@@meyers.info,-1
contrerasjacob@saunders-saunders.edu,1
barbaradiazsnyder.net,-1
ndavenport @ kramer-walker.wiki,-1
lwood@griffin-rosecouk,-1
martinanne@@curtis.com,-1
rmejia+newsdaniel.name,-1
pattersonkaren+news@garcia.co.uk,1
greenjerome@clark.info,1
howard61 @ lewis-spencer.io,-1
sandra93quinn.name,-1
robinsondylan@@hicks.wiki,-1
 nguyenmichael@baker-hunter.blog,-1
qmcbride@rocha.net,1
christinecole@ruiz.edu,1
zgarrison @ fuentes-mcknight.com,-1
jenniferstevens @ smith-reed.io,-1
milleredward@bolton.ai,1
ortizaustin @ morales-meyer.wiki,-1
emcdaniel@cohen..org,-1
wfloyd@hicks-martinez.name,1
fsharp@anderson-hamilton..me,-1
caitlinmartin+news@shaw.edu,1
williamblake@figueroa-lindsey.edu,1
jay73@osborn.org,1
romeroashley@wood-ryan.info,1
timothy47@guzman-ellis.com,1
mbaker@joseph-mann.name,1
jacobcooper*@gibson.co,-1
jacobhartman@mccormick.info,1
alexa99@barron..co..uk,-1
