email,label
gregorynunez@example.net,1
marie83@example.net,1
lwatson@example.com,1
traciflores@example.com,1
angela79@exampleorg,-1
joneskristin@example.com,1
karen86@example.org,1
samuel78@example.net,1
reneesmith@example.com,1
sharrisexample.org,-1
briannasheppard@example.net,1
ohenson@example.com,1
jean24@@example.com,-1
sandrabrooks @ example.net,-1
jenniferquinn@example.net,1
jermainesutton@example.org,1
pittskennethexample.org,-1
anna15@example..net,-1
fmurphy@@example.org,-1
fdavis@example.net,1
rodriguezpatriciaexample.net,-1
mary22@example..com,-1
williamsmelinda@example.net,1
allisongraham@example.com,1
fpace@example.org,1
leearthur@example..org,-1
andrewsamber @ example.org,-1
rtucker@example.net,1
mhurst@example.net,1
david45@example.net,1
johnsoncatherine @ example.net,-1
courtneyjohnson@example.net,1
pwilson @ example.org,-1
vcline@example.org,1
dcruzexample.org,-1
katrinajimenez@examplecom,-1
martinezana@example.org,1
jasminemelendez@example.com,1
davidhernandez@example..org,-1
nsimmons@examplenet,-1
hilljason@example.org,1
bowmanchristopher@examplenet,-1
fergusongregory@example..net,-1
russellpetersen@@example.org,-1
oberry@@example.com,-1
willisadam@@example.net,-1
qward@@example.net,-1
djones@@example.net,-1
rvelazquez @ example.com,-1
tanyajohnson@exampleorg,-1
fhanson@@example.com,-1
jhicks@example.org,1
peter79@example.com,1
matthew72@example.net,1
hkhan@examplenet,-1
bakermary@exampleorg,-1
laurie84@example.com,1
silvarachel@exampleorg,-1
gilmorechad@example..com,-1
brandon52 @ example.com,-1
stephensonronald@examplecom,-1
mbairdexample.net,-1
patrickjose@example.com,1
christina19@example.net,1
brendamosley@example.org,1
elizabethwatson @ example.com,-1
daviddeanna@@example.org,-1
laura37@example.org,1
jeffreywalker@example.org,1
sophia55@example.net,1
gibsondavid@example.org,1
robinsonpaula@examplecom,-1
jonallen@exampleorg,-1
jonathanaguilar@example.org,1
bmorganexample.org,-1
phillipharrell@example..net,-1
gvelasquezexample.org,-1
brownvanessa@example..org,-1
floresmike @ example.org,-1
jessica46@@example.net,-1
andersontracy @ example.org,-1
kimberlyhawkins@@example.com,-1
david57@example.net,1
veronicakramer @ example.net,-1
weberchristopher@example.org,1
smartin@examplenet,-1
danielwheeler@example.com,1
shanewhite @ example.com,-1
hernandezmary@example.com,1
anelson@exampleorg,-1
medinajennifer@example.com,1
emily78 @ example.com,-1
erincruzexample.com,-1
joshua64@example.com,1
michaelcampbellexample.org,-1
ricky60@example.com,1
kimberly33@@example.org,-1
ashleyjones@examplenet,-1
summerpratt @ example.com,-1
tiffany65@example.com,1
oneilljeffrey @ example.net,-1
crodriguez@example.com,1
potterrobert@example.net,1
alexandria70example.net,-1
noblejoshuaexample.org,-1
hooverjacob@example..org,-1
gregory70@example.com,1
uwheeler@example.org,1
montoyasusan@example.org,1
odean@example.com,1
bruce94example.net,-1
edwardsmarie@example.org,1
tammy95example.net,-1
kylepeterson@example.org,1
james80@@example.net,-1
terrydickson@example.org,1
gary67@example..org,-1
jameshouse@example..com,-1
karenwilliamsexample.com,-1
npadilla@example..org,-1
adam92@example.com,1
smiller@example.net,1
jessebuck@example.org,1
richard41 @ example.org,-1
taylorbryan @ example.com,-1
gpeters@example.net,1
robert16@@example.org,-1
lmcdonald@example.com,1
richardsonalex@example.org,1
marklee@examplecom,-1
xgalvan@example..com,-1
zmiddleton@example.com,1
alan23@exampleorg,-1
juliathomas@example..net,-1
michael51 @ example.org,-1
afrancis@example.com,1
whitney12@examplecom,-1
katelynwhite @ example.net,-1
melanie68@example.org,1
perezdaniel@@example.com,-1
katrinaholland @ example.net,-1
tommy01@example.net,1
ruben59 @ example.org,-1
loganterriexample.net,-1
thompsontimothyexample.com,-1
gonzalezjennifer@example.net,1
yfields@example..net,-1
allisonlisa@example.com,1
lschultzexample.net,-1
dawn33@example.net,1
stephaniethompson@example..com,-1
swansontara@example..com,-1
derrick79@example.org,1
robertchen@@example.net,-1
cwilliams@examplecom,-1
brianhall@example.com,1
medinajon@example.org,1
heathergray@@example.com,-1
msmith@example..com,-1
megan02 @ example.org,-1
randy98@exampleorg,-1
pittssarahexample.net,-1
castillochristinaexample.org,-1
adamsdeanna@example.org,1
rachel67@@example.org,-1
keithtaylor@example.com,1
jenniferbarber @ example.com,-1
shawmelissa@example.com,1
zcummings@example.com,1
rnewton@example.net,1
garciasydney@@example.net,-1
loweshannon@example..com,-1
lowerychristopher@example.org,1
william52@example.net,1
pamela27 @ example.org,-1
michaelcochran@example.net,1
cowanmary@example.org,1
jacksonmichael@example.net,1
elizabethdennis @ example.org,-1
ugoodman@example.org,1
wesleyanderson@example.org,1
richardsonalison@examplenet,-1
smartinexample.org,-1
wshaffer @ example.org,-1
cruzcarlos@example.org,1
austin83@@example.org,-1
andrewjohnson@example.org,1
pwatson@example.com,1
pchavez@examplenet,-1
tiffany70example.net,-1
cwolfe @ example.net,-1
sandra12@example.org,1
daniel37 @ example.com,-1
monique34@example.org,1
christine90@@example.com,-1
lmunoz@example.net,1
davidsonchristopher@example.net,1
rose16@example..com,-1
daniellemontoyaexample.org,-1
rowlandkurt @ example.com,-1
fwarren@example.org,1
moyercarrie@exampleorg,-1
elizabeth14@example.com,1
kylierodgersexample.net,-1
jason88@example.net,1
jillian58example.com,-1
lsmith@example.org,1
kathymarshallexample.com,-1
whitemary@example..net,-1
vbriggs@example.org,1
markblack@example.net,1
michael62example.net,-1
lstanley@example.org,1
jacob31@example.org,1
calvin72@example..com,-1
jowood@example.com,1
debra61@example.com,1
melissaroman @ example.org,-1
sabrina75example.com,-1
byrdjeffrey@example.org,1
debra93@example.net,1
cperez@example.net,1
gutierreztimothy@examplecom,-1
scottramsey@example.net,1
vboyd@example.com,1
courtneybaxter@examplecom,-1
fritzdebbie @ example.org,-1
jamie25@example.com,1
emily25 @ example.com,-1
scott81@example.net,1
danielcross@example.net,1
myerswilliam @ example.net,-1
lori25@example.com,1
rogersmark@example.org,1
cynthiaevans@example.net,1
emilyadams @ example.org,-1
kmiller@example..org,-1
karencallahan@example..com,-1
nchan@example.org,1
wellssara @ example.net,-1
ojonesexample.org,-1
theresaburton@example.net,1
wtorres@example.org,1
michelle22@@example.com,-1
johnholland@@example.com,-1
gayala@@example.com,-1
ericduke@example..net,-1
philipgraham@example.org,1
smiller@example.com,1
audreyjackson @ example.com,-1
adriana83@@example.net,-1
ysullivan@example.com,1
nwarren@example.org,1
ysaunders@example.net,1
xsmith@examplenet,-1
kelly80@example.org,1
tgarner@example.net,1
fmitchell@example..org,-1
dawn04@example.org,1
riverajeremy @ example.net,-1
rose59@examplecom,-1
ugonzalez@examplenet,-1
christophercortez@exampleorg,-1
whiteclayton@@example.com,-1
kimcompton@examplenet,-1
annette27@example.org,1
coreymartin@exampleorg,-1
bowenjames@example.com,1
daniel95@@example.com,-1
dstewart@example.org,1
nortonashley @ example.org,-1
carterkaitlyn@example.net,1
perezamanda@example.com,1
mcobb @ example.com,-1
keithmann@example..org,-1
lestrada@example.org,1
vandrewsexample.org,-1
douglas12@exampleorg,-1
wmoyer@example.net,1
robin89@exampleorg,-1
hector95@@example.org,-1
anthonysantos @ example.com,-1
kyle92@example.net,1
millerdaisyexample.com,-1
steven76@example.com,1
janderson@example.net,1
rushdanielle@example.org,1
patricia65@@example.net,-1
ulee@example.com,1
vduke@@example.org,-1
lewiselizabeth@@example.com,-1
hshort@example.org,1
jmorton @ example.com,-1
hunterchristopher@examplenet,-1
huntertaylor@@example.com,-1
pamela30@@example.com,-1
scott76@example.com,1
amy85@example.com,1
teresamiller@example.com,1
richard39 @ example.org,-1
brandonreid@example.net,1
gibbstodd@examplenet,-1
john37example.org,-1
vwilliams@examplecom,-1
chad80@example.com,1
nunezthomas@@example.com,-1
iwalls@example..org,-1
selenafrye@example.com,1
rpena@example.com,1
sanchezmatthew@example.org,1
coxharold@example.net,1
ibarber@examplenet,-1
todd12@example.net,1
michael94example.org,-1
rwilkins @ example.net,-1
gabriel04 @ example.net,-1
williamwhitaker@example.org,1
jerrygalvan@example.org,1
uchan@examplenet,-1
sara68@exampleorg,-1
robertsjuan@example.net,1
gjohnson@example.net,1
figueroarobert @ example.com,-1
dakota29@example..org,-1
john19@example.org,1
michael84@examplecom,-1
daniellesmith @ example.org,-1
dwalter@example.org,1
fbauer@example.org,1
wrightrachel@example.net,1
frhodes@example.com,1
tiffanygreene@example..org,-1
esmithexample.com,-1
racheljohnson@example.org,1
colleen81 @ example.com,-1
jennifer81@examplecom,-1
aaronreed@example..net,-1
ythompson@example.org,1
brenda96@example.org,1
christopherhurley@example..org,-1
diana90@example.com,1
penachristian@@example.com,-1
yvonne25 @ example.net,-1
janicejenkins@example.com,1
dcooper@@example.com,-1
klewis@example.org,1
elopez@example.net,1
ebanks@example.org,1
richardphillips@example.org,1
nicholas88@examplecom,-1
vwolfe@example.net,1
michaelhawkins@example.com,1
tanya54@example.net,1
pcole@example.net,1
ryan84@example..net,-1
ehowell@example.com,1
joel06@@example.net,-1
jennifer56@examplenet,-1
gonzalesangela@example.com,1
kaylashaffer@example.net,1
njonesexample.com,-1
daniellerubio@example..com,-1
amber27@@example.net,-1
johncrawford@examplenet,-1
mhines @ example.com,-1
hbooth@example.com,1
lmurphy@example.net,1
amandahunt@example.com,1
gutierrezjames@example.com,1
maureen16@exampleorg,-1
nancy18@example..com,-1
jennaanderson @ example.net,-1
brookeyang@example.com,1
johnny98@example.net,1
jeffreyedwards@example.net,1
travishawkins@example.org,1
brianwillis@example.com,1
whitechelsea@example.net,1
johnsonanthony@example.net,1
wmyers@examplenet,-1
fordcassandra@examplenet,-1
warnerjessica @ example.com,-1
barryturner@example.com,1
philip03example.com,-1
cnunez@example.net,1
madeline51@example.org,1
adamsdavid @ example.org,-1
ztaylorexample.org,-1
kendra66@@example.com,-1
ptranexample.org,-1
carpenterdawn@example.org,1
khenderson@example.net,1
bburch@example.com,1
samanthatrevino@example..org,-1
joshuanguyen @ example.org,-1
castillorenee@example.net,1
kimberlyoconnor@@example.net,-1
marksaustin@exampleorg,-1
ythompson@example.net,1
zhahn@example.org,1
frichardson @ example.com,-1
aguilarnathaniel@example.org,1
qwiggins@@example.org,-1
taylorharper@example.net,1
michaelcarson@example.org,1
michellesolis@example.net,1
williamsharp@example.com,1
mccoymike@example.org,1
rholden@example.net,1
brittanyware@example.net,1
brennangwendolyn@example.com,1
kurtdurham@example.net,1
daviscalvin@example.com,1
washingtondavid@example..com,-1
thompsonmichael@example..net,-1
angiejackson @ example.org,-1
brookerussell@example.net,1
johntorres@example.net,1
troy94@example.org,1
keithjones@example.net,1
jasonnorris@example.com,1
alicia97@example.net,1
joshua76example.org,-1
mcphersonwalter@example.org,1
jacquelinebrownexample.net,-1
williamsstacey@example.com,1
michelle28@example..com,-1
angelataylorexample.com,-1
barreracurtis@example.org,1
david95@example.org,1
austinpowell@exampleorg,-1
nmclean@example.org,1
bsmith@@example.net,-1
egarcia@example.com,1
vhardin@example.org,1
wileykenneth@example.org,1
robert38@example.org,1
samueltrevino@example.net,1
rmorrison @ example.net,-1
qrice@example.org,1
brownmelanie@example.net,1
vanessaesparza@example.com,1
bboydexample.com,-1
brenda37@example.com,1
jayhood@example.net,1
faulknerdavid@example.org,1
bryantsarah@examplecom,-1
howelljames@example.com,1
tdavis@example..com,-1
johnsonscott@example.org,1
justinprince@example.net,1
michelle62@example.org,1
nicholas42@example.com,1
pattonthomas@example.com,1
ikelley@example.org,1
brandonmedina@example.org,1
pflores@example.org,1
lawrencethomas@example.org,1
morrowallison@example.net,1
teresahernandez@example..com,-1
tamarapittman@example.org,1
jamesjacksonexample.org,-1
stevensalicia@example.org,1
kevincollins@example.net,1
ricky38@example..com,-1
anthonygibbs@example.com,1
pclark@@example.net,-1
woodcindy@example.org,1
qbrown@example.org,1
brockjames@example.org,1
christopherwood@example.org,1
matthew80@example.org,1
yjones@example.com,1
ojohnson@example..com,-1
sjones@examplecom,-1
joshua76@example.org,1
derekmunoz@example.net,1
stephensonterri@examplenet,-1
johnstonanne@example.com,1
carterlaura@example.com,1
lauriegarcia@example..com,-1
torresnicholas@examplenet,-1
jaredstewartexample.net,-1
yvonne14@example.net,1
pamelabarnes@example.net,1
aphillips@example.net,1
pamela68example.org,-1
darren79 @ example.net,-1
eknight@example.net,1
mckenzie36@example.com,1
vcunningham@exampleorg,-1
emily87@example.com,1
wsmith@example.com,1
marisajohnson @ example.org,-1
jasonbyrd@example.com,1
madisonsims@@example.net,-1
natalie49@example.org,1
mcclainjohn@example.org,1
kathleendavidson@examplecom,-1
jimclark @ example.net,-1
taylordevon@example.com,1
lisadavis@example.net,1
jimfry@example.com,1
darin50@example.net,1
heather24@exampleorg,-1
edwardlambert@@example.net,-1
sean59@example.org,1
terrence89@example.net,1
rogerscarol@example.com,1
david61@examplenet,-1
romerostephanie@exampleorg,-1
ecrawford@example.net,1
jacksonmatthew@example..com,-1
arnoldmichelle@example.org,1
deannawilliams@example.net,1
chorn@examplecom,-1
mccoypaul@@example.org,-1
escobarmicheal @ example.net,-1
mgillespie@examplecom,-1
davidhull@exampleorg,-1
frazierchristineexample.net,-1
nflynn@example.com,1
xtaylor@example.org,1
scottyoung@example.org,1
johnpratt@example.net,1
julie55@example..net,-1
parkersusan@example.net,1
rubennelson@example.com,1
ralph54@@example.org,-1
christopherreed@example.org,1
edwardssierra @ example.org,-1
fullerrichard@example.com,1
tranjoseph @ example.net,-1
ybrown@example.net,1
julie44@example.org,1
clintonwyatt@example.org,1
gsimmons@example.com,1
catherine48@example.org,1
garrisontimothy@example.com,1
shawn95@example.org,1
herringbrent@examplenet,-1
kevinharrison @ example.com,-1
desireemaxwell@examplecom,-1
johnsonjeff@example.org,1
jonathanhernandez@example.org,1
dsutton@example.org,1
zperry @ example.org,-1
nicolemercer@examplecom,-1
ulynchexample.net,-1
juliesmith@example.com,1
qthomas@example.com,1
ochang@example.com,1
erivera@example.net,1
justin48@example.net,1
williamroberson@@example.com,-1
iwade@example.com,1
aprilware@example..net,-1
howardjeremy@example.net,1
jeffrey59@example.com,1
pgarcia@example.net,1
kristasolis@example.com,1
nosborne@example.net,1
melissamonroe@example.com,1
geraldhall@@example.com,-1
dleeexample.org,-1
bailey02 @ example.org,-1
mjones@@example.org,-1
lisagray @ example.net,-1
kimlori@@example.org,-1
hornmichael@example.com,1
ctate@example.net,1
arthur40@example.com,1
susan04example.net,-1
georgeday@example.net,1
adamsshannon@example.net,1
hfleming@@example.org,-1
brandonbernardexample.net,-1
sally16@example.net,1
rwright@example.net,1
ghughesexample.net,-1
fergusonhoward@example.com,1
lisa74@example.org,1
bruce94@example.org,1
kristina35@@example.com,-1
austinklein@@example.org,-1
rclark@example.net,1
michael79@example.net,1
kylelewis@example.org,1
dsawyerexample.com,-1
robertharris@example.com,1
walshmichael@example.net,1
pattywatts@@example.org,-1
mackjames@example.com,1
marshallalan@exampleorg,-1
ashleybrowning@examplenet,-1
johnmelendez@example.org,1
zarroyo@example.com,1
reillysamuel@@example.net,-1
maureenfuller@@example.com,-1
browntiffany@example.com,1
ojacksonexample.net,-1
eclark@example.org,1
fferguson@example.org,1
hollowaybryanexample.org,-1
vanessasnow@example.net,1
robinsonsteven@example.org,1
anthonyrose@example.com,1
mcdonaldbradleyexample.com,-1
oanthony@@example.net,-1
christopher79@example.net,1
darlenelong@example.net,1
abigailreeves@example.com,1
lancevillanueva@example.org,1
nleexample.org,-1
james08 @ example.com,-1
smithlinda@example.org,1
luis82@@example.net,-1
kristin94@example.org,1
oreynoldsexample.net,-1
jeffrey58 @ example.org,-1
sheena41@example..com,-1
craigrodriguez@@example.com,-1
jenningsgerald@example.org,1
muellerjames@example.net,1
thomaswhite@example.com,1
patriciabryan @ example.net,-1
ysmith@example.org,1
othompsonexample.com,-1
santiagorodney @ example.com,-1
ulandry @ example.org,-1
uhernandez@examplenet,-1
nancycollins@@example.com,-1
pbullock @ example.com,-1
richard06example.com,-1
upearsonexample.org,-1
katelynmurray@@example.org,-1
robert75 @ example.net,-1
jonesmatthew@example.net,1
scott24@example.net,1
pamela32example.org,-1
jeffrey02 @ example.com,-1
yhartman@example.net,1
wilsondaniel@examplenet,-1
ryanwilson @ example.net,-1
katiewebster@example..org,-1
patelkimberly@example.com,1
adamsjames@example.com,1
rachel94@@example.org,-1
brianjohnson@example.com,1
cynthia76@example..com,-1
mburch@example.com,1
brittany28@example.org,1
omoreno @ example.org,-1
eric57 @ example.com,-1
jacksonmargaret@example.org,1
johnsondeborah @ example.net,-1
rsanders@@example.net,-1
jodi93@example.com,1
michael06@example.com,1
zramirez@example.net,1
eugene14@example..com,-1
qlopez@example.net,1
jeremy20example.org,-1
randolphlauren@example..org,-1
donaldcross@example.net,1
gregory54@example.net,1
jackson35@examplenet,-1
jonathanbarnes@example.net,1
rosaleslisaexample.org,-1
jennifercontreras@example.org,1
imoore@@example.net,-1
patricia22 @ example.net,-1
linda12@example.net,1
alicia24@examplenet,-1
rosalesmary@example.net,1
taylortylerexample.org,-1
xhodges@example.com,1
brendathompson@example.com,1
sharondoyle@@example.org,-1
candice80@example.net,1
mackjessica@@example.com,-1
garciajoshua @ example.org,-1
christinagarcia@example.com,1
patricia76example.com,-1
ashleysheppard @ example.org,-1
crystalscottexample.net,-1
ghall@example.org,1
perezallisonexample.net,-1
crystalfrancis@@example.net,-1
gharper@example..com,-1
davisbecky@example.net,1
gdennis@examplenet,-1
jerrywalsh@example.org,1
reedmaureen@example.com,1
patelshirley@@example.net,-1
ajones@examplenet,-1
burnsashley@@example.com,-1
tammyklein@example.org,1
michaeljohnson@example.net,1
rebeccaramsey@example..net,-1
zthompson@exampleorg,-1
fbass@example.com,1
eric24@example.net,1
deansandra@example.net,1
millerbrian @ example.net,-1
princemegan@example.com,1
smadden@@example.net,-1
gonzaleslorraine@example.net,1
jmartin@example.com,1
thomas25 @ example.net,-1
fowlercharlesexample.org,-1
vpeterson@example.org,1
heatherbrown@@example.com,-1
marcus54@example.org,1
amy54example.net,-1
andrea04 @ example.org,-1
gonzalesjeffrey@example.net,1
eroberts@example..com,-1
lrobbinsexample.org,-1
michelle62@example.org,1
pvaughnexample.net,-1
rachel45@example..org,-1
matthewortiz@example.org,1
kristigray@example.net,1
rhunter@example.org,1
darryl33@example.com,1
jennifertaylor@example.com,1
aaronacevedo@examplecom,-1
brenda58@example.org,1
rpearson @ example.org,-1
gstanton@example..com,-1
jodigray@example.com,1
olivia88@example.org,1
moorechristopher@example.com,1
westanthony@example..org,-1
joshuamiddleton@example.net,1
johnking@example.com,1
kathryn18example.org,-1
ryanduncan@@example.com,-1
christinanolan@example.com,1
adam51@example.net,1
moralesleslie@example..com,-1
jasmine44example.com,-1
meganrodriguez@example.com,1
maureenstone @ example.com,-1
malonecody@@example.com,-1
thomasjames@example..net,-1
nsmith@example.org,1
dereknelson@@example.net,-1
mcdonaldmichael@example.net,1
cobbheather@exampleorg,-1
hawkinstiffany@example.org,1
gdixon@example.net,1
wrightelizabeth@example.com,1
hsnyder@example.com,1
stevenkerr@example.com,1
virginia56 @ example.org,-1
stephanieblanchard@example.org,1
butlerdrew@@example.com,-1
hernandezwilliam@@example.org,-1
david67@examplenet,-1
heidi58@example.net,1
michael68@example.org,1
jasonwilliamson@example.com,1
qneal@example.net,1
bcrawford@example.com,1
kellerwayne@example..com,-1
maryjennings@example.net,1
jennifer77example.net,-1
shane00@example.org,1
aaronmedina@example.org,1
robert64@@example.org,-1
nthomasexample.net,-1
rebeccacross@example.org,1
herreracharlesexample.com,-1
theresa42example.com,-1
andersonalexander@example.org,1
morrisonpatricia@example.net,1
xlozano@example.net,1
jefferyallenexample.org,-1
johnsonthomas@@example.com,-1
pricekathleen@example.com,1
yangjacob@example.org,1
michelemckinney@example.net,1
ronald35example.com,-1
walkerjaime@example..net,-1
jamesrivera@example.com,1
alynchexample.net,-1
rebecca58@exampleorg,-1
duncanelizabeth@examplecom,-1
yyatesexample.net,-1
sarahballard@@example.com,-1
hendersonleslie @ example.com,-1
walter25@example.com,1
hernandezmatthew@example.org,1
padillaphillip@example.net,1
cliffordlewis@example.net,1
michealboyd@example.com,1
stewartcarlos@example..net,-1
mwilliams@example.com,1
julieallen@example.com,1
adrian61@example.org,1
terryholly@example.com,1
ehansen@example.com,1
richardsonelizabeth@example.com,1
tiffany18@@example.com,-1
steven88@example.net,1
greenmartha@example.org,1
avillanueva@examplecom,-1
ishawexample.com,-1
huangmelissa@examplenet,-1
lisafitzgerald@example..net,-1
hreidexample.net,-1
wyattjeremy@example.com,1
andreaballard@example..net,-1
adamsdavid@example..net,-1
amydonovan @ example.net,-1
bbates@example.net,1
katelynhester@example.com,1
brandon91@example..com,-1
wtucker@example.org,1
cruzstacy@examplenet,-1
chanvincentexample.net,-1
patrickhart@example.net,1
rodriguezjames@example.org,1
stuartelizabeth@example.com,1
zjohnson@example..org,-1
milestimothy@examplecom,-1
ysanchezexample.org,-1
jessicabarnesexample.com,-1
dwaynearroyo@@example.com,-1
icampbell@example..org,-1
bcain@example.com,1
timothysmith@example.net,1
nancyyoung@example.org,1
goodtaylor@example.com,1
kevin13@example.com,1
alexanderblake @ example.com,-1
samantha95example.net,-1
thomasphilip@exampleorg,-1
tiffanylopez@example.org,1
richardgarcia @ example.org,-1
moorepatrickexample.org,-1
lowen@exampleorg,-1
dunnarthur@exampleorg,-1
ivan35example.net,-1
calvinfarmer@examplenet,-1
lisascott@example.com,1
andreabarnes @ example.com,-1
hthomas@example.net,1
robertmoore@example.net,1
juarezchristine@example.net,1
smithkaylee@example.com,1
lopezkurt@@example.net,-1
robertjones@examplecom,-1
trujillokevin@example..com,-1
paynejonathanexample.net,-1
robertbryant@example.com,1
wmclaughlin@example.com,1
riverapatricia@example.net,1
robinsondaniel@example.com,1
foxjenniferexample.com,-1
deborahpacheco@examplecom,-1
johnanderson@example.net,1
danielle74@example.com,1
thomas51@example.com,1
duffymichelle @ example.org,-1
sandra03example.org,-1
mjohnson@example.com,1
obuchanan@@example.com,-1
daniel91@example.net,1
katieross@example..net,-1
mary66@example.com,1
gonzalezjasmine@example..com,-1
ztrujillo@example.com,1
ortizjon@example.com,1
melissahernandezexample.org,-1
cooperjohn@example..com,-1
austin45example.org,-1
johnsonbeth@example.org,1
cjackson@examplenet,-1
shawnmartinez@example.org,1
yharmon@examplenet,-1
davidvalenzuela @ example.org,-1
joantaylorexample.com,-1
carrollsydney@examplecom,-1
dgraham@example.com,1
ynolan@@example.net,-1
emarks@example.com,1
amanda53@example.net,1
ronaldsanders@example.com,1
johnsonalyssa @ example.com,-1
nathanshelton@example..org,-1
michelle08@example.org,1
brittanyarnold@example.com,1
rreyes@example.net,1
katelynwong@example.com,1
donnabarnett@example.net,1
martindouglas @ example.org,-1
mandysandoval@examplenet,-1
gonzalesjennifer @ example.org,-1
richarddorsey @ example.org,-1
manningtara@examplenet,-1
gellis@example.net,1
josephsullivanexample.net,-1
lindalucero@example.org,1
heather11example.org,-1
crystal67@example.net,1
rossadams @ example.com,-1
mcintoshamber@@example.org,-1
wendycummings@examplenet,-1
claudia45@example.com,1
wayne78@@example.net,-1
sandra67example.net,-1
thomas21@example.com,1
lindsey02example.org,-1
wilsonjessicaexample.org,-1
washingtonryan@example.net,1
jennifer30@example.org,1
mendezmichael @ example.net,-1
john25 @ example.net,-1
coxrandall@@example.net,-1
hallalexis@example.org,1
aaroncarr@@example.net,-1
carl68@example.net,1
holly80@@example.net,-1
austinlopez@example.com,1
scott31@exampleorg,-1
denise37@@example.com,-1
sarah48@examplecom,-1
steven56@example.net,1
manueldavis@example.com,1
rward@@example.com,-1
roberthernandez@example..net,-1
melissaalexander@example.org,1
zwarner@example.net,1
brandy82@@example.net,-1
robertslarry @ example.net,-1
rodney50@example.org,1
robert45@example.net,1
boydmegan@example.net,1
ashleyromero@example.com,1
hcolon@examplecom,-1
jsherman@example.net,1
jdennisexample.org,-1
alishalittle@example.org,1
steven77@examplenet,-1
ogoodexample.com,-1
christophermoreno@@example.com,-1
tammynorman @ example.com,-1
gabriela64@example.org,1
zrussell@example.com,1
jenkinsjamesexample.org,-1
frances98@@example.org,-1
irodriguez @ example.org,-1
denise38@example.org,1
phillip41@@example.org,-1
voliver@example.org,1
kellerdarrell@example.net,1
john73example.net,-1
zbutler@example.net,1
tiffany02@example.net,1
hmartin@example..org,-1
westterri@@example.net,-1
jesserice @ example.net,-1
ylewisexample.net,-1
dylan59example.net,-1
thomas73@example.com,1
evanslynn@@example.com,-1
nathanfrank @ example.org,-1
allen06example.org,-1
lindsaysloanexample.net,-1
tanderson @ example.com,-1
todd21@example.org,1
joelnelson@examplenet,-1
robin99@example.net,1
jamesramirez@@example.com,-1
sarahchang@example.net,1
joseph17@examplecom,-1
mnorman@examplenet,-1
joshua99@example.net,1
fuentesjessica@@example.com,-1
adamsdavid@exampleorg,-1
jonathansellers@example.com,1
travisguzman@example.org,1
gwendolyn05@example.org,1
ronald08@example.net,1
jessica79@example.net,1
scottbates@examplecom,-1
kariyoung@example.net,1
jasonjames@example..com,-1
steeleandre@example.net,1
hodgealexandra@example.net,1
benjamin93@exampleorg,-1
kellymcdowell@examplenet,-1
kathrynwilliams@example.net,1
vargasbradley @ example.com,-1
richardboyle@example.org,1
fdavis@example.com,1
jimmyburch @ example.net,-1
sallen@example.org,1
tiffany58@example..org,-1
nicole50@example.org,1
daniel32@examplenet,-1
nicholegonzalez@examplecom,-1
ujones@example.com,1
dstewart@examplenet,-1
brian98@example.com,1
birdmichael@examplenet,-1
heatherperry@@example.org,-1
zgardner@example.net,1
sloankrystal@exampleorg,-1
simonandrew@example.org,1
rachel26@example.org,1
morganchristopher@@example.org,-1
baileybrian@example.org,1
hayessherryexample.org,-1
kcarpenterexample.org,-1
christinamaynardexample.org,-1
leonard15@@example.net,-1
jeffrey79@example.org,1
flowe@example..com,-1
sotosydney@example.com,1
steventanner@example.com,1
mosesmelissa@example.com,1
greerjohn@@example.net,-1
tammyvelasquez@@example.org,-1
uortiz@example.com,1
trevor91 @ example.com,-1
janet32@example.com,1
ywilliams@example.com,1
matthewwalker@example..com,-1
xcollins@example..net,-1
shafferjustin@example.com,1
sharonnelson@example.org,1
waltersangela@example.net,1
maria24@example.net,1
lindsey42@example.org,1
bettysawyer @ example.com,-1
emilycooper@example.net,1
leelindsey@exampleorg,-1
wolfecarol@examplenet,-1
ryan81@example.org,1
joshua91@example.com,1
laurataylor @ example.com,-1
fchurch@example..org,-1
nwoods@example.org,1
william12@@example.com,-1
marisagordon@@example.com,-1
douglas57@example.net,1
pmeyers@examplecom,-1
alexa48@example..com,-1
torresmelanie@example.net,1
john14@example.net,1
swansonkevin@exampleorg,-1
randycohen@example..com,-1
daniel97 @ example.net,-1
cassandrajenkinsexample.com,-1
kimrobinson@example.net,1
orivera@example..org,-1
hfletcher@example.org,1
xmartin@example.net,1
dominguezlawrence@example.net,1
nicolecannon@example.net,1
angelicajohnson@example.net,1
molly51@example.net,1
pearsonlorraine@example.net,1
noah40@example.net,1
david23@example.net,1
jennifer71@example.net,1
joneslawrence@exampleorg,-1
changroberta@example..com,-1
barbarahill @ example.net,-1
joanna31@example.net,1
ogalloway @ example.net,-1
troy40@example..org,-1
jamesbeltran@example..com,-1
owatson@example.com,1
morgan10@examplenet,-1
garycardenas@@example.com,-1
voliver@example.com,1
knoxterrenceexample.net,-1
garrettwilliam@example.net,1
rebeccanelson@example.com,1
mckenziejill@@example.com,-1
patrickharding@example.net,1
floresmark@example.net,1
kmurray@example.net,1
mnguyen@exampleorg,-1
delgadojames@example.com,1
xknox@example..net,-1
wanda96 @ example.org,-1
inielsen @ example.net,-1
thompsonrobert@example.net,1
samanthabolton@example..net,-1
jacksonjulie@example..net,-1
stonejames@example.org,1
terrellrussell@example.net,1
debra01@example.com,1
amanda37@example.org,1
dwilson@examplecom,-1
scottrachel@example.org,1
jonathankramer@example..org,-1
simmonslynn@example.net,1
kevin73 @ example.net,-1
rbrock@example.net,1
monicalewis@example.net,1
ybautista@exampleorg,-1
thomasrandy@example.org,1
hjones @ example.org,-1
vasquezamanda@example.com,1
robertgomez@example.com,1
uduffy@@example.org,-1
zguzman@example.com,1
jonathanarmstrong@examplecom,-1
medwards@example..org,-1
douglassherri@example.net,1
vanessa24@example.net,1
jessicagordon@example.org,1
martinjoseph@example.org,1
pittsashleyexample.org,-1
karenwoods@example.org,1
pbenton @ example.com,-1
jacob91example.org,-1
cookrobert@exampleorg,-1
kevin75example.org,-1
woodsedward@example..com,-1
pgarza@example.org,1
angela39@example.com,1
robert62@example.net,1
rsilva@example.com,1
craig57@example.net,1
coxdavid @ example.org,-1
jimmy76@example.org,1
bcox@@example.org,-1
uray@example.org,1
lawrencejohnson @ example.net,-1
richardkim @ example.com,-1
williamsrandy@example.org,1
heidi51example.net,-1
sherrypatton@example.com,1
dthompsonexample.net,-1
jimmy28@example.net,1
jaustinexample.net,-1
sellerscharlesexample.org,-1
debbie00@example..org,-1
qgonzalez@@example.net,-1
thompsontaylor@@example.net,-1
smercer @ example.org,-1
yvette31@example.org,1
davidsonwilliam@example.com,1
wellseric@example.org,1
karenwilson@exampleorg,-1
sandraevans@@example.com,-1
montgomerychristine@example..com,-1
katelyn96@example.com,1
carly06@examplenet,-1
rleblanc@example.com,1
johnsonmisty@@example.com,-1
youngrobin@example.com,1
pachecopaula@examplecom,-1
rgonzales@exampleorg,-1
garzaevan@examplenet,-1
peterdavenport @ example.net,-1
sabrinahawkins@examplecom,-1
meredithbeard@example.net,1
dawn98@example.net,1
david93@example.com,1
danielle07 @ example.com,-1
dbradley@example.org,1
wagnerpeter@example.org,1
matthewgray@example.com,1
bakersharon@example..com,-1
carlossullivan@examplecom,-1
trevoradams @ example.com,-1
iharrisexample.com,-1
kimberly72@example..com,-1
heather23@example.com,1
frobinson@example.net,1
megan12@example.com,1
tonyaguirre@example.net,1
erichenderson@examplenet,-1
wrightalexa@example.net,1
christine98example.net,-1
riveravalerie@examplenet,-1
troy99@example..com,-1
abradford @ example.net,-1
robinsonbilly@example.org,1
zobrien @ example.org,-1
amandamcdonald@examplecom,-1
whitecrystal @ example.net,-1
shieldsbrandon@@example.net,-1
melissa68@example.org,1
gardnermichaelexample.org,-1
eileen32@examplecom,-1
brownstephanie@example..org,-1
barronlisa @ example.org,-1
stephanie92@@example.com,-1
lmoonexample.org,-1
davidharding@example.com,1
lawrencesamantha @ example.net,-1
dbradford@example.org,1
jessica85@example.org,1
justinjones@@example.net,-1
zsnyder@examplecom,-1
huntergloria@example.org,1
greeneandrea@example..com,-1
eric01@example.org,1
fryemary@example.net,1
jennifer79@examplecom,-1
john06@example.net,1
andrew45@example.org,1
thartexample.com,-1
gchan@example.net,1
gbutler@example.com,1
rivasjohn@example.org,1
rmyers@example.com,1
hscott@@example.net,-1
christopher84example.com,-1
perezpatrick @ example.com,-1
jonathanriley@example.org,1
debrarobles @ example.com,-1
xpotter@example..org,-1
qflores@@example.com,-1
erica88example.com,-1
kimberlydougherty@example..org,-1
andrewjoseph @ example.net,-1
waltersims@@example.net,-1
iburns@@example.org,-1
uriveraexample.org,-1
richardsonkristen@exampleorg,-1
leslie63example.com,-1
kfischer@examplecom,-1
tfry@example.org,1
terrencescott@example.net,1
andrewdavis@@example.org,-1
aramsey@@example.com,-1
kyle31@example.net,1
john20@exampleorg,-1
jaysmith@@example.org,-1
rileymartha@example..com,-1
djohnson @ example.net,-1
samantha49example.com,-1
nbush@example.org,1
rwang@example.net,1
swansonjames@examplenet,-1
foleydaniel @ example.net,-1
gillespiejames@example..com,-1
rodneyalexander@example.org,1
kelsey62@example.net,1
frazierdavid@example.net,1
krogers@example..net,-1
robbinskyle@example.org,1
jackdavis@example..org,-1
ericksonalejandraexample.com,-1
emonroe@example.net,1
gilmorejeffrey@@example.org,-1
cynthia11@example..com,-1
rodriguezlisa@example.org,1
melissacarter@examplenet,-1
nelsonapril@@example.net,-1
wilkinsonmichael @ example.org,-1
hfletcher @ example.net,-1
kmercado@example.com,1
jberg@example.net,1
sabrina71@example.com,1
bowens@example.org,1
browndavid@examplenet,-1
brian37@examplenet,-1
grahamian@example.org,1
marysmithexample.com,-1
zmiller@@example.net,-1
dillonortizexample.com,-1
taylor30@example.org,1
jaimewashington@example.org,1
williamskimberly@example..com,-1
tnixon@example.net,1
zoeharrington@example.org,1
jjones@example..com,-1
dickersonlinda@example.org,1
shawnkeller@example.net,1
wthomasexample.net,-1
wendy06example.com,-1
megan02@example..net,-1
wattspaula@exampleorg,-1
swilliams @ example.net,-1
youngbenjamin@@example.org,-1
bjacobs@example.net,1
vegajustin@example.net,1
aday@example.com,1
miranda30@example..com,-1
aliciaharris@example.org,1
brush@example.com,1
michael97@example.org,1
lauragarcia@example.org,1
elizabethflores@examplenet,-1
edwarderickson@example.org,1
ghowell@example.org,1
christinajordan@example.com,1
lynnhannah@@example.org,-1
amybeck@example.net,1
mitchellantonio@example.org,1
adampage @ example.org,-1
delacruzbrianna@example.org,1
alan95example.org,-1
halljonathan@example..com,-1
sullivancrystal@example.net,1
xmartin@example.org,1
egonzalez@example.org,1
ashley24@example.net,1
whitejohnexample.net,-1
umiller@examplecom,-1
kelleykevin@examplecom,-1
orrkimberlyexample.net,-1
chavezgary@example.org,1
laura76@examplecom,-1
hpopeexample.com,-1
rebeccawells@example.com,1
xjones @ example.org,-1
tammygarcia@@example.org,-1
wjames@example..org,-1
ryanbarnett@example..net,-1
schwartzrachel@example.com,1
nreynolds@example.org,1
tfischer@example.com,1
crystal52@example.com,1
julianelson@example.com,1
barry10@example.com,1
carolynguzman@@example.net,-1
elizabeth04@example.com,1
srios@example.org,1
russelldanny @ example.net,-1
olucas@example..org,-1
wfrank@examplenet,-1
zward@example.net,1
jessicabrown@example..net,-1
taylorwayne@example.org,1
maryjohnston@example.com,1
lunascott@exampleorg,-1
iharvey@example..org,-1
tmurphyexample.net,-1
courtneycooper@example.net,1
andrewwoods@example.com,1
joshua87@example.net,1
ashley58@example.com,1
contreraschristina@example..org,-1
johnbenson@example.com,1
toddochoa@example.org,1
douglasbrenda@example.net,1
cbowman@example.org,1
kevin72@examplenet,-1
brennandawnexample.com,-1
elizabethcooper@example.org,1
gandrewsexample.org,-1
joseph35@@example.com,-1
gardnerkaitlin@example..org,-1
lucaszachary@example.com,1
lburton@example.net,1
mooremichaela@example.com,1
tanya62@example.com,1
dalegarrett @ example.net,-1
nicholas74@example.org,1
james63 @ example.org,-1
tacosta@example.net,1
laurenjohnson@examplecom,-1
cshelton@examplenet,-1
juarezericexample.net,-1
kpatterson @ example.net,-1
rachelwashington@example.org,1
tsmith@example.net,1
jessica72@@example.com,-1
jensentiffany@example.org,1
nathanlee@example.net,1
crogers@example.com,1
mendezallen@example.net,1
riggsdevin@example.net,1
joshua25@example.com,1
fitzgeraldashley @ example.com,-1
joshua93@example.com,1
quinndanielle@example.net,1
iboyd@example.org,1
lholt@example.org,1
mmeyer@example.net,1
shannon84example.net,-1
jonathan75@example.org,1
kelsey28@example.net,1
benjamin26@examplecom,-1
marcowhitehead@@example.net,-1
thomascaroline@example.net,1
mfowler@examplecom,-1
lisa57@example.net,1
elizabethjohnson@example.net,1
moorejoshua@example.org,1
paulchapman@example.net,1
alexanderchristensen@example.org,1
kelleynathaniel@@example.com,-1
zlee@@example.org,-1
hornenicole@examplecom,-1
jacob28@examplecom,-1
kwatkins@example.net,1
aprilboyd@@example.net,-1
hperez@example..org,-1
adam82 @ example.com,-1
fuenteskimberly@example..net,-1
rogersaaron@example.org,1
adrianafoster@example.org,1
brian96 @ example.net,-1
kristinlucasexample.net,-1
oday @ example.org,-1
lindsaycook@example.com,1
ann07@example.com,1
andrea98@example.org,1
zenglish@example.org,1
etran@example.com,1
yorkstephen@example.com,1
samuelhampton@example.net,1
nelsonvictoria@example.org,1
penningtonkevin@example..net,-1
gbernard@examplecom,-1
breannahall@exampleorg,-1
melissa67@example..org,-1
danieljones@example.org,1
ojohnson@example.com,1
katherinemitchell@example.net,1
scottsmith@examplecom,-1
iwilliamsexample.org,-1
trevorthompson@@example.org,-1
calebhill @ example.net,-1
jason97@example.com,1
davidbrown@example.com,1
halldavid@example.org,1
rojasbrandon@@example.com,-1
justinbenton@example.com,1
stephensbrianna @ example.net,-1
johnmunoz@example.org,1
davislance@example..com,-1
johnsonelizabeth@example.org,1
luis63@examplenet,-1
nmorgan@@example.com,-1
michaelguerra@@example.net,-1
rachelhendricksexample.net,-1
xcopeland@example.net,1
heatherpooleexample.net,-1
amassey@@example.net,-1
ahenderson@example.com,1
amandagordon@example.com,1
melvin56@@example.org,-1
zhines@example.org,1
gtaylor@example.net,1
michellediaz @ example.org,-1
huntergray@examplecom,-1
kbenitez@example.com,1
justinrodriguez@@example.net,-1
lisawaltersexample.net,-1
clawson @ example.org,-1
kendra70@@example.net,-1
anita02@example.com,1
whitney84@example.net,1
stevenhouston@example.net,1
frank47@example.com,1
diazamy@example.org,1
nataliegutierrez@exampleorg,-1
jonathan85@example.net,1
omoore@example.com,1
steelethomas@examplecom,-1
mfowlerexample.org,-1
batesjustin@example..net,-1
newtonalexis@example..com,-1
williammurillo@example.org,1
brittany64@example.net,1
kaylacannon @ example.org,-1
micheleanderson@example.org,1
kramerbrittany@example.net,1
brady67@examplenet,-1
jmckinney@example.com,1
sarahwood@exampleorg,-1
sarah34@example.org,1
spencercombs @ example.org,-1
brittney94@examplenet,-1
zavalabradley@example.net,1
rachel01 @ example.org,-1
lowekeith@exampleorg,-1
martinezjaclyn@@example.com,-1
samuel63@example..com,-1
oandrews@example.net,1
brianjones@examplenet,-1
jacksonkyle@example.net,1
nicole10@example.org,1
aturner@example.com,1
fowens@example.org,1
jason14@example.com,1
erinhayden@@example.org,-1
gshaffer@example.net,1
perkinsthomas @ example.net,-1
mathewsjohn@example.net,1
flemingkimberly@example.com,1
michael33@example.org,1
adammahoney@example.com,1
esmith@example.com,1
stewartedward@example.com,1
jamesrobinson@@example.net,-1
deanna98@@example.net,-1
kristina88@example.com,1
mstephenson @ example.org,-1
edwardstammy@example.com,1
blanchardashley@example.net,1
browncourtney@example..net,-1
justin81@example.org,1
seanramos@example.net,1
rbrown@example..com,-1
laurahortonexample.com,-1
jonathon35@example.com,1
wnguyen@example..com,-1
mhiggins@example.com,1
bonnie42example.com,-1
brandon42@exampleorg,-1
jessicaallen@example..net,-1
kristie60@example..org,-1
russellchaney@@example.com,-1
oshaw@example.net,1
czamora@example.net,1
juliaingram@example.net,1
iharris@@example.com,-1
chrismuellerexample.org,-1
charles67@@example.com,-1
anthonyhughes@@example.com,-1
suttoncody@examplecom,-1
blacksandra@@example.org,-1
james75example.net,-1
rgonzalesexample.org,-1
goldencorey @ example.org,-1
genefigueroa@example.org,1
mpierce@example.org,1
shortdavid@example.net,1
timothy43@example.net,1
wilkersonshawn@example.org,1
molly81@example.com,1
ybarker@example.net,1
jay12example.org,-1
denise07@example.com,1
uschroeder@example.org,1
reneehansen@example.net,1
davidburns@example.net,1
nbradford@examplecom,-1
npowell@example.net,1
xjohnson@@example.org,-1
haley88@example.org,1
tracy32example.org,-1
greenjennifer@example..org,-1
hugheschristopher@example.com,1
qhernandez@example.com,1
sandra50@example.org,1
qcooke@example..com,-1
amber27@example.net,1
erikacampbell@example.net,1
aprilmccormick @ example.net,-1
charles65@example..org,-1
sherribush@example.com,1
michelle07@@example.com,-1
jasonreyes@example.com,1
kimjohnexample.org,-1
jessica09@example.org,1
kristen42@@example.com,-1
davidgonzales@example.org,1
wcook@@example.com,-1
vickie29example.net,-1
anthonywright @ example.org,-1
charleneweber@@example.com,-1
jared36example.org,-1
pdiaz @ example.net,-1
ohall@examplenet,-1
williamdean@example.net,1
deanna51@example.org,1
jonesjennifer@example.com,1
heidithomas@example.com,1
danielnewton@example..net,-1
isabeljohnson@example.com,1
hollyvillarreal@example.com,1
tyoung@example.net,1
stephenallen@example.org,1
charles01 @ example.org,-1
eddie44@example.com,1
lindsaytucker@@example.net,-1
davidrichard@example.com,1
wilsonnicholas@example.com,1
andrew94 @ example.org,-1
april72example.net,-1
gregorynoah@example.org,1
victoriamartinez@example.org,1
rmoore@examplenet,-1
ljames@@example.org,-1
kathleen65@example.org,1
mdelacruz@example.com,1
zjensenexample.net,-1
nicholschristopher@example.net,1
fmills@example.org,1
melvin70@example.org,1
mbarrett@example.net,1
nelsonmichaelexample.net,-1
rachel57@example..org,-1
scottjessicaexample.org,-1
hendricksrobert@example..com,-1
dcox @ example.net,-1
handerson@example.com,1
spatterson@example.net,1
keykevinexample.net,-1
carol33@example.org,1
williamrich@example.com,1
ydickerson@example.org,1
ewoods@@example.com,-1
dustinfisher@example.com,1
karen08@example.com,1
spencertyler@example.org,1
connie30@example.com,1
pmiller@example.net,1
hannahriley@example.net,1
ufrye@@example.net,-1
judyhardy @ example.com,-1
edgarhernandez@example..org,-1
fperez@example.org,1
lowens@example..com,-1
williamwhite@example.com,1
johnsmithexample.com,-1
michael16@example.org,1
bentleysteven@example.net,1
tasha13@example.org,1
michael67example.com,-1
gillespieveronica@example..org,-1
ellisvictor@example.net,1
carlyjohnson@example.org,1
sarah44example.net,-1
emilyfoster @ example.net,-1
fconner@example..com,-1
howarddarryl@exampleorg,-1
prattsarah@example.com,1
thomas26@example..net,-1
oliviathomas@example.org,1
andrew25@examplenet,-1
daniel44@example.net,1
danielletran@example.org,1
rodriguezdawnexample.org,-1
gina93@examplenet,-1
davilakristine@example.net,1
patriciabarton@example.com,1
staffordglenn@example..org,-1
sandramonroe@example.com,1
tbeck@example.net,1
chelsea54@example.net,1
amanda18example.org,-1
stephanie21@examplecom,-1
zjohnson@example.net,1
kevin12@example.com,1
klynn@example.net,1
wongwilliam@example.org,1
steven33example.com,-1
timothy01@examplecom,-1
hillnatalie@example.com,1
joseph25@example.net,1
joshuarios@example.org,1
mark64@example..org,-1
pattersonkarl @ example.com,-1
tim05@example.com,1
longaustin@example.com,1
kellypitts@example.com,1
johncherry @ example.com,-1
fbecker@examplenet,-1
talexander@example.net,1
paulabenton@example.com,1
jeffrey03@examplecom,-1
howardthomas@example.org,1
msullivan@@example.com,-1
angelamaddox @ example.net,-1
martincatherine@example.com,1
uthompson @ example.com,-1
dfoster@example.org,1
kevincastillo@@example.com,-1
greed @ example.com,-1
xtran@@example.net,-1
debra42@example.org,1
nestrada @ example.com,-1
msanders@example.net,1
powellstephanie@example.net,1
kevincoxexample.com,-1
vincent81@example.net,1
bmclean@example.org,1
adamphillips @ example.org,-1
jeffreybenson@example.net,1
steven58@example.org,1
owalsh@examplenet,-1
daviddavila@example.org,1
ewise@example.org,1
lmccoy@@example.net,-1
fmadden@example.org,1
murphylauren@example..net,-1
denise16@example.org,1
brittany82example.net,-1
sophiaknight @ example.org,-1
robin28@example.org,1
zscott@example.com,1
amanda37@example..com,-1
stephaniefields@example.com,1
erin49@example.org,1
alexishorn @ example.net,-1
nancy14@example.com,1
jeanette17@example.com,1
vle@examplecom,-1
njohnston@example.org,1
hfoster @ example.org,-1
christinavargas@example.net,1
danielle06@example.net,1
deannathomas@example.org,1
hyoung@example.com,1
wmurphy@example.org,1
alexandra13@example..net,-1
kellylopez@@example.com,-1
clintonwise@example.com,1
michellelopez@example.org,1
ramoscraig@example.net,1
vkelley@example.org,1
parkercarrie@example.net,1
tmartinez@example.org,1
mlara@example.com,1
zbennett@example.net,1
leedonald@example.com,1
michaeltucker@example.org,1
tammy16 @ example.com,-1
mindypugh @ example.com,-1
gutierrezdenise@example.net,1
jonathan09example.com,-1
christopher30 @ example.net,-1
ballardkelly@example..com,-1
ryan16@example.net,1
steven66@example.com,1
janet11@example.org,1
amandaharrisexample.net,-1
kimberlyprice@example.com,1
zacharykim@example.net,1
michele52@example.org,1
conwaydennis@example.net,1
tescobar@@example.com,-1
brandon74@example.com,1
sue64@example.com,1
michael88@@example.org,-1
juliedayexample.com,-1
pgray@examplecom,-1
hughesjames@example.net,1
contrerasdonna@example.net,1
istevenson@@example.org,-1
tmartin@@example.com,-1
aaronlove@@example.net,-1
rickbaker@example.com,1
cbrown@example.net,1
megansimmons@example..com,-1
bgarrison@example.net,1
katiemoore@example.org,1
bruceshane@@example.com,-1
amber78@example.com,1
jlong@@example.com,-1
castrohaley@examplecom,-1
reedwilliam@example.com,1
stevennunez@example.com,1
ochase@@example.net,-1
edavies@example.com,1
qwright@@example.org,-1
antonio58@example.net,1
ijackson @ example.org,-1
jonathonheath@@example.org,-1
sosacrystal@example.org,1
longlauren @ example.com,-1
nicoledelacruz@example.net,1
ingramalexanderexample.net,-1
kurt63@example.com,1
hoodmatthew @ example.com,-1
mwatson@example.org,1
kennethrodriguez @ example.com,-1
dmccormick@example.com,1
gregorywatts@example.org,1
watsonmary @ example.org,-1
kylesullivan@example.com,1
callahanvanessaexample.net,-1
thomashawkins@exampleorg,-1
benjaminclark@@example.net,-1
barbara66@@example.com,-1
odeleon@@example.net,-1
kreilly@example.com,1
bbradley @ example.com,-1
davidprice@example.com,1
rhatfield @ example.org,-1
bradley93@example..net,-1
melissalee@example..org,-1
umichael@example.com,1
patricia47@@example.org,-1
ricejohn@example.net,1
gortega@example.com,1
carrieruizexample.org,-1
ganderson @ example.org,-1
gilljerry@example..com,-1
martinbruce@example.com,1
radamsexample.net,-1
vlewis @ example.org,-1
stephanie73@example.net,1
ashleyferguson@@example.org,-1
triciawinters@example.com,1
yhodges@example.org,1
matthew78@@example.net,-1
tuckerlauraexample.net,-1
sramirez@example.net,1
paul12@example.net,1
cwelch@@example.org,-1
wcurry@example..net,-1
jocelyn91@@example.net,-1
gperez@@example.net,-1
xbaker@examplenet,-1
kjohnson@example.org,1
harrellcaleb@example.org,1
gedwards@@example.org,-1
ureyes@@example.net,-1
thomas51@example.com,1
smithkayla@example.net,1
greenkathleenexample.net,-1
jaclyn80@example..org,-1
rojasdarlene@example.org,1
jennifermitchell @ example.com,-1
fernandezgarrett@example..net,-1
stephanie66@example..net,-1
jimromero@example.org,1
tgardnerexample.net,-1
ofowler @ example.org,-1
tina06example.com,-1
aquinn@example.com,1
richardbaker@example.org,1
pricemichael@example.com,1
pughmary@examplecom,-1
phillip62@example.net,1
ljohnsonexample.com,-1
matthew24@example.org,1
maryskinner@example.org,1
murraystephanie@example.net,1
tim32example.org,-1
robert28@example.org,1
bradydesiree@example.com,1
mark45@example.org,1
allen69@example..com,-1
gilesjill@example.com,1
terrimccormick@example..com,-1
harrybrown@example.org,1
jeffreychristensen@examplecom,-1
michaelhaley@example..net,-1
jeremy46@example.com,1
bwaller@example..net,-1
amberkerr@example.com,1
ucardenasexample.com,-1
john01@examplenet,-1
justin65@example.net,1
lhiggins@example..net,-1
michele00example.org,-1
carolware@example.net,1
ashleyhenry@example.com,1
smithlisaexample.org,-1
eringrayexample.net,-1
gomezstephen@example.net,1
whiteamanda@examplecom,-1
gwheeler@example.org,1
john89@example.net,1
moralesangela@example.com,1
brianna23@example.org,1
ggardner@@example.org,-1
aking@example.org,1
ebryant@example.net,1
castrotyler@@example.com,-1
vincenthahnexample.com,-1
christinaespinoza@example..net,-1
joel93example.org,-1
mwalters@example.com,1
mroberts@example.net,1
mmeyer@example.com,1
vscott@example.org,1
lindsay28@example.net,1
juanmartinez@example.org,1
austin10@example.org,1
barkerbryan@example..net,-1
pmartin@example.com,1
davidfranco@example.org,1
alicia65@example..com,-1
fmartin@example.net,1
crystal62@example.net,1
hogancaleb @ example.net,-1
victoriamoore@example.com,1
nortonrichard@example.com,1
saundersjennifer@example.org,1
vparker@example.com,1
natalie34@example.com,1
underwoodjulie@example.net,1
roymichael@example.com,1
ryan11example.com,-1
hdunn@exampleorg,-1
yandrews@@example.net,-1
bchang@example.com,1
clarkmichelleexample.net,-1
osummers@@example.org,-1
melanie53@example.net,1
michelle10@example.org,1
brittneygarcia @ example.com,-1
crystal44@example.com,1
stewartjeffrey@example..org,-1
mariastewart@example.com,1
brett81@example.net,1
sharonwilson@example..org,-1
imason@example.org,1
qcarney@example.org,1
tylercooley@example.com,1
jgreene@example.net,1
kim63@@example.org,-1
jonathanstewart@example.org,1
jilljones@example.net,1
garythomas@example.com,1
kelly23@example.org,1
skinneraliciaexample.org,-1
scott91@examplenet,-1
mikesimmons@example..net,-1
amandaolson@examplecom,-1
haysmiguel@example..org,-1
andrewmiranda@examplenet,-1
carrie37@example.net,1
bhenry@@example.net,-1
lauraprice@example.net,1
shawn13@example.net,1
bridget28@example.com,1
johnsoncarolyn@example.com,1
ncampbell@example.com,1
shawjacqueline@exampleorg,-1
wmiller@exampleorg,-1
scortez@example.org,1
ihaynes@@example.com,-1
douglasgonzales@@example.net,-1
brownrachael@@example.net,-1
lwilliamson@example..com,-1
debbiechen@@example.com,-1
ksantos@example.com,1
juan65@example.net,1
farleybeth@example.com,1
baileyjoy@example.org,1
jeffrey66@example.com,1
smithsarah@example.net,1
santossarahexample.com,-1
stephaniewest @ example.com,-1
andrewtorres@@example.org,-1
sandra98@example.org,1
patricia44@example.org,1
alan89@@example.com,-1
xmillerexample.org,-1
roger21@example.com,1
robertsnatalie@example..net,-1
kimberlymartin@example..org,-1
robinbradshaw@example.org,1
heathercrane@example..net,-1
stewartjohn@example.net,1
jorge70@@example.net,-1
lindamunoz@example.org,1
ihenry@example.org,1
aevans@example.net,1
fwilliamson@example.net,1
medinaevan@example.com,1
jimmypham@example.net,1
erica13@example.net,1
theresawilliams@example.com,1
andrew44@example.com,1
gregorybass@example.com,1
tammy23@example.net,1
qgarcia@example.org,1
wellison@example.com,1
yhernandez @ example.org,-1
fperry@examplenet,-1
bbennett@example.org,1
kyoung@example.net,1
haleyritter@examplecom,-1
bennettnicole @ example.com,-1
michellerogers@@example.net,-1
garyduncan@example.net,1
nicholas08@example.org,1
terry88@example..net,-1
murphyjustin@@example.org,-1
jonathanduarte@example.net,1
skinnereric@example.net,1
ktateexample.com,-1
monicapena@example.net,1
nmorales@example.net,1
johnsonsandra@@example.net,-1
msmith@example..net,-1
uwright@example.com,1
collinsconnor@example.com,1
steven61example.net,-1
elizabeth58@example.org,1
mccanntroy@@example.org,-1
brandon65@example.net,1
matthewsmonica@example.com,1
tammywright@example.net,1
ipennington@@example.org,-1
stewartkaitlyn@example.org,1
abaker@example..net,-1
lisa60@example.net,1
caitlin18@@example.com,-1
droth@example..org,-1
andersonmichael@example.com,1
dwhite@exampleorg,-1
josephyoungexample.com,-1
christine30@example.net,1
parkschristopher@example.org,1
nwilliams@example.com,1
tiffanywarren@example.org,1
aaronsmith@@example.com,-1
pbrewer@example.org,1
patrickmendez@example..org,-1
tracy20@example.com,1
lopezchristopher @ example.org,-1
laura81@exampleorg,-1
boydanne@example.org,1
gparker@examplecom,-1
banksandrew@example.org,1
markleonard@example.net,1
stevenmurray @ example.org,-1
josewhite@example.net,1
ojohnson@exampleorg,-1
mcfarlandrobert@exampleorg,-1
sharonsutton@@example.net,-1
lisabailey@example.com,1
bmoss@examplenet,-1
keithcrane@example.net,1
john16@example.org,1
rowlandjeremiah@example.com,1
andersondawn@exampleorg,-1
sgordon@example..com,-1
lisa68@example.com,1
timothycrane@example.net,1
zgoodman@@example.org,-1
lfernandez@example.net,1
bhoffman@example..net,-1
heidi22@example.com,1
eflores@example.com,1
fordmichaelexample.com,-1
cshepard@example.org,1
jamesjones@example.net,1
ypeters @ example.org,-1
fgraves@example.org,1
rachael70@example.com,1
obrienandrew@example.com,1
erin08@@example.net,-1
coopersandy@example.org,1
danielle79@example.com,1
sherry28@exampleorg,-1
millerfrank@example.com,1
carlacarpenter@example.net,1
robertsonjenna@example.org,1
kevin69example.com,-1
mmitchell@examplecom,-1
sanchezmelissa @ example.com,-1
phillipschristian@example..com,-1
stevenskathleen@examplecom,-1
ramirezkimberly@example.com,1
dixonbrenda@example..net,-1
james21@example.org,1
melissa92@example.com,1
aliciajackson @ example.com,-1
hwilliams@example.org,1
ehill@examplenet,-1
timothyreid@example.org,1
hguerrero@example.net,1
esanchez@example.net,1
codysandoval@example.net,1
john65@@example.com,-1
berryedgar@example.com,1
kennethalexander@example.com,1
jennifer85@exampleorg,-1
edwardsaaron@example.net,1
iroy@example.org,1
michaeltaylor@example.net,1
alexis61@example.com,1
johnnystout@example..org,-1
martinezmichael@@example.com,-1
natalieelliott@example.org,1
bensonann @ example.net,-1
kingevelynexample.org,-1
ibryant@example.com,1
petermiller@example.com,1
zhendrix@example.org,1
singletonchristine@example.net,1
william08example.net,-1
josephglenn@examplenet,-1
johndavis@example.com,1
yhoexample.net,-1
victoriamiles@exampleorg,-1
suzannemoore@example..com,-1
tyler36@example.org,1
qhenry@example.com,1
zgalloway@example.org,1
audreyschneider @ example.net,-1
lwilliams@example.org,1
thomas51 @ example.net,-1
moorelawrence@@example.net,-1
glenwilliams@example..org,-1
acolon@example.org,1
lisa16@example.org,1
smithtonya@examplecom,-1
brianna22@example.com,1
victor95 @ example.net,-1
chasejulia@example.com,1
clayjoe@example..org,-1
lisa31@@example.com,-1
anthonybray@example.net,1
rodney38@exampleorg,-1
bryanpoole@@example.com,-1
lisa00@example.com,1
xbennett@example.org,1
maria18@example.net,1
xwilliams@example.net,1
ihoodexample.net,-1
beth39@example.com,1
adriana67@example.org,1
sheltonjared@examplecom,-1
jasoningram @ example.org,-1
ericbaker@example.org,1
dmejia@@example.net,-1
ryanstevens@examplenet,-1
lisa85example.org,-1
danasotoexample.net,-1
sanchezashley@example.net,1
ashley28@example.com,1
salascheryl @ example.net,-1
mjohnson@@example.net,-1
vprice@@example.net,-1
ariggsexample.com,-1
kmerritt @ example.com,-1
randy71@@example.net,-1
lisa06@example.net,1
kellywolfeexample.net,-1
shane15@example.org,1
walkeredward@exampleorg,-1
nmosley @ example.net,-1
bgarcia@example..net,-1
sherrylogan@example..org,-1
christianjonathan@@example.com,-1
patriciagamble@example..org,-1
rebekahlam@example.com,1
wlee@example.com,1
jyoung@example.com,1
erica04@example.net,1
brandonjohnson@example.net,1
ortizmarisa@example.net,1
robert94@example.com,1
mary78@example.com,1
joseph39@example.com,1
hailey69@example.org,1
deckerkimberlyexample.com,-1
cjohnson@example.org,1
dustinmooreexample.net,-1
brownnicholas@example.com,1
jacobwilson@example.org,1
owright@examplenet,-1
johnsonmargaretexample.com,-1
ehendricks@example.com,1
johnsonkrista@example.net,1
tclark@example.org,1
littlemorgan@examplenet,-1
gwoods@@example.com,-1
fbruce@example.com,1
nguyenlisaexample.org,-1
grahamtrevor@example.net,1
christopherturner @ example.org,-1
edwardharris@exampleorg,-1
rwalker@example.org,1
bethgill@example.com,1
ureyes@example..org,-1
tinasingh@examplecom,-1
sextonlori@@example.net,-1
erinprice@example.net,1
wcaseyexample.org,-1
diamondirwin@example.com,1
rruizexample.org,-1
maryweeks@examplenet,-1
rbennett@example.net,1
ecarterexample.net,-1
reedjoshua@@example.org,-1
ulove@example.com,1
joshua31@example..net,-1
anne70@@example.net,-1
holderjoshua@example.net,1
ywilliams@example.net,1
gabrielaespinoza@example.net,1
mannkari@example.net,1
ndavis@example.net,1
wburns@example.net,1
kevinlopez@example.net,1
russellvictor@exampleorg,-1
amorris@@example.com,-1
fcarrillo@example.org,1
mathewserin@example.org,1
ndiaz@example.net,1
walterscody@example..org,-1
carla03@exampleorg,-1
ssmith@example.org,1
kennethmartin@examplecom,-1
hicksyolanda@example..com,-1
ryanwilliams @ example.net,-1
qabbott @ example.org,-1
wendyhenderson@example.org,1
jklein @ example.net,-1
thompsondawnexample.com,-1
stevensjanet@example.org,1
roy04@example..com,-1
michaelsmith@example.net,1
cody71@example.org,1
markwade@example.net,1
caleb96@example..com,-1
sandywaltersexample.net,-1
dbrown@example.org,1
scallahan@example..com,-1
petersdebra@example.org,1
qmiller@@example.org,-1
ejohnson@example.org,1
debra36@example.net,1
douglaswendyexample.com,-1
smithkirk@example..org,-1
elizabeth91 @ example.org,-1
robertsanna@example.org,1
williamsawyer@example.com,1
uhubbardexample.com,-1
jean22 @ example.org,-1
hudsonronald@example.net,1
mellison @ example.com,-1
thomas15@exampleorg,-1
paul27@example.com,1
josephmorse@example.com,1
allenmaria@@example.net,-1
cooksteven@example.com,1
victoriaholland@example..org,-1
vhill@example.com,1
chad56@example.com,1
howellsusan@example.com,1
cynthiahallexample.org,-1
katherinethompson@example.net,1
cooperlouis@example.com,1
ijackson@examplecom,-1
karabrowning@example.org,1
petersonsandra@example.net,1
lisaclayton@example..com,-1
alexa91@example..org,-1
rita78@example.net,1
michael74@example.org,1
brittany04@example.com,1
gonzalezwendy @ example.com,-1
martin99@example.org,1
bryantpeggy@@example.org,-1
griffinwilliam@@example.org,-1
michaelwillis@example.org,1
jacqueline87@examplecom,-1
michelle26example.org,-1
johnsonanitaexample.com,-1
obyrd@example..net,-1
joshua83 @ example.org,-1
mark21@example.org,1
sydney60@example.net,1
janetturner@example.com,1
edowns@example.org,1
jlloyd@example.org,1
terrinielsenexample.org,-1
alison38 @ example.org,-1
thomaschristopher@example.com,1
smithtony@example.com,1
diaznatalie@example.net,1
dominic22example.org,-1
jchase@example.org,1
groberts @ example.org,-1
rodriguezdarren@example.com,1
jacqueline29@@example.com,-1
andersonvincent @ example.org,-1
paularandolphexample.com,-1
swallace @ example.com,-1
kimrodriguez@examplecom,-1
elee@example.com,1
davidhall @ example.com,-1
hwebb@exampleorg,-1
selenaparsons@example.org,1
david83@example.org,1
cheryl47@example.org,1
porterkyle@example..org,-1
hbaker@exampleorg,-1
dbeasley@example.net,1
pjohnson @ example.org,-1
rosspaul@@example.org,-1
phillipdawsonexample.com,-1
dcarlsonexample.org,-1
hoganbreanna@exampleorg,-1
robert21@example.com,1
melissajoyce@example.org,1
ericaswanson@example.com,1
stephen88@example.com,1
hendersonthomas@example.org,1
georgeadriana@example..net,-1
johnrobinson @ example.com,-1
sandra63@example.net,1
angelanguyenexample.org,-1
palmerfelicia@examplenet,-1
tochoa@example.net,1
hobrian@examplenet,-1
kimberly06@examplenet,-1
careyhelen@example..com,-1
shawn09@example.net,1
lindsey47 @ example.com,-1
ecoxexample.com,-1
gibsonjoseph@example..org,-1
hsimon@example.com,1
brian23@example.com,1
lauramatthews@@example.org,-1
stephanie82@example.net,1
christophergilbert@example.org,1
marshdeborah@example.com,1
gabriel96@example.com,1
sarah03example.com,-1
flloyd@@example.com,-1
bhobbsexample.com,-1
john87@example.net,1
jodiglover@example.org,1
qholmes@examplenet,-1
ljacobson@@example.net,-1
sbyrd@example.com,1
msparksexample.com,-1
orozcostacie@example.org,1
peterwalker@example.net,1
ryanperez @ example.com,-1
james45 @ example.net,-1
peckeric @ example.net,-1
desiree92@example.com,1
susan55 @ example.org,-1
gacevedo @ example.com,-1
coffeykimberly@exampleorg,-1
scastilloexample.net,-1
novaktammy @ example.net,-1
figueroashannon@example..org,-1
danielschneider@example.net,1
morselee@example.net,1
jason00@exampleorg,-1
jasonodonnell@example.org,1
hturner@example.net,1
kevin21@@example.org,-1
bryannelson@example.net,1
christopher58example.com,-1
sierra83@example.net,1
dbrooks@example.net,1
william56@@example.net,-1
fbishop@example.net,1
michaelgomez@example.org,1
rhondavaldez@example.org,1
hobbssarah@exampleorg,-1
brandon07@example.com,1
ovasquezexample.org,-1
joshuascottexample.com,-1
ajackson @ example.net,-1
collinschristopher@example.net,1
josephrobertsexample.org,-1
autumntran@example.org,1
courtney51@example..net,-1
barnettmichael @ example.com,-1
jacob06@@example.com,-1
austin26example.net,-1
mmcbride@example.com,1
christina48@example..org,-1
xmyers@example.com,1
williamspaige@example.com,1
david93@examplecom,-1
ehenry@example.net,1
kevin99@example.net,1
fdavis@example..com,-1
lawrence47@@example.net,-1
andrew87@example.net,1
gcharles@@example.org,-1
amberhart@@example.org,-1
andrea43@example.net,1
greenemark@example..net,-1
john68@examplenet,-1
hansonteresa@example.com,1
jamespalmer@example..org,-1
dawn15@@example.com,-1
keith47 @ example.org,-1
brandi18 @ example.org,-1
matthew83@example.org,1
elizabeth89@example.net,1
xmcdonald@example.net,1
csimmons@example.net,1
peter63@@example.com,-1
asmith@example..com,-1
sabrina46@example..com,-1
lisa34@example.org,1
zgarcia@example.org,1
fitzgeraldjamesexample.net,-1
zbrown@example.com,1
qyoungexample.com,-1
joshuaweeks@example.org,1
jasonhuffman @ example.net,-1
walter70@example..org,-1
lblake@examplenet,-1
sierrabrady @ example.org,-1
kimberlycollins@examplecom,-1
cshafferexample.org,-1
shawncampbellexample.org,-1
daniellemartin@example.net,1
kperry@example.com,1
sbradford @ example.net,-1
duncansherry@example.net,1
fschwartz@example.com,1
pennyvasquez@example.com,1
yyoung@examplecom,-1
qsmith@example.org,1
smithjonathan@example.org,1
kristopher77@example.org,1
johnsoncourtney@example.net,1
pamelasimpson@example.com,1
roy77@example.org,1
yolandaholden@example..org,-1
garzamarcus@example.net,1
christine93@examplecom,-1
luis80example.net,-1
ggoodman@example.com,1
johnmercer@example..com,-1
fthompson@example.net,1
hfischer@example.org,1
michaelhensley@example.org,1
odomwilliam @ example.org,-1
arthurcaldwell@example.net,1
holsonexample.org,-1
rodriguezrichard@example.org,1
michaelbrown@example.com,1
bjohnston@example.net,1
alexanderolsonexample.com,-1
samanthalane@exampleorg,-1
knelson@exampleorg,-1
ballarddannyexample.com,-1
donnajackson @ example.com,-1
donald01@@example.com,-1
hoashley@example..com,-1
westcrystal@exampleorg,-1
eatonbrian@examplecom,-1
maxwellwilliam@example.com,1
thomas77@example..net,-1
timcurry@example.com,1
stacey74@example.net,1
cadams@example.com,1
sullivandean@example.net,1
matthew00 @ example.org,-1
wrobertson@example.net,1
glenn49example.org,-1
amberkelly@examplecom,-1
greenkevinexample.com,-1
danielmoore@example.org,1
heather94@examplenet,-1
goneal@example.org,1
lawrencejones@example.net,1
danielcollins@example.org,1
campbellthomas@example.com,1
natasha04@example.org,1
lgomez@example.com,1
melissa75@example.org,1
xconley@example.com,1
johnsoncheryl@example.com,1
jonathan77@example.net,1
staceyfoster@example.net,1
erinobrien@example.net,1
garnold@example.org,1
swrightexample.net,-1
carolynharrison@example.com,1
sharon36@example.org,1
donnajohnson@example.org,1
jason97@example.com,1
john71@example.com,1
martinezbrandon@exampleorg,-1
krobinson@@example.net,-1
craigwood@@example.net,-1
megan02@example.org,1
matthewrosario@example.org,1
christophermayer@example.net,1
lcollins@example..com,-1
lauramontgomery@@example.com,-1
jamesjones @ example.org,-1
upattersonexample.net,-1
asolomon@example.org,1
hickmancarol@examplecom,-1
joseph78example.org,-1
yorksarah@exampleorg,-1
smithrobert@example..com,-1
qjohnson @ example.net,-1
juliemoore@example..net,-1
lisamaxwell@example.net,1
juliewest@example.net,1
stewartdavid@@example.org,-1
joseph55@example..net,-1
stephaniejennings@example.com,1
strongdonna@example..net,-1
xcarter@example..org,-1
wramirez@example.org,1
albert39example.org,-1
pittsaliciaexample.net,-1
seanshannonexample.com,-1
abass@example.com,1
lindsey32@example.net,1
balvarado@example.net,1
wmolina@example.com,1
staffordtimothy@example.org,1
vjenkinsexample.net,-1
ktaylor@@example.net,-1
heatherstewart@example.org,1
johnwatson@exampleorg,-1
maxwellkristine @ example.net,-1
jacksonjustin@example.net,1
ndecker@examplenet,-1
kelleyloretta@example.com,1
spencertravis@example..org,-1
wgrant@example.org,1
williamsanthony@example.org,1
lsmith @ example.net,-1
greenaustin@example.net,1
vleachexample.net,-1
yserrano@examplenet,-1
hayneswillie@example..net,-1
benjaminanderson@example.org,1
catherine74@example.net,1
peter33@example..net,-1
kaitlyn58@example.net,1
erinperez@examplecom,-1
eatonbrenda@example..net,-1
shutchinson @ example.org,-1
ramoschristina@example.net,1
amanda36@example.org,1
ewilliams@example.com,1
reginald38@example.org,1
joseph18example.com,-1
nprice@example.net,1
christopher93@@example.org,-1
ashleyjohnson@example.com,1
cphillips@example.org,1
bonnie84example.net,-1
valerie97@example.org,1
jonesdavid@example..net,-1
howardtony@example.org,1
brandon08@example.com,1
isabella46@example.org,1
williamssarah@example..net,-1
angelajohnson@example.com,1
robert72@example.org,1
yaguilar@@example.org,-1
andrea50 @ example.net,-1
katherine73@@example.net,-1
deborah79@@example.net,-1
joneskevin@example.org,1
charlesbaker@example.com,1
yoderlinda@@example.net,-1
amyzhang@examplenet,-1
smithjohn@example.org,1
marymartin@@example.org,-1
hbarrett @ example.net,-1
juliewelch@example.net,1
deverettexample.org,-1
eriksmith@example.com,1
perezwendy@example.net,1
ucruz@example.org,1
katiemartinez@example.net,1
angela72@example.com,1
hopkinsjamie@example.com,1
stephanie74@example..org,-1
lanedylan@example.com,1
kiara43 @ example.net,-1
jonesjesus@example.com,1
riosemily@example.net,1
colejohn@@example.com,-1
donna60example.com,-1
thomaswebb@example.org,1
tiffany91@example.com,1
sheila71example.net,-1
droberts @ example.com,-1
cohenericexample.net,-1
nunezemily@@example.net,-1
barbaramarshall@example..net,-1
williamsbrian@example..com,-1
paul03 @ example.org,-1
gina37@example.org,1
tcollins@example.org,1
garyobrien@example.net,1
corey03@example.net,1
jessica42@example..net,-1
ambermccarthy@@example.com,-1
scollinsexample.com,-1
hilltracey@example.org,1
petersshawn@@example.com,-1
michael25 @ example.net,-1
salinaschristine@@example.org,-1
christopher22@example.org,1
shaunparker@example.com,1
linda98example.org,-1
zachary50@example.org,1
richardcarter@example.net,1
alyssa26@examplenet,-1
ycollins@@example.net,-1
justin65@examplenet,-1
norrismelissa@example.com,1
swoods@example.com,1
kfernandez@example.net,1
danielhorn@example.net,1
pmayer@examplenet,-1
ccastro@@example.net,-1
brandon91@example.net,1
pwilliamsexample.com,-1
colinpeterson@example..net,-1
rchen@example.net,1
lindsayjohnson@example.net,1
jeffreyperezexample.com,-1
mfox @ example.net,-1
castrokatrina@example..com,-1
janice62@exampleorg,-1
andrew04@example.org,1
leblancjason@example.org,1
shawn85@example.com,1
markallen@example..org,-1
kfritz@example.org,1
deborahcarter@exampleorg,-1
qstone @ example.net,-1
salazarmarie@examplecom,-1
latoya53example.net,-1
kochbecky@example.com,1
carljackson@@example.com,-1
csmithexample.com,-1
kathleen17example.org,-1
collinskimberly@example..org,-1
jeremyperez@example.net,1
kimkatherine@example..net,-1
chandlerthomas@example.net,1
burnettkimberly@example.com,1
jenniferosbornexample.net,-1
leslie95@examplenet,-1
jonathanwalker@example.net,1
shaffersteven@exampleorg,-1
laura61@example.com,1
fclark@example.com,1
joseph15@example.org,1
nicholas36example.com,-1
fbrady@example.org,1
williamskaren@@example.org,-1
harrisgwendolyn@exampleorg,-1
taraburgess@example.org,1
kaitlyn88@example..org,-1
espinozajohnny@example.org,1
gbowen@example.org,1
valerieflores@example.net,1
wmorgan @ example.com,-1
smithkristenexample.net,-1
pamelareed@example.com,1
nmeyer@example..com,-1
amanda37@example.com,1
josephyates@@example.com,-1
zmartin@example.org,1
wilsonbryce@example..com,-1
changthomas@example.net,1
sriley@example.com,1
campbelldale@example.net,1
wesleycarr@example.net,1
williamstammy@@example.net,-1
craigjared @ example.net,-1
pbrown @ example.com,-1
shelley99@example..net,-1
linda74@example.org,1
mccoyandre@example..org,-1
ymorton@example.net,1
brownrita@examplenet,-1
reneehayes@example.com,1
marymalone@example.com,1
qgonzalezexample.org,-1
sanderscollin@examplenet,-1
andrewgreen@example.com,1
orrdavid@example.net,1
evelynjohnson@example.net,1
pkerr@exampleorg,-1
amber57@@example.com,-1
fieldsmonica@example.com,1
jeffreyhuntexample.net,-1
johnsonjennifer@example.org,1
vmiller@@example.com,-1
christopher43@@example.net,-1
tammy59@example.org,1
tammywashingtonexample.net,-1
dcarrexample.com,-1
katherine75example.com,-1
greenkurt@example..net,-1
sarahhawkins@example.net,1
omaldonado@example.net,1
matthew21@examplecom,-1
hortonjonathan@example.org,1
karanelsonexample.net,-1
mmyers@example.org,1
wallacemegan @ example.com,-1
nancy81@example.com,1
perezchristina@examplenet,-1
tonibyrd@example.net,1
pdawson@example.org,1
bjones@example.org,1
ocantrell@examplenet,-1
rushjustin@example.com,1
zmccann @ example.org,-1
amygreen@example..org,-1
nchung@example.com,1
aray@exampleorg,-1
hillalan@example.com,1
hudsonshawn@examplenet,-1
stephanie95@example..org,-1
morenocheryl @ example.net,-1
kimjeremiah@example.net,1
westjulie@@example.net,-1
jillpatton@example.org,1
john29@example.net,1
amandaschmidt @ example.net,-1
rossmarcus@example.com,1
ireedexample.org,-1
ashleyholmes@example.com,1
tammyjackson@example.com,1
lucerobrandon@example..org,-1
daniel32@example.org,1
garciavirginia @ example.org,-1
leahmorales@example..com,-1
mtaylor@@example.net,-1
dcole@example.org,1
fordlisa@example..com,-1
copelandann@example.net,1
david51@example.org,1
wallwilliam@@example.com,-1
santiagochristopher@@example.net,-1
gharris@example.net,1
stevensnathan@exampleorg,-1
ahughesexample.net,-1
tina36@example.net,1
obrienaaron @ example.com,-1
steven67example.com,-1
derekdavies@example..com,-1
joseph25@example.com,1
qchaney@@example.net,-1
jmunoz@example.com,1
michaelsimpson@examplecom,-1
jonathan80@example..net,-1
stacyolson@example.net,1
charlesparrish @ example.org,-1
michaelnorris@example..com,-1
daniel75example.net,-1
zsolomon@example.org,1
omcconnell@@example.org,-1
curtismcmillan @ example.net,-1
ingramjoyexample.com,-1
flynnpatty@example.org,1
abridges@example.net,1
uhoward @ example.org,-1
mcgeesuzanne@example.org,1
benjamin77@@example.net,-1
steven03@@example.com,-1
joshua58@example.com,1
reedbrandonexample.com,-1
znguyen@example.com,1
byu@example.net,1
phillipswendy@example.net,1
angelalong@example..net,-1
sabrina50@example.com,1
michael64@example.org,1
ralphkelly@examplecom,-1
barbara02@example..net,-1
brian66@example.com,1
kelseyrobertson@example.com,1
jordanholt@example..org,-1
pvaughan@example..org,-1
elizabethfoster@example.net,1
bwilliams@example.com,1
john02@example.org,1
franklincurtis @ example.com,-1
ballpamela@@example.org,-1
debra22 @ example.com,-1
alexanderwilliams@example.com,1
stephenjohnsonexample.com,-1
cruzmegan@example.org,1
deannashort@example.org,1
rorr @ example.org,-1
xespinoza@examplenet,-1
daniel27@examplecom,-1
natalie08@example.org,1
wadejeremy@example.net,1
chad62@exampleorg,-1
dthompson@example..org,-1
gdelgado@example.com,1
greenmanuel@examplecom,-1
maldonadosean@example.com,1
katie35example.net,-1
jennifer72 @ example.org,-1
ohall@exampleorg,-1
justin76 @ example.org,-1
samantha70example.com,-1
brucewoods @ example.net,-1
osmithexample.org,-1
dana58@example.org,1
david49@example.net,1
jarvisdanielle@example.com,1
evelyncastro@@example.net,-1
sward@@example.com,-1
benjaminmarsh@example.org,1
maryramirez@example.net,1
greenzachary@example.org,1
stevesilva@example.net,1
vmanning@example.com,1
dawn21example.net,-1
taylorpatrick@example.net,1
douglas52@example.org,1
ljohnson@@example.com,-1
charlescampos@example.net,1
robertrivas @ example.org,-1
nicholasbishop@example.org,1
mmiller @ example.net,-1
theresasmith @ example.com,-1
williamsronald @ example.net,-1
alexandra38 @ example.com,-1
johnsontanya@example.net,1
ashley05@example.net,1
anthonywatts @ example.com,-1
danielsderek@example.net,1
castillotammy@example.net,1
obrewer@@example.net,-1
kshepard@@example.org,-1
larryrobinson@example..net,-1
vmurray@example.net,1
xbray@example.com,1
byrdsteven@example.net,1
andersonwilliam @ example.org,-1
wandaray@example..net,-1
caitlingarza@exampleorg,-1
xherrera@example.com,1
baldwingerald@exampleorg,-1
shannon44@@example.org,-1
freycharles@exampleorg,-1
blackwelltraci@example..org,-1
ryanwagner@example..com,-1
makayla36@example.org,1
vfernandez@examplecom,-1
leonard91@@example.com,-1
ryangreen@@example.net,-1
mary19@@example.com,-1
steeleshawn@example.net,1
snash@example.net,1
joseph42@example.org,1
darren50@exampleorg,-1
riverssusan@@example.net,-1
nicholasmeyer @ example.com,-1
hcole@example.org,1
edwardgarcia @ example.org,-1
tmiller@example.org,1
hphillipsexample.com,-1
joshua48example.com,-1
fguzmanexample.net,-1
amanda01@exampleorg,-1
jodioneal@example.net,1
zoliver@example.net,1
mindy29@example.net,1
lisa72@example.org,1
vcarlson@example..net,-1
mannroyexample.org,-1
udavis@example.com,1
douglasdavid@example..com,-1
nathan28@example.com,1
gardnerdaisy@example.net,1
brandonnovak@@example.net,-1
kmorton@example.com,1
dawnpittman@example.com,1
goodwinshannon@example.org,1
sharonbryan@example.com,1
patricia41@example..com,-1
whernandez@example.com,1
barnettamy@example.net,1
alexwhite@exampleorg,-1
ocrawford@example..com,-1
ihobbsexample.com,-1
johnsonamanda@example.com,1
leefox@examplecom,-1
jamesgarcia@example.com,1
adam50@example..net,-1
melissa75@example..com,-1
ireynolds@example..com,-1
crystalholloway@example.net,1
debra50@example.net,1
alexandra77@exampleorg,-1
fieldscarla@example.com,1
stacey81@example.net,1
jay99example.net,-1
jeff01 @ example.net,-1
john00@@example.net,-1
kellerrebecca@example..net,-1
jacksonrichard@example.com,1
grahamtiffany@example.net,1
jennifermartinezexample.net,-1
roberto68@example.org,1
vmurphy@@example.net,-1
amythompson@example..com,-1
michael28@exampleorg,-1
xphelps@example..org,-1
celliott@example..net,-1
brettgriffinexample.org,-1
harrisjoshua@example.org,1
courtneymcbride@examplecom,-1
patriciavasquez@example.org,1
mleach@example..net,-1
ericathompson@exampleorg,-1
johnsonjohn@examplenet,-1
jasonmerritt@@example.net,-1
ballardcasey@example.org,1
ygentry@example.com,1
mathewmoore@example.com,1
dtorres@example.com,1
cartercodyexample.com,-1
nicholasbrewer@example.net,1
johnsonashleyexample.org,-1
linda60example.com,-1
nancymay@example.org,1
andrewsholly @ example.net,-1
thomas62@example.com,1
smithcarol@example.org,1
jessicabutler@example..com,-1
murphymichael@example.org,1
rowedebra@@example.com,-1
ydavis@example.org,1
hvillanueva @ example.net,-1
farmerwilliam@examplenet,-1
julie61@example.org,1
pamreynolds@examplenet,-1
stanleyhughes@example.org,1
krystalgilbert@@example.com,-1
jennifer43@example.org,1
amanda07@examplenet,-1
usmith@example.net,1
gpatrickexample.org,-1
jennifer32@example.com,1
jmanning@example.net,1
qarnoldexample.net,-1
michaelbowenexample.com,-1
mdavis@example.net,1
sharon67@@example.net,-1
ucook@example..net,-1
pmurphy @ example.org,-1
carolwilson@@example.net,-1
edwardsgary@example.com,1
jameschapman@example.net,1
amywilson@@example.com,-1
donaldarmstrong@example..com,-1
patriciamoore@example.com,1
johnsonelizabethexample.net,-1
rhondagrimes@example.com,1
jesus55@example.org,1
michelle68 @ example.com,-1
tirwinexample.com,-1
joseph58example.com,-1
bramirezexample.net,-1
lisa18@example.com,1
cmurray@example.org,1
katherinechapman@example..net,-1
joannemartin@example.net,1
nwashington @ example.net,-1
vanessa73example.net,-1
klopez@exampleorg,-1
heathrachel@example.net,1
newmanantonio@example..net,-1
pameladickson@example.net,1
qdonaldson@examplecom,-1
williambaker@example.org,1
zacharynelson@example.net,1
michellewatts@example.com,1
justinhicks@example.net,1
kayla17@example.org,1
daniel91@example.net,1
jnguyen@exampleorg,-1
phelpstoni@@example.org,-1
emma01@example.com,1
norrisjennifer@exampleorg,-1
towens @ example.org,-1
sean73@example.net,1
lyonschad@example.net,1
samuel04example.com,-1
frostlisa@example.org,1
calhounmelindaexample.org,-1
nhartman@example.net,1
matthew57example.com,-1
jamessutton@@example.org,-1
dannyrogers@example.org,1
greenekelly@examplenet,-1
josephpatterson@example.org,1
lorithompson@examplecom,-1
sharon93@example.net,1
shawnferguson @ example.net,-1
cheryl91@example.net,1
kaitlynnealexample.net,-1
david05@example.org,1
qbailey@example..com,-1
rayjames@example.org,1
brandon24 @ example.org,-1
folson@example.com,1
austin53@example.net,1
michael13@example.net,1
tyler01@example..com,-1
elaine46@example.com,1
greenandrew@example.com,1
udavis@example.org,1
rwallace@example..org,-1
michellehull@example.net,1
kennedyjessica @ example.org,-1
gregoryclark@example..com,-1
kevin07@@example.net,-1
eric06@@example.net,-1
fitzpatrickdavid@example.org,1
jonathanjohnsonexample.org,-1
amysmith@example.org,1
zpeterson@examplecom,-1
james25@example.net,1
qtorres @ example.net,-1
kimberly85@example..com,-1
rclay@example.net,1
christopher86@example.net,1
jessicahunter@exampleorg,-1
bmartinez@example.org,1
riceeric@example.com,1
xbishop@example.org,1
millerkyle@example.com,1
zclark@example.com,1
andersonwilliam@exampleorg,-1
allennancy @ example.com,-1
obutler @ example.net,-1
jessicaoliver@example.org,1
eugene05example.org,-1
cparker @ example.com,-1
leonardsean@@example.com,-1
klopez@example.org,1
caldwelldenise@@example.com,-1
friley@example.org,1
katiehendersonexample.org,-1
pharris@example.com,1
dana45@example.com,1
uwarner @ example.org,-1
qyork@@example.net,-1
bbarnesexample.org,-1
wileycynthia@@example.org,-1
cummingserica@example.org,1
kevinbarnesexample.com,-1
kenneth47@example.org,1
scott80@example.com,1
samuel48@example.org,1
timothyhenderson@example.net,1
fcole@example.com,1
hernandezmary@example..org,-1
matthewnewman@example.org,1
vfigueroaexample.net,-1
autumnknapp@example.net,1
andersonashley@example.com,1
jamesmorris@example.com,1
gilltammy @ example.org,-1
kellybrown@example.com,1
waltonjennifer@exampleorg,-1
aliciadiaz@@example.com,-1
daniel94@example..org,-1
thomas75example.com,-1
whampton@example.org,1
jturner@@example.org,-1
robertdixon@example.com,1
jane30@examplenet,-1
rbarnes@example.com,1
christianvictoria@example.org,1
danieldean@example.com,1
phughesexample.org,-1
daviscraigexample.net,-1
willisnathan@example.net,1
adamsmichelle@example.org,1
jenniferlee@@example.com,-1
bbaxter @ example.net,-1
sberryexample.org,-1
brittanycurry@@example.org,-1
torressteven@example.org,1
hectorperkins@example.net,1
melissanicholson @ example.net,-1
sthomas@exampleorg,-1
tkingexample.net,-1
eswansonexample.org,-1
sydney34@example.com,1
brittanysmith@exampleorg,-1
david17@example.org,1
briansingh@example.net,1
robert39@example.com,1
amy44@example.org,1
michael43 @ example.net,-1
jose01@example.org,1
roberttownsend@@example.com,-1
petercooper@example.net,1
jonesconnie@example.org,1
bowensamuel@example.org,1
erik05@example.com,1
jonathan34@example.net,1
hardingkathy@example.com,1
paul45@examplenet,-1
michael44example.net,-1
sheila75@@example.net,-1
williamphillips@example.net,1
martinezrussellexample.org,-1
leah37@@example.org,-1
daniel43@examplenet,-1
ethansmith@@example.org,-1
vwells@example.com,1
solomonbradley@@example.com,-1
ryan25@example.net,1
rojasjocelyn @ example.net,-1
lawrencejones@example.org,1
sarahscottexample.com,-1
charles15@example.net,1
ksmith@example.com,1
matthew51@example.net,1
harrislisa@example.net,1
denise86@example.org,1
brownmichael@example..com,-1
leegreen@example.net,1
amanda95example.org,-1
scott13@example.com,1
jason95example.com,-1
jilliangross@example.org,1
edwardsdennis @ example.org,-1
coxkevin @ example.com,-1
mark70@example.com,1
aaronmontoya@examplenet,-1
dchung@@example.com,-1
trogers@example.net,1
alicia17@example.org,1
ubrock@example.net,1
bclark @ example.net,-1
erichards@example.com,1
ballrobert@@example.org,-1
robert59 @ example.org,-1
watkinschristine @ example.com,-1
krystalwhite@example.com,1
harrislisa@example.net,1
erinlara@example.org,1
alvarezjames@@example.org,-1
audreyblackexample.net,-1
brownnancy @ example.net,-1
katherine47@example.com,1
williamscourtney @ example.com,-1
chadrichardson@example.org,1
omarbush@example.org,1
milleranthony @ example.com,-1
vcollins@example.com,1
ramirezvincent@example.com,1
micheal18@example..com,-1
jeffery41@example.net,1
xmorenoexample.com,-1
garnernicole@example.net,1
pdiaz@example.com,1
oburns@example.net,1
keithmichael@example.com,1
hollowaykristy@example.com,1
qchavez@example.org,1
riceerika@example.com,1
stephanie10@@example.com,-1
steven18@example.org,1
rachel58@example..com,-1
jeffsanders@@example.net,-1
matthew44@example.net,1
tstephens@example.com,1
jonesjoseph@example.net,1
robert61@example.org,1
jeffreymueller@example.org,1
pamela30@example.com,1
jenkinshenry@example..net,-1
elizabeth86@example.com,1
veronicabell@example.com,1
aortiz@example.com,1
loriperkinsexample.com,-1
eharrington@exampleorg,-1
hkline@example.com,1
mooremelissaexample.net,-1
ypatrick@example..org,-1
powens@example.com,1
david24@example.com,1
vrichardson @ example.com,-1
tellis@example.net,1
coreydean@examplecom,-1
claire43@example.org,1
chelsea88@example.org,1
daniel01@@example.com,-1
huntersusanexample.net,-1
smithvincent@example.org,1
christophervargas@example.org,1
hamiltondeanna @ example.com,-1
jacobritter@example..net,-1
martinezdonald@example..org,-1
cervantesthomas@example.com,1
feliciale@example.org,1
toddanderson@example.org,1
tiffany03example.net,-1
shannon16@example.net,1
bakerallison@example..net,-1
james73@@example.com,-1
tbrown@exampleorg,-1
eric99@@example.com,-1
victorwatson@example.org,1
joseph17 @ example.org,-1
chunter@example.org,1
kmartinezexample.com,-1
wsutton@example.org,1
danielle73example.net,-1
ogarrett@example..net,-1
wcastaneda@example.org,1
hpaulexample.net,-1
bryantdavid @ example.com,-1
codysalas @ example.com,-1
floreskristi@examplenet,-1
lauren14@examplenet,-1
ldiaz@examplenet,-1
elizabeth24@examplenet,-1
brian23@example.net,1
caitlin70 @ example.org,-1
ychen@example.org,1
ubuchanan@examplecom,-1
kleeexample.com,-1
grantjoshua@@example.com,-1
debbiehart@exampleorg,-1
brandongolden @ example.com,-1
tiffanynorris@example.com,1
hcox@example.net,1
dawn97@example.com,1
martincarol@examplenet,-1
kramerkristin@example.org,1
katiesampson @ example.org,-1
istafford @ example.net,-1
ericlopez@example.com,1
diazkatelyn@example.com,1
debbie53@example.com,1
jlewis@example..net,-1
thomaspatrick@example..org,-1
josephmercado@@example.com,-1
newmannancy@examplenet,-1
lorettafox@example.org,1
wendyfisherexample.net,-1
jennifer13@@example.com,-1
kfernandez @ example.net,-1
cparker@examplecom,-1
jacksonjennifer@example..org,-1
dsanchezexample.org,-1
jessicasnyder@example.com,1
qroberts@example.org,1
nataliesalazar @ example.com,-1
ccrawford@example.com,1
david21@example..net,-1
xneal@@example.com,-1
ralexander@example.org,1
ortegameganexample.com,-1
daniellebrown @ example.org,-1
joshuafinley@@example.org,-1
howardjohnexample.net,-1
wilsonbrian@@example.com,-1
jhoover@example.net,1
nicole88 @ example.net,-1
bakergloria@example..com,-1
zpalmer@example.org,1
quinnconnie @ example.net,-1
joshua33@example.com,1
chloegarcia @ example.net,-1
aguilarmichelle@example.net,1
richardsmary@examplenet,-1
carriemorenoexample.org,-1
jacob42@example.net,1
kcallahan@example.net,1
cmann@exampleorg,-1
hayesandre@example.net,1
benjaminaguilar@example.net,1
rachel58@example..net,-1
nathan88@example.org,1
corymurphy @ example.org,-1
tonya55@example.net,1
bakeralison@exampleorg,-1
matthewskimberly @ example.org,-1
yolandabenton@examplenet,-1
mgonzalezexample.com,-1
brandonpeterson@example.net,1
jeremiahhoffman@example..org,-1
martinezleah@example..com,-1
steven15@examplenet,-1
colin64 @ example.org,-1
victoriahoward@example.org,1
twallace@example.org,1
jonathan95@@example.org,-1
mcdanieldakota@example..net,-1
wilsonjustin@example.net,1
roblesmatthew@example.com,1
samantha73@example.net,1
michelleortega@example.com,1
mooreangela@example..com,-1
kkim@examplenet,-1
christopheradkins@example.org,1
thomasjones@exampleorg,-1
dave26@example.org,1
bailey90 @ example.com,-1
joseph37@examplecom,-1
moraleswilliam@example.org,1
kevin89@example.org,1
bowenjustin@@example.org,-1
davidsongeorge@example.net,1
sotosteven@example.net,1
hernandezpaul@example.org,1
middletonmelinda@example.net,1
iknapp@example.net,1
oliviaconrad@example.com,1
kelly58@example.org,1
michelle07@example.com,1
ygonzalez@example..com,-1
codybrown@example..org,-1
ernest10@example.net,1
sjacobs@examplenet,-1
zachary81@example..net,-1
zacharywilson @ example.net,-1
ekramer@@example.org,-1
lopezkatherineexample.net,-1
brian45@example.com,1
nramirez @ example.org,-1
megan62@example.com,1
amanda17@@example.net,-1
tracy36example.org,-1
jamie47@@example.net,-1
william69 @ example.org,-1
jeremysantiago@examplecom,-1
mcgrathedwin@example.com,1
jessica98@example.com,1
cwilliams@example..org,-1
areed@example.com,1
mirandatroy@example.net,1
desireemoore@example.net,1
hrodriguez@example.org,1
hnunez@example.net,1
kennethreed@example.net,1
gturner@example.org,1
ejohnsonexample.org,-1
fgarrett@example.com,1
penny05@exampleorg,-1
shall@example.org,1
peterhowell @ example.net,-1
sandersdavid@example.net,1
russellerin@exampleorg,-1
edward04 @ example.com,-1
franklin63@example.com,1
stanley37@example.com,1
austin49@examplenet,-1
twilson @ example.net,-1
crosbyemily@@example.net,-1
andersontimothy@exampleorg,-1
pcolon@example..com,-1
larsenjosephexample.org,-1
hickmanmark@examplenet,-1
jmorrison@example.net,1
xlawson@example.com,1
ssimpsonexample.com,-1
danielgreen@example.com,1
hernandezjoseph@examplecom,-1
mgonzalezexample.org,-1
kelseymartin@example..org,-1
jose18@example.net,1
ryanmorganexample.net,-1
williamsmallory@example.org,1
spencerdestiny@example.org,1
zimmermanemily@examplecom,-1
sullivannichole@example.net,1
popejason@example.net,1
bianca88@example.com,1
emilychavez @ example.org,-1
darcher@examplenet,-1
robert24@example.net,1
charleswashington@example.com,1
wardhannahexample.com,-1
jfrederick@example.org,1
ocruzexample.org,-1
jacobmason@example.net,1
lindsey01 @ example.com,-1
omills@example..net,-1
bwheeler@example.net,1
irwingregory@example.net,1
nstoneexample.net,-1
dakotathomas@example..com,-1
willisstephen@example.org,1
dawn18@example.net,1
amygray@examplecom,-1
kylehogan@examplenet,-1
qtaylor@example.org,1
marshalltroy@example.net,1
john23@@example.com,-1
ttucker@example..com,-1
jay43 @ example.com,-1
pbailey@example.org,1
hrodriguezexample.net,-1
andrew94@example.org,1
lucaskelsey@@example.net,-1
kmcclure@example.com,1
ruizlori@example..com,-1
lovejeremy@example..org,-1
arthur35@example.com,1
kevingarcia@examplecom,-1
mthomas@example.org,1
harrisroger @ example.org,-1
matthewwolfe@example.com,1
heatherpreston@example.org,1
clarkedward@example..com,-1
hammondtamara@example..com,-1
rkennedy@examplecom,-1
john43@example.org,1
owenaaron@example..net,-1
davislauraexample.org,-1
tmartin @ example.com,-1
ihammond@example.net,1
steven06@example.com,1
michellebaker@example.com,1
montgomerylisa@example.org,1
sanchezdana@example..net,-1
hjackson@example.com,1
hayeskevin@examplecom,-1
scott85@example.org,1
andrew40@example.org,1
ophillips@examplenet,-1
bkelly @ example.com,-1
melanieherman@example.net,1
hooverheather@example.org,1
yvonne50@example..net,-1
sandra70@examplecom,-1
valerieperez@example.com,1
ahernandez@example.net,1
davidharris @ example.net,-1
yvetteperkins@example.org,1
scott08@example..org,-1
csandoval@example.com,1
wgray@examplecom,-1
donnabates@example.org,1
mcdowelldustinexample.org,-1
kbell@example.org,1
sharonschultz@example.com,1
wshelton@example.org,1
sharon72@example.com,1
leonardburke@@example.org,-1
csanders@example..org,-1
johnsondenise@@example.com,-1
traceygilbert@example..com,-1
olivia21@example.net,1
gary93@example.org,1
hansenbrian@example.org,1
jennifer22@@example.net,-1
xjohnson@example..org,-1
joshua61example.com,-1
xestrada @ example.org,-1
elizabeth56@example.com,1
brewerlarry@example..com,-1
rgomez@@example.net,-1
teresabrady@exampleorg,-1
pearsonpaul@example.com,1
angelacalhoun@example.org,1
justin02@example.org,1
christinabridges@example.com,1
yolanda55 @ example.org,-1
jerrybowman @ example.net,-1
teresamartinez@example..com,-1
jennifer44@example..com,-1
klopez@example.org,1
ronaldthomas@example.com,1
coreydouglasexample.net,-1
monicageorge@example.com,1
jortiz@example.org,1
diana42@example.net,1
jamie53@@example.org,-1
jsteele@example.com,1
brianandersonexample.com,-1
barbara01@example.com,1
shannon09@example..com,-1
erica45@example.com,1
lbuchanan@example.com,1
nowens@example.org,1
odavisexample.net,-1
carlfitzgeraldexample.com,-1
acarter@example.org,1
thompsonrebecca @ example.net,-1
barrettjose@@example.com,-1
rbeard@example.org,1
ijohnsonexample.com,-1
christian09@@example.com,-1
cwallace@example..org,-1
tanya12@example.net,1
michael63example.org,-1
tranjames@example..org,-1
francispatrick@@example.org,-1
darnold@@example.org,-1
renee52@example..com,-1
wallsleviexample.net,-1
emily24@examplenet,-1
bradleydanielle@example.org,1
ronaldgomez@example..com,-1
kennethpaul@examplenet,-1
lroberts@example..org,-1
robert81@example.org,1
chenry@example.net,1
jared56@example.com,1
nicolejackson @ example.net,-1
jeremiahjones@example.org,1
kellyhopkins@example.org,1
catherine82@examplecom,-1
ernestsilva@@example.org,-1
williamsamandaexample.net,-1
jamiecardenas@example.com,1
ryandebbie@example.com,1
coffeylukeexample.net,-1
bcalhoun@example.net,1
fedwards@example.net,1
ugonzales@@example.org,-1
cclark @ example.net,-1
molly40example.com,-1
christophershaw@example.com,1
fieldsmadison@example.com,1
hugheskim@example.com,1
lisahickman@example.net,1
richmondbrandon @ example.net,-1
wigginskristin@example.com,1
gregory22@example.org,1
annmitchell@examplenet,-1
lanekenneth @ example.net,-1
kimheather@example.com,1
michaelrodriguez@example.net,1
joseph27@@example.com,-1
michaellewis@examplecom,-1
roy12@example.com,1
ariana22@examplenet,-1
turnersusan@example.com,1
shafferjonathan@example.com,1
wperez@example.org,1
tylererickson@example.org,1
vlong@example.net,1
mcgrathalyssa@example.com,1
alexanderwilliams@examplenet,-1
matthew35@example.net,1
gpitts@exampleorg,-1
sjonesexample.com,-1
elaine18@example.net,1
tina88@example..net,-1
marychang@example.net,1
mirandascott@example.net,1
kenneth03@example.org,1
benjaminconner@example..org,-1
ushort@example.com,1
umendez@example.net,1
lindasmith@example.net,1
mullinsrobert@example.com,1
martinezcindy@example.net,1
pamshields@example.com,1
cindygarnerexample.com,-1
xgibson@example..org,-1
wellsvincent@example.com,1
leejasmineexample.org,-1
tharris@@example.org,-1
jasonstephens@examplenet,-1
estradameagan@examplenet,-1
dorseyalex@example.com,1
mhodge@exampleorg,-1
brendanrollins@example..com,-1
griffinjeremy@example.net,1
darylchan@example.org,1
fbutler@example.org,1
ambervargas@example.net,1
dshaw @ example.com,-1
salazardavid@example.net,1
fmedina@example.org,1
iwalls@examplenet,-1
ebryant@example.org,1
jordan19@example.org,1
collinsleslie@example..org,-1
johnpark @ example.org,-1
alexiscraig@example.net,1
gouldlaura@@example.org,-1
todd92@example.com,1
omcintosh@example.org,1
nicholas41 @ example.org,-1
richardsonjustin@example..org,-1
lewiselizabeth @ example.net,-1
amanda94example.com,-1
amandadyer @ example.com,-1
torresshawn@@example.net,-1
psummers@example..net,-1
claudiawashington@example.net,1
jallen@examplecom,-1
stephanie06@examplenet,-1
cheryl23@@example.net,-1
gary43@example.org,1
willisvictoriaexample.com,-1
gomezsteven@@example.net,-1
christopher45@example.com,1
carrie89@example.net,1
pbranch@example..org,-1
natashapeterson@example..net,-1
amber25@example..com,-1
turnerchristy@example.org,1
cholden@example.com,1
yorkjustin @ example.com,-1
dcunningham@example.org,1
sschmidt@example.net,1
jcarter@example.com,1
upatterson@example.com,1
roydennis @ example.com,-1
ohall@example.org,1
brucedominguez@@example.com,-1
sroseexample.org,-1
kevin53@example.org,1
mwong@example.com,1
russellkristin @ example.net,-1
brownchristine@example.org,1
jameslewisexample.net,-1
daniel85@example.org,1
kbruce @ example.net,-1
rsutton@@example.com,-1
laguilar@example.org,1
anthonyyoung@example.com,1
williamsmith@example.com,1
aaronbarry@example..org,-1
jonesjulie@example.com,1
browndarren @ example.com,-1
chandlererik @ example.com,-1
jeffrey61@@example.org,-1
wendyalvarezexample.org,-1
rruiz@@example.com,-1
matthewprince@example.org,1
chris51@example.org,1
john07@example.org,1
becktimothy@example.net,1
gadams@examplecom,-1
gracevilla@example.com,1
blackwellcharles@example.com,1
scott86@example.org,1
lewiskevinexample.org,-1
kellyglover@@example.org,-1
annaevans@example.org,1
francisco10 @ example.com,-1
mcculloughsusan @ example.org,-1
vsanford@example.net,1
jamestaylor@example.com,1
joshua61@@example.net,-1
brittany02 @ example.org,-1
xmoreno@example.com,1
jeffreybryant@example.org,1
fsantos@example.com,1
wilsonsteven@@example.org,-1
briansaundersexample.com,-1
rothtiffany@@example.com,-1
kennedyrachel @ example.org,-1
svance@@example.com,-1
christine81@example.org,1
pricecarlaexample.org,-1
rsimmons@example.com,1
sparkserica@example.org,1
pricemichael@example.net,1
penningtonnicholas@example.net,1
edelgado @ example.net,-1
travis87@examplenet,-1
walterdavis@@example.net,-1
tpeterson@examplecom,-1
stevenshaw@example.com,1
markscameron@example.com,1
steven24@example.com,1
evansterrance@exampleorg,-1
amy70 @ example.com,-1
derek22@@example.org,-1
jamesolson@example.org,1
xcarrexample.org,-1
catherineray @ example.net,-1
rhowell @ example.net,-1
kcamposexample.org,-1
hhall@example..com,-1
andrewsdoris@exampleorg,-1
nicoleedwards@example.org,1
wilcoxtracy@@example.com,-1
hwilliams@example.net,1
martinsandra @ example.net,-1
michaelperezexample.org,-1
osalazar@example.org,1
zrichards@examplenet,-1
martha85@example.com,1
jessica02@exampleorg,-1
ymitchell@example.net,1
weberchristopher@example.org,1
piercematthew@example.net,1
heather40@example.com,1
marilyn96 @ example.org,-1
josefisher@example.com,1
jeremiah30@@example.net,-1
dhall@examplenet,-1
hicksallen@examplenet,-1
michelewilliams@exampleorg,-1
lwalker @ example.com,-1
stephanie52 @ example.com,-1
melinda62@example..com,-1
lbutlerexample.com,-1
kimberly87@@example.com,-1
james64@example.com,1
johnsonpaul@example.org,1
paul13@@example.org,-1
barbaraclarkexample.org,-1
pacevedo@example.org,1
alexander62@example.com,1
kathleen18@examplenet,-1
halljennifer@examplenet,-1
monica39@example..com,-1
brittany15@example.net,1
sandra28@example.org,1
robertgarciaexample.com,-1
tzhang@example.com,1
justin87@example.org,1
ofarmerexample.com,-1
ulee@example.com,1
andrea92@example..com,-1
robertsdanielle@example.com,1
stevenhoffman@example.org,1
smithbenjamin@example.com,1
mcphersonanthony@example.org,1
mary95@exampleorg,-1
heatherwilkins@example..org,-1
sally16 @ example.com,-1
nsantos@example.net,1
bianca76@example.com,1
thomasamy@example.org,1
robert46 @ example.com,-1
jacksondeborah@example.net,1
michael59example.com,-1
rebeccavargasexample.net,-1
heidi61@example.com,1
sarah51@examplenet,-1
fglenn@example.com,1
taralowe@@example.net,-1
elizabethbonilla @ example.net,-1
xmacias@example..net,-1
courtneypayne@example.com,1
maurice30@example.com,1
owest@example.net,1
michaelcolon@example.net,1
moyercourtney@example.com,1
millercynthia@@example.org,-1
kimberlynicholson@example.com,1
steven81@examplecom,-1
crystalmcconnell@example.net,1
brandonbullock@example.com,1
ortizkelly@example.net,1
castrodylan@example.net,1
thomaspatterson@example.org,1
michaelcrawford@example.com,1
anthonyleeexample.org,-1
qhowe@example..org,-1
laura76@example.org,1
suttonjason@example.org,1
tbowers@example.net,1
kimperez@example..com,-1
michael08@@example.org,-1
zwhite @ example.org,-1
vanessa48@example.net,1
pgallagher@example.org,1
susan17@example.com,1
dianemorrow@example.net,1
rfox@example.net,1
hlindsey@@example.com,-1
mochoa@example.org,1
joshua26@example..org,-1
wfranklin@examplecom,-1
woodbrandonexample.com,-1
blackwayne@examplecom,-1
hnorman@example.net,1
sdennis@example.org,1
ryanpugh@example..com,-1
thomasdavis@example.net,1
kochrebecca@@example.net,-1
ystephens@example.net,1
tony79@@example.net,-1
kimberlyjames@example.org,1
hhuff@examplecom,-1
robertbrowning@example..com,-1
grandolph@example.net,1
alexandrawelch@example..com,-1
gloria00@example.org,1
mbutler@example.com,1
owilsonexample.net,-1
michelle81@example..com,-1
shellywhitney@@example.org,-1
bfields@example.net,1
matthew91@examplecom,-1
courtneygreer@example.net,1
vicki41@example.org,1
melissafrazier@@example.com,-1
bryantlaura@example.org,1
zbennett@example.org,1
ivaughn @ example.org,-1
dylanmorales @ example.com,-1
ashleyscott@example.org,1
harveygina@example.net,1
hermanrobin@@example.org,-1
mathewskristiexample.net,-1
michaelwatson@example.com,1
bushsheila@example..org,-1
jimmy12@example..com,-1
smooreexample.net,-1
sgriffin@example.org,1
connerjames@example.com,1
jacobtaylor@example.org,1
carrpatricia@example.org,1
wjames @ example.com,-1
stewartpatricia@example..net,-1
harrisonwilliam@example.net,1
wrightcourtney@example.org,1
patricia28@example.com,1
vwright@@example.com,-1
fcross@examplenet,-1
lisachristensen@example.net,1
cmillerexample.org,-1
colleenmayer@example.org,1
biancaflynn@example.com,1
tcruz@example.com,1
megan97@example.net,1
nmurphy@example.com,1
cartervincent@@example.net,-1
sanderson@example..net,-1
campbellkimexample.com,-1
vhernandez@example.org,1
jeffreydavila@example.net,1
camposmichael@example.com,1
philip61 @ example.net,-1
jenna69@@example.net,-1
gsmall@example.com,1
melissa95@@example.net,-1
hallmary @ example.org,-1
whitemark@example.org,1
emilymorales@@example.org,-1
kathleen95 @ example.org,-1
stephanie11@example.com,1
andrew72@example.com,1
scott91@example.org,1
gbrown@example.net,1
heather02@example.net,1
ronald67@example.org,1
erinbryant@example.com,1
matthew48 @ example.org,-1
kristine58@example.net,1
leonstephanie@exampleorg,-1
susan36@@example.org,-1
zbryant@example.com,1
michael79@@example.com,-1
laurasmith@example.com,1
treed@example.com,1
hernandezjonathan@examplenet,-1
emonroe@example.com,1
brookskatelyn@examplenet,-1
jcollins@example.com,1
jennifermartinez@example..net,-1
paynecrystal @ example.com,-1
austin51@example.org,1
andrew62@example.org,1
scottmatthew@example.org,1
fergusongregory @ example.org,-1
iochoa@@example.com,-1
lindsey11@@example.com,-1
nthomas@examplenet,-1
timothypetersonexample.net,-1
bobbywilliams@example.net,1
christywhitney@example.com,1
joseph16@example.org,1
mccartybrookeexample.net,-1
donald04 @ example.com,-1
torresjamie @ example.com,-1
meltonmichaela @ example.net,-1
racheljohnson@example..org,-1
cookabigail @ example.net,-1
heather32example.com,-1
katherinephillips@@example.com,-1
ellisamy@example.com,1
sherripeck@example.net,1
santanachristopher@example.org,1
cunninghamerin@example..org,-1
knightjay@example.org,1
eric52@example.net,1
raymondmcdaniel@@example.net,-1
crystal25@example.com,1
kkennedy@examplecom,-1
lloydrobert@examplecom,-1
bradleyedwards@example.org,1
nicholas76@example.com,1
sydneyriley@@example.net,-1
alvarezrenee@examplenet,-1
leedonald@examplenet,-1
richardcameron@example.com,1
tavila@example.net,1
davidmahoney@examplenet,-1
thomashernandez@@example.net,-1
cpetty@example..net,-1
juliesanchez @ example.com,-1
lchen@example.org,1
dstone@@example.net,-1
zmathis@example..net,-1
kirkpaul@example.org,1
berryemily@example.org,1
joshua88@example.net,1
brian78@example.org,1
warrentyler @ example.org,-1
cwalkerexample.net,-1
wolfejames@example.org,1
william39@examplenet,-1
ritteramyexample.org,-1
vdean@exampleorg,-1
carlos05@@example.com,-1
melissapage@example.net,1
mark41example.org,-1
millerrobert@example.net,1
ofigueroaexample.org,-1
erica69@examplecom,-1
robert36@example.net,1
steven28@examplecom,-1
sanchezbethany @ example.com,-1
oscar37@example.org,1
hortonrenee @ example.com,-1
ohoover@example.net,1
pramosexample.net,-1
cohendavid @ example.org,-1
freemanregina@examplecom,-1
julia57example.net,-1
michelle39@example.net,1
emilyford@example.org,1
wbeasley@example.com,1
deandavid@example.net,1
qrivera@example.net,1
samantha99example.com,-1
aaron09@example..com,-1
hturner@example.com,1
aosborneexample.com,-1
maryreid@example.org,1
tracysmith@example.org,1
michaelgentry@example.com,1
garciaryan@example.com,1
sfreeman@example.com,1
natalieburgess@example.com,1
sharon00@example.net,1
diane98 @ example.org,-1
tamara94@@example.org,-1
sanchezian@example.net,1
blackburnjeremyexample.org,-1
acarrexample.org,-1
laura29@example.org,1
ssmith@example.net,1
kimberlyyoung@example.org,1
wilsonmargaret@example.com,1
erik72@example.com,1
denisewood@example.org,1
chelseysnyderexample.net,-1
michelesoto@@example.org,-1
michael11example.net,-1
anthonythomas @ example.net,-1
carlsonmegan@@example.net,-1
ymoore@example.net,1
ppatton@example.com,1
ballbradley@example.org,1
gabriel42@@example.org,-1
johnathan59@examplenet,-1
nicholasjackson @ example.org,-1
wolfetiffany@example.org,1
brandy89@example.com,1
matthew89@example.net,1
christian90example.org,-1
moorechristine@example..com,-1
julie31@@example.com,-1
hamiltonjoshua@example.com,1
sethsutton@example.com,1
jamienelson@example.com,1
rebecca90@example.org,1
kingsusan@example.com,1
rebecca96@example.org,1
kharris@example.com,1
edavenport@example.org,1
michelle77@examplecom,-1
marysmith@examplecom,-1
bryan39@example.org,1
nthomas@example.net,1
james74@example.com,1
rodriguezcharles@example.org,1
melvinmitchell@example.com,1
amy48@example.net,1
wgreene@example.com,1
danahinton@example.org,1
corey48@example..org,-1
gonzalezandrew@exampleorg,-1
romeroshawn@example.org,1
steven02@example.org,1
anthonyedwin@example.net,1
uflowers@examplecom,-1
daltonalvarezexample.org,-1
rodneyfisher@example..com,-1
steven97@@example.org,-1
drobinson@example.net,1
wilsonshannon@example.net,1
davisconnie@example.org,1
michaellynch @ example.com,-1
lindsay21 @ example.net,-1
annette98@examplenet,-1
lmccarthy@@example.net,-1
bwashington@exampleorg,-1
aloweexample.org,-1
meganwaters@example.org,1
wpatton@example.com,1
timothy01 @ example.org,-1
jimenezlinda @ example.net,-1
nprince@example.com,1
kimberlyhowardexample.com,-1
emays@example.org,1
tylerdavis@example.net,1
rose51@example..com,-1
dunnjoe@example.net,1
crystal66@example..net,-1
jenkinserin@example.com,1
yjensen@example.org,1
carl96@example..com,-1
robbinsshelia@examplecom,-1
reeveskevin@example.org,1
johnsondarrell@example.org,1
cpennington@examplenet,-1
martinezrichard @ example.com,-1
wbrown @ example.net,-1
tylermaddox@example.org,1
mary25@example.org,1
smithdaniel@exampleorg,-1
patelwilliam@example.org,1
htravis@examplecom,-1
dalehunter@@example.org,-1
qsullivan@exampleorg,-1
gcole@example..com,-1
jeffreypowell@example.net,1
ichaney@examplecom,-1
yreynolds@example..net,-1
millertaylor @ example.com,-1
olee@example.com,1
vwhitney@example.org,1
nancyfoley@example.org,1
johnmcgrath@@example.com,-1
kylecooper@example..net,-1
flemingerin@example.org,1
jamesskinner@examplecom,-1
julia79@example..org,-1
pachecokatrinaexample.net,-1
stevensjames@@example.org,-1
morrisnatalie @ example.net,-1
gmccoy@example.com,1
andrewreed@example.org,1
bmartinez@example.org,1
richardgrace@example..net,-1
zwalters@example.org,1
alexandra35@examplecom,-1
wmccullough@example.org,1
jimmy17@exampleorg,-1
kathryndavis @ example.net,-1
wardkenneth@example.com,1
martha75@examplenet,-1
chris50@example.net,1
mark15@exampleorg,-1
jennifer05@examplenet,-1
bridgetwilson@example.net,1
kelly34@example.net,1
nmiller@example.com,1
zachary21example.org,-1
benjaminbrowning@examplecom,-1
thompsoneric@example.net,1
bethanycollins@example.net,1
bryanlara@example..com,-1
qturner@example..com,-1
paulgarcia@example.org,1
johnlucas @ example.com,-1
dawnsantos@@example.com,-1
victoria15@example.com,1
kristimason@examplecom,-1
ashley21@example.org,1
rossbrian@example.org,1
campbelljennifer@example..org,-1
batespaul@examplecom,-1
angel80@example.com,1
kathryn57example.org,-1
tyler75example.com,-1
wfrazier@example.org,1
davidsolis@example.net,1
stephenleeexample.org,-1
ljones@example.org,1
youngsuzanne@@example.net,-1
samanthanovak@example.org,1
ystone@example.org,1
blozano@example.com,1
davidsonheatherexample.com,-1
freemanmichael@example.com,1
randall43@example.com,1
sarahrivera@example.org,1
deannasimmons@example.org,1
oprattexample.net,-1
tammy16@example.net,1
littlemelindaexample.com,-1
imoore@example..com,-1
xhernandez@example..com,-1
cortezkyle @ example.net,-1
zobrien@examplenet,-1
qsutton@example.com,1
zvegaexample.com,-1
jimenezdavid@example.org,1
obrown@@example.org,-1
davidwarren@example.net,1
turneraimeeexample.com,-1
emma83@example.net,1
sarah41@example.org,1
moorejonathan@example.net,1
robertelliottexample.net,-1
wstevens @ example.net,-1
josephlittle@example.org,1
cmorgan@example.net,1
mackdavid @ example.net,-1
swansonkelsey@@example.net,-1
ysingh@example.net,1
doneill@example.org,1
derrick55@example.org,1
angela54@example.net,1
logan90@example.com,1
gneal@exampleorg,-1
jshelton@examplenet,-1
ccruz@example.org,1
coryfields@example.com,1
kristidillon@example.org,1
amanda09example.net,-1
mckenzie51@@example.net,-1
rachel89@example.com,1
turnercynthia@example.com,1
omillerexample.com,-1
hallcody@example..com,-1
jason93@@example.com,-1
kcarpenter@examplenet,-1
diazbradley @ example.org,-1
maria20@example.org,1
milesbailey@example.com,1
fjones@example..org,-1
ian68 @ example.com,-1
ylynch@example.com,1
ibarratammy@@example.com,-1
thomasgary @ example.org,-1
swansondavid@examplenet,-1
blairmichael@example..org,-1
martinezmegan@example.com,1
vgibson@example.net,1
amyewing@exampleorg,-1
kimberlybeck@example.org,1
smiller@@example.org,-1
matthewlee @ example.org,-1
dbakerexample.net,-1
slewis@example.com,1
lisamonroe@example..net,-1
jennifer21@example..org,-1
josephhowell@examplecom,-1
jonathan51@example.net,1
qthompson@example..org,-1
zacharyfreeman@example.com,1
connorkennedy@example.com,1
jeffrey37@@example.org,-1
ashleybrownexample.com,-1
jefferytucker@example.com,1
changalexis @ example.net,-1
jgates@example.org,1
ysteele@exampleorg,-1
mary07@@example.org,-1
jonestammy@example.net,1
bruceryan@example.org,1
petersjohn @ example.net,-1
urowe@example..net,-1
byrdlauraexample.net,-1
alexanderosborne@example.com,1
sandralewisexample.net,-1
april46@example.com,1
wilsonjohn@example.net,1
longcharlesexample.net,-1
jeffrey17@@example.org,-1
jessica94@example.com,1
debrasalazar@example.org,1
ebonysanford@example.net,1
tbarrera@example..com,-1
sbrown@example.org,1
jacquelinefitzpatrick@example.com,1
vgriffin@@example.org,-1
nathan15@example.org,1
davidsanchez@example.net,1
joshuamerritt@example..net,-1
hunterjared@example.org,1
torresrobert @ example.com,-1
gbrown @ example.com,-1
fosterjoseph@example.net,1
sherryhernandez @ example.net,-1
sanfordlori@example.com,1
lindsaydavidson@example.org,1
xsmith@examplecom,-1
smithrodney@example.com,1
wilsonpaul@example..org,-1
robertsmith@example.org,1
ifernandez@example.org,1
yhansen@example..net,-1
ibarker@examplecom,-1
oroberson@exampleorg,-1
jaimehoward@example.com,1
wyattmelissa@example.org,1
pittsmichael@examplenet,-1
kennethflores@example.com,1
gchase@example.net,1
andrew88example.net,-1
patrick31@examplecom,-1
mirandalozano@example..net,-1
gonzalesjasonexample.org,-1
pking@example..net,-1
amber08@example.com,1
jessewolf@example..net,-1
robertvelasquez@example..com,-1
andrewsholly@example.net,1
wendy07@example..com,-1
oallison@example..com,-1
slopez@examplecom,-1
bestjasmine@example.com,1
smithstanley @ example.org,-1
dwright @ example.net,-1
zgates @ example.com,-1
thomassabrina@example.net,1
alicia21@example..net,-1
jodimorris @ example.org,-1
fpetersexample.net,-1
oliverandrew@example.net,1
ablair@example.net,1
bjenkinsexample.com,-1
pattersonalejandro@@example.com,-1
terryraymond@example.com,1
codyjonesexample.com,-1
johnharper@examplecom,-1
nancy14@example.org,1
nicholas71@example.com,1
joshua24@example.com,1
jennifersmith@example.net,1
jjohnson @ example.net,-1
samuelfoster@example.org,1
jenniferrivas@example.net,1
christine50@example.com,1
jason49example.net,-1
huangmichele@example..org,-1
klee @ example.net,-1
matthewcontreras@example.net,1
maycynthia@example.org,1
hmcdonald@example.net,1
amydoyle@example..org,-1
ericblack@exampleorg,-1
richard34@example.com,1
katherinebruce@example..net,-1
bryanwilson@example.com,1
gdavila@example.com,1
hjames@example..org,-1
natalie46 @ example.com,-1
william00@examplenet,-1
hyork @ example.com,-1
josewilson @ example.org,-1
markblack@example.com,1
shermanthomas@example.net,1
lopezearl@example.net,1
julienguyen@example.com,1
idiaz@example.org,1
lisasanchez@example.org,1
lisaparker@example.org,1
smithdakota@example.org,1
nicoleparker@example.org,1
lauren37@exampleorg,-1
james17@example.net,1
matthew57@example.com,1
bellryan@example.org,1
randy88@example.net,1
nclayton@example.org,1
hubbardsydney@example.com,1
gibbspatricia@example..com,-1
ljohnson @ example.net,-1
jenniferhenderson@example.com,1
xsmith@example.net,1
christopher21@example.org,1
wsmith@exampleorg,-1
bowerswendy@example.com,1
fmejia@@example.org,-1
robert18@examplenet,-1
andrewmaldonado@example.com,1
ngutierrez@example..com,-1
fernandezjacob@example.net,1
malloryvargasexample.net,-1
acostajason @ example.org,-1
prushexample.org,-1
jennifer25@example.com,1
coreyrose@example.org,1
kgarcia@example..org,-1
elizabethgutierrez@example.net,1
thompsonstephanie@example.org,1
patriciawatkins @ example.com,-1
cody47@example.com,1
erin87@example.net,1
carolynmedina@example.com,1
allenjohn@example.org,1
timothyarmstrong@example..com,-1
ravenjoseph@example.net,1
bassmichael@example..com,-1
brandi58@example.net,1
andrea76@@example.org,-1
david76@example.net,1
lorettahoffman@example.com,1
penningtoncindyexample.net,-1
xdavidsonexample.org,-1
joyanderson@example.net,1
nicolematthews@examplecom,-1
dmathis@@example.org,-1
martindominicexample.org,-1
tara20@examplenet,-1
nashley @ example.net,-1
jordan80@example.net,1
zcastillo@example.org,1
mitchell49@example.net,1
yflowers@exampleorg,-1
patriciasimmons@@example.org,-1
danielhall@example.com,1
laurenbenjamin @ example.com,-1
rangelwilliam@example.org,1
katherinewells@exampleorg,-1
hannah20@example.net,1
rhunter@examplecom,-1
mirandarobert@example.net,1
jenna21@examplenet,-1
sharon73@example.net,1
brianperez@example.com,1
richard23example.org,-1
matthew57@example.org,1
lauraandrews@examplenet,-1
ian69@example.com,1
michelle73@@example.org,-1
andrewking@examplenet,-1
lindsayalexander@example.com,1
leah54@example..net,-1
jheath@example.org,1
ashleycarpenter@example.net,1
ymontoya@examplenet,-1
christopherdominguezexample.org,-1
ffowler@example.org,1
piercebrandonexample.org,-1
anthony82@examplenet,-1
amendez @ example.org,-1
marshalljames@example.org,1
steven62@example.net,1
jeffrey27@example.net,1
peter81@example.com,1
colejill@example.net,1
sheripotts @ example.org,-1
elizabeth46@example.org,1
powellbrian@example.com,1
james94@example..net,-1
devindalton@example..net,-1
christopherbanks@example.org,1
veronica48example.org,-1
morgandennis@examplecom,-1
travisbrian@example.net,1
katherineholden@example.com,1
isaac34@example.com,1
williesmith@example..com,-1
vaughnjohn@example.org,1
conniemiller@example..com,-1
mjenkins@example.org,1
nsheppard@example..org,-1
johnsonlinda@example.org,1
donna04@@example.org,-1
christianphillips@example.org,1
krausetravis@example..org,-1
alexander65example.org,-1
osexton@exampleorg,-1
mbautista@@example.com,-1
brycefrost@example.org,1
sheriwang@example.org,1
uwall@@example.org,-1
stephanielopezexample.net,-1
reyeskimberly@example.com,1
bbyrd@example.org,1
spetersexample.com,-1
grace20example.com,-1
whitelisa@examplecom,-1
merrittmichael@examplecom,-1
amanda65@example.net,1
wagnerdavid@example.com,1
cristinalopez@example..net,-1
ublake@example.com,1
paulmorgan@example.org,1
wclark@@example.net,-1
cruzsharon@example.net,1
kellyallen@example.org,1
andrearhodes@example.net,1
mjennings@@example.net,-1
moralesdan@examplecom,-1
davidlawrence@example.org,1
jacksondaniel@example..net,-1
duffyricky@example.org,1
ortegachelseaexample.net,-1
dylansummersexample.org,-1
kdavis @ example.com,-1
jeffreygibson@example.net,1
jenniferberry@exampleorg,-1
moyerheather@example.org,1
miguel33 @ example.com,-1
garcianicole@example.org,1
wwade@exampleorg,-1
reeseeric@example.com,1
andrew06 @ example.com,-1
larry26@@example.com,-1
alexander27example.net,-1
millersandraexample.com,-1
hoffmanlaura@example.com,1
tracywatson@example.com,1
stanleyanne@example.net,1
kevin84 @ example.net,-1
danieldelgado@example.org,1
smithamanda@example.com,1
chloemalone@example.com,1
jwest@example.org,1
tyoung@example..com,-1
brenda54@examplenet,-1
tammytrujillo@exampleorg,-1
jayfoster@examplecom,-1
samantha53@example.com,1
wallerkaren@example.com,1
patrickriley@exampleorg,-1
jenniferwilson@exampleorg,-1
dgarza @ example.org,-1
bellrandy@@example.net,-1
savannah17@example.com,1
melissajackson@example.com,1
gregoryperez@example.com,1
kellywalter@example..com,-1
chad15@example.org,1
coltonlynch@examplecom,-1
emcknight @ example.com,-1
vperez@example.net,1
angela38@example.org,1
angela83@example.org,1
phillip78@@example.org,-1
amykim@example.com,1
mooreangelaexample.org,-1
alexanderwalters@example.org,1
baileybarbara@@example.org,-1
tanya53@example.org,1
whitney93@example.net,1
david17@example.org,1
rharmon@example.org,1
aprilvincent@example.com,1
michaelmiranda@@example.com,-1
garnerjennifer@@example.net,-1
myersmarkexample.org,-1
rmorris@example.net,1
qfranklin@example..com,-1
sjenkins@@example.org,-1
paula13@example..com,-1
shenderson@example.org,1
heatherdean@example..org,-1
hughesjonathan@@example.com,-1
james59@example.net,1
jacquelinemartinexample.com,-1
wrichmond @ example.com,-1
rcobb@example.net,1
jacobsjennifer@@example.org,-1
isabelcosta@example.com,1
laurenneal@example..com,-1
ugardner@example.com,1
vcook @ example.com,-1
david66 @ example.org,-1
bankswayne@example..com,-1
fcordova@example.com,1
qknight @ example.com,-1
shelbyestrada@example.org,1
shenry@example.org,1
eric09@example..com,-1
matthewberger@exampleorg,-1
leslie58example.net,-1
fbrooks@example.org,1
melanie62@@example.org,-1
marvin91example.com,-1
mjohnson@example.org,1
patrickbrown@example..net,-1
ijohnson@example.net,1
jenniferlin@example.com,1
gregscott@example.org,1
elizabethcallahan@example.org,1
sarah58@example.net,1
natalie73@example.org,1
harrishenry@example..com,-1
patriciamccullough@example.com,1
melissamarks@example.net,1
wbradyexample.net,-1
stran@example.org,1
jorgebarry@example..net,-1
ericwagner@example..com,-1
saunderstravis@example.net,1
floresdoris@example.org,1
vhammond@example.org,1
ashley91example.net,-1
paul84@example.net,1
tracy52@example.com,1
sampsonjames@example..net,-1
parias@example..com,-1
reillymatthew@@example.net,-1
timothy65@example.com,1
sara85 @ example.net,-1
phillip98@example..net,-1
knightchristopher@example.org,1
cgreen@example.org,1
morganmiguel@example.net,1
huntjustin@examplenet,-1
laura19@example.org,1
seth68@example.org,1
cathyhancock@examplecom,-1
michele81@example.org,1
guy39@example.net,1
kellygonzalez@example..org,-1
amy16@example.org,1
desiree39@example..com,-1
kim27@example..org,-1
johnmorgan@example.com,1
davidjohnson@example.org,1
vweiss@@example.org,-1
rharris@example.org,1
carrieleonard @ example.org,-1
framos@example.org,1
turnerjennifer@example.org,1
krystal50@@example.net,-1
ynorton@example.org,1
anna29 @ example.com,-1
zking@example.com,1
fmccarthy @ example.net,-1
ksmith@example.com,1
maureenanderson@examplenet,-1
malikgonzalez@examplenet,-1
thompsonnatalie@example.com,1
qsullivan@example.org,1
lopezjeremy@@example.com,-1
coxthomas @ example.org,-1
candacekirby @ example.net,-1
smithjesse@exampleorg,-1
robert43@example.net,1
kevinhale@examplecom,-1
brittany40@example.com,1
inguyen@example.org,1
katelynmitchell@example.com,1
ctucker@example.org,1
monicaallen@example..com,-1
chadthomas@example.org,1
hroberson @ example.net,-1
johnsonmary@example.net,1
paul77@example.org,1
kimberlypierce@@example.com,-1
justinmartinez @ example.com,-1
lopezautumn@example.com,1
changtyler@example..net,-1
sheena49@example.net,1
jacksoncheryl @ example.net,-1
tonya01@example..com,-1
victoria02@example.org,1
alvarezmatthew@example.net,1
joshuabeard@example.com,1
morsejoseph @ example.com,-1
xarnold@example.org,1
michaelbrewer@example.com,1
josephwebster@example.org,1
matthewwilson@@example.net,-1
martinanthony@example..com,-1
kmiller @ example.net,-1
lisawallace@example.com,1
vargaschristopher@example.org,1
reneemartin @ example.com,-1
samantha37 @ example.net,-1
matthew03@example.net,1
adrian63@example..org,-1
brownnorman@example.net,1
cynthiabarnes@example.org,1
bcampbell@example.net,1
madisonnguyen@example.org,1
thompsonmelissa@example.com,1
ggardner@example..org,-1
odurham@@example.com,-1
angela88example.org,-1
adamroberts @ example.org,-1
drossexample.com,-1
christopher33@@example.com,-1
twatson@examplecom,-1
wellsjoshua@example..com,-1
moorebrianna@example..com,-1
kimberlyroberts@@example.com,-1
jacksonalexander@@example.org,-1
hallbrandon@example.org,1
thomasodonnell@examplenet,-1
jbowman@example.net,1
bradley58example.com,-1
oneillrachel@example.org,1
timothy40@@example.org,-1
shariirwin@example.com,1
bailey23@example..org,-1
juliastafford @ example.com,-1
lesliepineda @ example.net,-1
wsmith@example.net,1
pamelajefferson@example..org,-1
sethross@example.com,1
dustin91@@example.com,-1
frankmorris@@example.net,-1
dneal@example.com,1
juliesantanaexample.com,-1
jamesjohnson@example..net,-1
jwilliams@example.org,1
navarrodylan@exampleorg,-1
qfitzpatrickexample.org,-1
laura23@example.com,1
taylorgarcia@example.net,1
heatherhaas@example.org,1
gary83@example.net,1
mitchellcolleenexample.net,-1
johnsonjonathan@example..org,-1
zsmithexample.net,-1
mistydavis@example..org,-1
mannsteven@example.com,1
ltucker@example.com,1
nicole17@examplenet,-1
michael32@exampleorg,-1
ufrench@example.net,1
stephanie05@example.org,1
melissa60@example.org,1
brandon03example.org,-1
nathaniel39@example.com,1
martindonna@@example.com,-1
sullivanmaria@example.com,1
fduke@example..org,-1
eli@example.net,1
zjackson@examplenet,-1
kara96@@example.com,-1
stevensvictoria@@example.net,-1
kyle54@example.com,1
hurleyandre@examplenet,-1
anna42@example.com,1
ricardo75@@example.org,-1
bmurray@example..com,-1
patriciasanchez@@example.org,-1
katherinejackson@exampleorg,-1
steven34@example.com,1
shawnlewis @ example.org,-1
zbryant@example.org,1
harveymelissa@examplecom,-1
xpatton@example.org,1
williamskevin@example.net,1
xcobb@example.net,1
moorejohn@example.net,1
jeffreywilliamson @ example.org,-1
wmay@example..org,-1
amymills@example.org,1
madisonwilliams@example.net,1
brettestrada @ example.com,-1
traci74@example.net,1
robertmcdowell@example..com,-1
dianemorris@example.net,1
ochoaamanda @ example.com,-1
daniel35@@example.com,-1
tonyarollins@example.org,1
alvin31example.net,-1
johnphamexample.org,-1
christianwolf@@example.com,-1
johnsonjohn @ example.org,-1
juliegonzalez@@example.org,-1
matthew52@example.org,1
seansimonexample.net,-1
rhondalopez@example.org,1
clarence58@example.com,1
stacywalters@example..com,-1
williamjacobs@example.org,1
jbarnes@examplecom,-1
jodi19@example.org,1
pdennisexample.com,-1
mooretimothy@example.org,1
tricia97@example.org,1
richardtaylor@example.org,1
jessica62@example.com,1
briangallegos@example.com,1
amanda69@exampleorg,-1
john40@exampleorg,-1
qallen@example.net,1
dfranklin@example.org,1
rroberts@example..com,-1
michaelwebster@example..com,-1
stevenkelly @ example.org,-1
santiagotammy @ example.org,-1
sethhicks@example.com,1
cwilliams@example.com,1
jennifermendoza@example.com,1
bowersjuan@example.org,1
aaron02@example.net,1
luke26@example.net,1
sandra05@example.org,1
palmermelissa@example..net,-1
ccollins @ example.com,-1
jon66@example.net,1
matthewtaylorexample.org,-1
frostkatelynexample.org,-1
katiemoon@example.net,1
mevans@example.org,1
danielleshort @ example.net,-1
yvonne71example.org,-1
franklintravis@exampleorg,-1
michael17@example..net,-1
tracy48@examplenet,-1
chartman @ example.com,-1
dlewis@example.com,1
michael62@example.org,1
rioscharles @ example.com,-1
colecarrie@example.net,1
coxjanet@exampleorg,-1
ethan43@examplecom,-1
stephen23 @ example.net,-1
williamcochran@example.org,1
kacosta @ example.org,-1
costadaniel@example.org,1
benjaminkelley@example.org,1
hayneskevin @ example.com,-1
perezkevin@example.net,1
pennyramirez@example.org,1
williamsdonna@example.com,1
victoriastein@example.com,1
henrytamara@example.org,1
muellerdebbie@examplecom,-1
heather91@example.org,1
jenniferdavis@example.org,1
lawsonkaren@example.com,1
scottwilliams@example..net,-1
derek10example.net,-1
oleblanc@exampleorg,-1
woodsteven@example.org,1
timothy89@example..net,-1
esheltonexample.com,-1
michaelmason@example.org,1
vvasquez@example.org,1
lisa95@example.com,1
woodardalexis@example.org,1
armstrongjesse @ example.com,-1
sandersscott@@example.com,-1
holsen@@example.org,-1
andreaholmes@example.org,1
jacobpace @ example.net,-1
raymondjacobs@example.net,1
alexandra18@example.com,1
urussell@example.net,1
xpowell@example.com,1
jimenezjocelyn@@example.com,-1
alvin71@example.com,1
amandamurray@example.net,1
jwright@examplecom,-1
rstephens @ example.org,-1
mccarthymichael@example.net,1
andrew49@examplenet,-1
shelley53@example.org,1
shortmaurice@example.org,1
wlucas@examplenet,-1
fmiller@example.net,1
christopherhernandez @ example.com,-1
rgillespie @ example.net,-1
karathomas@example.com,1
danielboydexample.org,-1
adrian04 @ example.org,-1
ryantaylor@example.org,1
soliscourtney@example.net,1
howerobert@exampleorg,-1
bowmanjeremy@example.net,1
mullencourtney@example.com,1
hartemily@examplenet,-1
johnjohnson@example.com,1
pdawson@example.com,1
kurt94@example.com,1
iryan@@example.org,-1
williamsrebekah@@example.com,-1
josephjohnson@@example.com,-1
mackenzie62@examplenet,-1
cartermichaelexample.net,-1
moniquepruitt@example..org,-1
malonemelissaexample.com,-1
erin31@example.org,1
efinleyexample.com,-1
randy21@exampleorg,-1
owalker @ example.net,-1
carmenandersonexample.com,-1
ryan55@example.net,1
daniel89@example.com,1
turnersamantha@example.com,1
robert34@example.com,1
washingtonjohnathanexample.com,-1
tmiller@example.com,1
afoster@example.com,1
bellkaren@example.net,1
haleynguyen@example.net,1
ryan49@example..net,-1
cainjonathan@example.com,1
heiditaylor@example.net,1
qyoung@examplecom,-1
ehebert@example.org,1
kim44@example..org,-1
qbrown@example..org,-1
michael56 @ example.net,-1
bmorales@@example.net,-1
mbaker@example.net,1
riveraanthony @ example.com,-1
smithkari@examplenet,-1
zcervantes@example.net,1
colemandonald @ example.org,-1
wendy77@example.org,1
collinstimothy@@example.net,-1
dcampbell@examplenet,-1
maldonadokristinaexample.net,-1
fordcindy@example..org,-1
abarnes@example.net,1
janet20@example.org,1
hughesmarcus@example..com,-1
kchenexample.org,-1
wjohnson@@example.com,-1
hannah04@example.net,1
mclark@example.org,1
carolpeterson@example..org,-1
emilymyersexample.com,-1
david60@example..com,-1
lori93 @ example.com,-1
steven27@examplecom,-1
david68@example.org,1
robert31@@example.org,-1
alicia58@example.net,1
katherine67@example.com,1
mschwartz@@example.com,-1
daniel72 @ example.net,-1
belindarivera@example.com,1
jamescabrera@example.net,1
dixonjennifer@example.net,1
christopherbarrera@examplenet,-1
patricktorres@examplecom,-1
dvang@@example.com,-1
shelbybrooks @ example.org,-1
hardincourtneyexample.org,-1
jeffrey94@example.com,1
pjohnson@example.org,1
destiny63 @ example.com,-1
bleon@examplecom,-1
maryrodriguez@examplenet,-1
douglasturner @ example.net,-1
nichole86 @ example.org,-1
jennifer53example.net,-1
zdyer@example.net,1
jessicacain@example..com,-1
bwhite@example.com,1
ilittle@example.net,1
hhill@examplenet,-1
adrienne33example.net,-1
paul78@example.org,1
shortkarla@example.org,1
ugallagherexample.com,-1
floresphillipexample.com,-1
bperez @ example.net,-1
jennifer35@example.com,1
stevencooke@example.com,1
qlopez@example.net,1
preed@examplenet,-1
sarahtaylor@example.net,1
lisa19example.org,-1
richmelissa@example.com,1
tfletcher@examplecom,-1
markmurphy@example.org,1
smithanne@examplenet,-1
gbryant@example.com,1
parkerruth@examplecom,-1
bakerdouglas@exampleorg,-1
amanda75@example..net,-1
lewisyvonne@@example.net,-1
samantha67@@example.net,-1
garciaphilip@example.net,1
scott90@exampleorg,-1
peter15@example.com,1
andrewrodgers@example..com,-1
martin91@example.org,1
davidskinner@exampleorg,-1
reyesmaryexample.org,-1
michellewilliams @ example.net,-1
mary91@example.org,1
jbutler@example.com,1
ghaney@example.org,1
blackdavid@example.org,1
simongerald@example.org,1
mccartykevin@examplecom,-1
ngarcia@examplecom,-1
orogers@example.com,1
davidpark@example.org,1
derek31@example.com,1
bwhite@@example.org,-1
douglassmith @ example.org,-1
mooredavid@example.net,1
brittanyharmon @ example.com,-1
vchan@example..com,-1
robertsbrandonexample.com,-1
qcruz@example..net,-1
gallagherkevinexample.net,-1
carloskennedy@example.org,1
tsanchez@examplecom,-1
bsmith@example.org,1
njones@example.org,1
dakotacooper@example.net,1
stewartkelly@example.org,1
ggarner @ example.org,-1
lewisroger@example..org,-1
rgutierrez@@example.com,-1
jessica01@examplenet,-1
sarah78@example.org,1
smithlouis@example.org,1
qsparks@example.org,1
jonesbrian@example.net,1
miranda64example.net,-1
edwinjackson @ example.net,-1
katiepoole@example.com,1
jennapittman@example.com,1
wilkinsfrank@example..net,-1
harmonterri@example.org,1
mhester@example.org,1
gavinhermanexample.net,-1
jodicraig@example.org,1
debramcdonald@example..org,-1
barbara49 @ example.org,-1
aprillin@example..org,-1
watsonjennifer@example.net,1
zlewis @ example.org,-1
rodriguezrose @ example.com,-1
urussell@example.net,1
erikacowan@example.com,1
nelsonpatricia@example..org,-1
raymondpark@example.org,1
aphillips@example.com,1
davismatthew@example.org,1
perryrobert@example.net,1
carlos14example.com,-1
connor94example.net,-1
sean55@example.org,1
smithchristopher @ example.com,-1
ericthompson @ example.org,-1
philip21@example.org,1
danielwright@examplenet,-1
tfoster@examplecom,-1
wgross@example.net,1
wellsmichael@example.org,1
joan23@example.com,1
rkaiser@example.org,1
frankmendoza @ example.org,-1
john92@example.net,1
jack59@example.net,1
smithheather@example.org,1
woodlaurie@example.com,1
mary47example.com,-1
jonathan73 @ example.com,-1
fmoore@examplecom,-1
erinmorse@example..net,-1
chandlerwendy@example.org,1
carriereyes@example..com,-1
kennethobrien@example..org,-1
rroberts@examplecom,-1
fletcherbrian@example.com,1
stephaniegentry@@example.org,-1
staylor@example.com,1
sylvia46example.net,-1
brandi52@example.com,1
kathleen86example.com,-1
pshort@example.net,1
smithcolin@example..net,-1
ferrelljuan@example.com,1
jessicaturner@example..net,-1
ramosdaniel@example.net,1
lisabradshaw@example.net,1
miranda79@@example.com,-1
xbarnes@example.com,1
thomasjack@example.com,1
zsantana@@example.net,-1
russellerica@example.net,1
herbert74@example..com,-1
deborah31@exampleorg,-1
wlyons@examplenet,-1
sara82 @ example.net,-1
jennifer88@example.com,1
sjohnson@example.net,1
rachel80@example.net,1
yrobinson@@example.net,-1
athompson@example.org,1
robertscassandra@examplenet,-1
hjones@example.org,1
stephaniethornton@example.net,1
russell47@example..com,-1
douglas03@example.org,1
sean51@@example.com,-1
ireed@example..net,-1
wayne73 @ example.net,-1
michaelprice@example..com,-1
qcurry@example.net,1
amanda02@example..net,-1
jacobbridges @ example.org,-1
phelpstammy@example.net,1
juliedaugherty@example.net,1
morgantyler@example.com,1
maysgregory@example.org,1
jacksonsteven@@example.com,-1
murphylaura@example.com,1
samanthadavis @ example.org,-1
albert83 @ example.net,-1
oali@example.org,1
taylordana@example.net,1
ferrellrenee@@example.net,-1
bbarrera@@example.org,-1
cookmatthew @ example.com,-1
daviskenneth@examplenet,-1
kerrcody@example.org,1
jherrera@example.net,1
jaimelucasexample.com,-1
thomaslee@example.org,1
fwhite@@example.com,-1
cmiller @ example.com,-1
tammymiller@example.net,1
christine96 @ example.com,-1
robersoncandice@example.com,1
jerrybates @ example.org,-1
moranshelley@example.org,1
leahalvarado@exampleorg,-1
hollychan@example.org,1
tiffanymartin@example.org,1
jonesluke@example.com,1
bondvanessa@example.org,1
john43@example..com,-1
rheath@examplenet,-1
vernonwilcox@example.com,1
gregory12@example.com,1
bmckinney@examplecom,-1
nathan31@example.net,1
zimmermanannaexample.org,-1
michaelhallexample.com,-1
daniel68@example..net,-1
bettylucas@example.com,1
cathyharmon@example.org,1
uthompson@@example.org,-1
wallacegeorgeexample.net,-1
yterry@example.net,1
fcaldwell@example..net,-1
bethanylewis@example.org,1
holsonexample.net,-1
rodney04@@example.net,-1
vasquezlisa @ example.com,-1
mbriggs@example.net,1
anthonysanchez@example.net,1
stacy49@examplenet,-1
derekbrown@example.net,1
bryan56@@example.net,-1
andrewsmith@example..com,-1
tonyamiles@example..org,-1
jackie47@exampleorg,-1
jonesdiana@example.org,1
jeffrey93@@example.net,-1
courtney88@@example.net,-1
gjones@example.org,1
thomasweber@example.com,1
john89@example.org,1
brownjoseph@example.net,1
owenswilliam@example.org,1
martinezjessicaexample.org,-1
oliviaferguson@@example.com,-1
sabrinafernandez@example.com,1
anitanunez@@example.org,-1
ybowers@examplenet,-1
estesdavid@example.org,1
scott21@example.org,1
hfreeman@@example.com,-1
rodney91@example.net,1
frank16@example.net,1
greenemichael@@example.net,-1
thomas95@example..org,-1
wendy96@example.org,1
dsosa@example.com,1
brycebuck@example.com,1
timrice @ example.org,-1
andrewsmith@example.org,1
joshuahayesexample.net,-1
michaeldalton@example.net,1
jamesjohnsonexample.org,-1
nancy75 @ example.org,-1
john75@example.com,1
benjamin79@@example.net,-1
harriscarl@example.net,1
hintondawn@example.net,1
chelseabaker@exampleorg,-1
transtephen@example.org,1
wattszachary@example.net,1
mcintyrebryan@@example.net,-1
nicolearmstrong@example.com,1
layers@exampleorg,-1
hebertsonya@example..org,-1
susanhall @ example.org,-1
tonyspencer@exampleorg,-1
olsonjasmine@example.com,1
qjones@example.com,1
osimon @ example.com,-1
martinezmichael@example.net,1
cory83@example..org,-1
joann68@example.com,1
colleenjohnson@example.net,1
sallybaker@example.net,1
keith51 @ example.org,-1
eric34@examplecom,-1
michaelrichardsonexample.com,-1
knightrobert@example.org,1
christopher43@example..org,-1
justin74example.net,-1
robert32@example.org,1
donaldbarnes@@example.com,-1
nelsondanielexample.com,-1
markbooth@@example.org,-1
thomasryanexample.net,-1
lcasey@example.org,1
evansmarcexample.com,-1
marissachristensen@example.com,1
elizabeth96@example.net,1
vmora@example.com,1
reedscott@example.com,1
andrew48@example.net,1
stephanie53@example.net,1
anthonybyrd@example.net,1
reedjoshua@@example.net,-1
natasha49@example.net,1
dleblanc@examplenet,-1
rivasvictoria@@example.org,-1
jerry05@example.com,1
whitevirginia @ example.net,-1
fforbesexample.net,-1
kimmiller@example..org,-1
xdouglas@example..com,-1
ehull@example..org,-1
brandonpowell@example.org,1
katherine93@example.net,1
usmith@example..com,-1
jenny40@example.net,1
williamsbelinda@example.com,1
amberward@example.org,1
efaulkner@examplecom,-1
thomastammy@example.com,1
oarcher@example.com,1
huffbridget @ example.org,-1
wardkelly@example..net,-1
nicholasmcneil@example.net,1
collinslindsey@example.net,1
dwayne47@example.com,1
emmacooper@example..org,-1
sethsimmons@example.net,1
emilybutler@example.org,1
amanda11@example.net,1
rogersmadisonexample.net,-1
barkercameronexample.net,-1
mwillis@example.org,1
scottrowe @ example.com,-1
davidhill @ example.com,-1
eallen@example..com,-1
justinburton@example.com,1
kimberly06 @ example.net,-1
nelsonjoel@example.com,1
tony31@example.net,1
joseph63@@example.org,-1
tsimon@examplenet,-1
blairspencer@example..com,-1
elizabeth18example.com,-1
lisaperez@example.org,1
johnlopez@exampleorg,-1
ymayo@example.net,1
allencraig @ example.net,-1
epayne@exampleorg,-1
vsutton@examplenet,-1
colleen05 @ example.org,-1
jessicapalmer@example..net,-1
lisagallagher@exampleorg,-1
laurie45 @ example.net,-1
danielrivas@@example.com,-1
peterfrazier@exampleorg,-1
paul62@example.net,1
daniel37example.com,-1
phillippowell @ example.com,-1
megan21@example.com,1
robertstone@example.net,1
zfrazier @ example.net,-1
hsims@example.net,1
jameswood@example.org,1
lisaschmidtexample.net,-1
torresmargaret@examplenet,-1
klee@example..net,-1
daniel89 @ example.org,-1
kelsey16@example.com,1
anthony95@example.org,1
austinpowers@example.net,1
anthony10@example.org,1
matthewcruz@example.com,1
vaughnnancy@example.net,1
sharonpittman@example.net,1
cayala@example..net,-1
xstafford@examplecom,-1
richard61 @ example.org,-1
hawkinswilliam@example.net,1
wallacedavid@example.net,1
oarnold@example.org,1
julie33example.net,-1
lawrence14@@example.net,-1
oscar44@example.net,1
kjackson@example..net,-1
mrogers@@example.net,-1
smithalan@example.net,1
darrendavis@example..org,-1
hbryantexample.net,-1
cmorris@example.net,1
ronald54@example.com,1
chapmanmackenzieexample.org,-1
christinayoung@example.com,1
joshua44@examplenet,-1
emmaguerra @ example.com,-1
marymeyerexample.org,-1
williambishop@example.com,1
kaylaromeroexample.net,-1
bmartin@example.org,1
shermangary@example.org,1
cummingsashleyexample.com,-1
hullbradley@exampleorg,-1
wli@example.com,1
johnsonlinda@example.net,1
smitchell@example..com,-1
jpriceexample.net,-1
juarezcarolyn@example.com,1
shayes@example.org,1
amcfarland@example..org,-1
ehendrix@examplecom,-1
vrobinson @ example.org,-1
nicole07example.org,-1
jason57@@example.com,-1
nclark@example.net,1
philliphester@example..net,-1
ywhite@example..org,-1
aprilhoward@example.org,1
greg38 @ example.com,-1
robertsheather@example.org,1
westjasonexample.net,-1
amedina@example.net,1
paulhernandez@example.org,1
charles82@examplecom,-1
daniellewilliams@example.com,1
urichardsonexample.org,-1
ocampos @ example.com,-1
vharris@@example.org,-1
vanessa44@example.com,1
donna93@example.org,1
vbrown@example.net,1
barbara46@@example.net,-1
peckjeffrey@example.com,1
bakerkimberly@example.net,1
pamelacooper@example.net,1
hwalls@@example.org,-1
gregory87@exampleorg,-1
brendanstewart@examplenet,-1
barbararios@examplecom,-1
hallkayla@example..com,-1
guerramindyexample.org,-1
jacobsonbreanna@@example.net,-1
veronicasmith@example.com,1
meganrodriguez@example..net,-1
kristenhall@example.org,1
uthompson@examplecom,-1
jill91@example.net,1
tammyhoweexample.org,-1
wardbrian@example.net,1
mooresarah@example.org,1
danielchavez@example.com,1
alison08example.org,-1
garciasusanexample.net,-1
gerald08@example.net,1
bwiley@examplecom,-1
tylershaffer@example.net,1
johnsonkevin@example..com,-1
griffinisabella@example.com,1
tamismith@example.com,1
reneedavis@example.com,1
cstewart@example..com,-1
browe@example.com,1
cklein @ example.org,-1
mark41@example..net,-1
clarkeaaron@@example.net,-1
uclark@example.com,1
hughestheresa@@example.net,-1
whitneyterrell@examplenet,-1
williamsondavid@example.org,1
williamandrews@examplenet,-1
joshuamorgan@exampleorg,-1
mharris@@example.org,-1
annahaley@example.org,1
vmyers@example..org,-1
garywilson@example.net,1
uwilliams @ example.org,-1
maydawn@example.org,1
vrodriguez @ example.com,-1
christopher93@example..com,-1
elizabeth08@@example.org,-1
ftorres@example.com,1
emitchell @ example.com,-1
jonathan16@example.net,1
thompsonamber@example.net,1
michael69@example.net,1
rnelsonexample.net,-1
bgray@example.net,1
reedheidi @ example.net,-1
danielledyer@example.net,1
vbrown@@example.org,-1
reyesbrian@example.com,1
vgordon@exampleorg,-1
valeriecruz@example.com,1
davidmoore@exampleorg,-1
andrewhardy@example..net,-1
daniellefrank@example.org,1
brittneyross @ example.com,-1
flemingapril@@example.com,-1
samantha50@example.com,1
melissa22@example.org,1
garrisonjeffrey@@example.net,-1
rachel70 @ example.net,-1
santoschristina@example.com,1
hannah70@example.org,1
tiffany19@examplenet,-1
amycardenas@example.net,1
tamara32@example..net,-1
nixonrandyexample.com,-1
bowmandean @ example.net,-1
brittanyallen@example.com,1
mitchellchristopher@@example.net,-1
jstevensexample.com,-1
eshaw@example.net,1
daniel44@example.net,1
jday@example..net,-1
daltondeborah@example.net,1
lmadden@examplenet,-1
pbarker@examplecom,-1
msmith@example.net,1
pattersonryanexample.org,-1
kimberly46@example.org,1
lindahatfield@example.org,1
amy55 @ example.org,-1
uleon@example.com,1
pacejoseph@example.com,1
adamslynn @ example.net,-1
parkmark@example.org,1
kevindoyle@example.net,1
brianwhite@example.org,1
krystalbarry@example.org,1
mpowell@example.net,1
brianmueller@example.net,1
amanda75@example.com,1
bjames@examplecom,-1
tonya75 @ example.org,-1
landryjill @ example.net,-1
michaelmorgan@@example.org,-1
davidwilson@example.org,1
muellerbilly@example.com,1
phamilton @ example.org,-1
amaysexample.org,-1
kellycharles@exampleorg,-1
garyjones@example.net,1
fthompson@examplecom,-1
ashley59@example.net,1
chudson@example.com,1
mary66@example.net,1
samuel58@example.org,1
gonzalezchristopher@example.net,1
gloganexample.org,-1
amber55 @ example.net,-1
rebecca59@example.org,1
vbond@example.com,1
mathismariaexample.net,-1
joseph84@example.com,1
shellyfox@@example.com,-1
rodriguezbenjamin@example.com,1
debra51@examplenet,-1
darin04@@example.com,-1
edennisexample.org,-1
david06@@example.org,-1
nicholas40@example.net,1
toddevans @ example.net,-1
lambertmichelle@@example.org,-1
sara38@example.com,1
kathryn90 @ example.org,-1
zhernandez@examplenet,-1
hectornoble@example.com,1
qobrien@example.org,1
wrodriguez@examplecom,-1
adamsdiana@examplenet,-1
muellertanya@@example.org,-1
qperez@@example.org,-1
jgonzalez@example.net,1
michael75@example.org,1
brookerichardson@example.net,1
zbrown@example.net,1
jason43@example..org,-1
leedavid@example.org,1
rhamilton @ example.org,-1
danielsronnieexample.net,-1
seth28 @ example.org,-1
lclark@example..org,-1
shelleyleon@@example.com,-1
ronaldfisher@example.org,1
daniel83@example.org,1
tpayneexample.org,-1
vwalkerexample.com,-1
paulhicks@example.com,1
jenningslisa@example.org,1
changmark@example.org,1
fmcdonald@example..org,-1
qmorgan@example.com,1
ifitzpatrick@example..com,-1
annbrown @ example.net,-1
laurie84example.org,-1
aparrish@example.com,1
bradleybrandon@example.com,1
smithraymond@example.org,1
onealheidi@example.net,1
mmarshall@examplenet,-1
katherine90@example.net,1
sanchezteresa@examplecom,-1
nicolewalters@example.org,1
xthomas@example.org,1
tbrown@example.com,1
josephmartin@example.net,1
arnoldmatthewexample.org,-1
hansondaniel@example.com,1
james61@example.net,1
tayloradrian@example.org,1
wmanning@example.org,1
shirleymack@example.org,1
trodriguez@examplecom,-1
allison63@@example.org,-1
petersenbrandon@example.org,1
kevin13@example.org,1
weberlindsayexample.com,-1
williamsonsteven@example.org,1
emilygray@example.org,1
gabrieldavis@example.com,1
riosjohn@example.com,1
hawkinsmitchell@@example.org,-1
jeffreygregory@@example.org,-1
wrodriguez @ example.com,-1
landerson@example.org,1
bbeck @ example.com,-1
esampson@examplecom,-1
teresa96@examplenet,-1
schneiderlydia@example.org,1
williampena@exampleorg,-1
donald34@example.com,1
erindavies@examplenet,-1
james79@example.com,1
ann50@example.org,1
patelmichael@example.net,1
brittany89example.net,-1
vanessa01@example.org,1
steven84@@example.org,-1
inguyen@example.com,1
heather12@example.com,1
mullinsashleyexample.org,-1
troynelson@example..org,-1
david97example.net,-1
hilljeremy@@example.com,-1
lanenancy@example.org,1
edwin49@example.com,1
janicekim@exampleorg,-1
seanstanley@@example.net,-1
carmen88@example.com,1
heatherpatterson@example.com,1
nrichards@example.net,1
bcaldwell@example.net,1
iwalker@example.com,1
robin88@exampleorg,-1
longyvette@@example.net,-1
ucox@example.com,1
lhubbard@example.com,1
qmorales@example.net,1
lperezexample.org,-1
oowens@example..org,-1
icalhoun@example.org,1
alexander88@example.net,1
janeburns@example.org,1
matthew02@example.net,1
michelle85@@example.net,-1
jacksonjames @ example.com,-1
keith07@example.org,1
clarkjason@@example.com,-1
ernest00@example.org,1
cruzlisa@example.com,1
hugheswilliam@example.org,1
wigginsjonathan@example.com,1
andreowens@example..com,-1
johnsondeborah@example..com,-1
coreyerickson@example.org,1
leedennis@example.net,1
johnbaker @ example.com,-1
autumn52@example.net,1
michael12@example.net,1
paige47 @ example.com,-1
pcampbell @ example.org,-1
andersonjane@@example.org,-1
fmelton@example.org,1
gabrielawinters@example.com,1
brendachang@example.org,1
gouldstacy@example.net,1
jacobsonjoshua@example..net,-1
sarahreid@example.com,1
grogers@example.com,1
amy55@example.org,1
ryan65example.net,-1
edward83@@example.com,-1
desiree73 @ example.org,-1
franklinmaureen@example.com,1
alexanderrebecca@example.net,1
nicholas77@example.org,1
gallegoscassandra@example..com,-1
fnorris@example.net,1
mary64@example.com,1
guzmanderek@example..com,-1
seanruiz@examplenet,-1
elizabeth12@example.net,1
nhoover@exampleorg,-1
guzmanchase@@example.org,-1
ewilsonexample.com,-1
padillaerin@example.com,1
jrichards@example.com,1
sellersdana@exampleorg,-1
grayjanet@example.net,1
rodrigueznathan@example.net,1
xparrish@example..com,-1
weisscarol@exampleorg,-1
rodriguezbenjaminexample.com,-1
sharon80example.com,-1
heather80@example.org,1
caseshelby@example.org,1
qwoods@example.com,1
nicole62example.com,-1
cpatterson@example.com,1
vincentbryan@examplecom,-1
lbailey@example.org,1
hendersonjoseph @ example.org,-1
matthew96example.org,-1
alexis08@example..org,-1
rachelpatrick @ example.net,-1
tonycolon@example.net,1
lisaanderson@example.com,1
judyknox@example.com,1
keith60@example.org,1
lancelopez @ example.org,-1
dlarsen@example.net,1
lisa66@example.com,1
bradleypadilla@example.com,1
paul31 @ example.org,-1
millerdanielle@@example.com,-1
pdean@example.net,1
stephenbarron@example.com,1
jameswood@exampleorg,-1
jonesnicholas@@example.org,-1
cgill@@example.org,-1
hkingexample.net,-1
thomasmichael@example..org,-1
westmichael@example.net,1
qmarshall@example.com,1
mendezandres@examplecom,-1
lisahoward@examplenet,-1
laurie26@@example.com,-1
cathyodom@example.net,1
ericnguyen@example..net,-1
sthomas@examplenet,-1
lisarobinson@example.com,1
lindabrown@example.net,1
ashley71@example.org,1
richardsjohn@example..com,-1
richardsonchristineexample.org,-1
washingtonisaiah@example.com,1
eugenemalone@example..org,-1
pmoore@examplecom,-1
nicolesmith @ example.net,-1
ttaylor@example.net,1
jmann@example.com,1
reyesgabrielexample.net,-1
svazquez@exampleorg,-1
nicolemartin@example.org,1
jacob38@example.net,1
jrosales@example..net,-1
ntaylor@examplecom,-1
donnaarcher@examplecom,-1
johnnelson @ example.org,-1
matthewkim@example.org,1
xconley@example.org,1
randyhill@@example.com,-1
betty44@example.org,1
bryantjamie@example.com,1
atran@@example.net,-1
mestrada@example.net,1
gomezjimmyexample.net,-1
dianahall@example.net,1
regina63@example..net,-1
fbooth@example.net,1
brittany08@example.com,1
gravestiffany@example.org,1
bcunningham@example.net,1
nicholas82 @ example.com,-1
kimberly88@example.org,1
sarah99@example.org,1
nbyrd@example.com,1
greenmaryexample.org,-1
leeduncan@example..com,-1
michael58@@example.com,-1
jonathan22@example.org,1
floresdarlene@example.org,1
carrie30@example.net,1
erikamorrisexample.org,-1
petercowan@examplecom,-1
stevenjohnson@example..com,-1
emily19@example.org,1
iparks@example.com,1
kimberly94@example.net,1
josephlamb@@example.org,-1
scortez@examplenet,-1
deborah97@example.net,1
tanya96@example..com,-1
gwilliamson@example.org,1
jturner@example..net,-1
jenniferryan@@example.org,-1
lepatricia@exampleorg,-1
kayla84@example.net,1
kbrown@example.com,1
nathaniel24@example.com,1
asmithexample.net,-1
lisa08@@example.org,-1
morganbrenda@example.org,1
debra34@example..com,-1
thompsonjohn@example.org,1
welliott@@example.com,-1
cthomas@example.net,1
aliciasanchez@example.com,1
bradley08@example.net,1
mikespencer@example.net,1
smithgeorge @ example.com,-1
jenniferrhodes@example.org,1
haasfrederick @ example.net,-1
ariasdaniel@examplecom,-1
hansonjason@example.net,1
bernarddebra@example.net,1
hramos@example.com,1
bautistatheresa@exampleorg,-1
lgarcia @ example.org,-1
adamsjamie@examplecom,-1
williamsisabella@example.net,1
frederickschwartz@example.org,1
michelle18@example.org,1
carlos50@example..org,-1
savannahnelson@example.net,1
john75@example.com,1
tracy02@example..com,-1
sgarcia@example.org,1
jessicawalsh@example.org,1
barnettmark@example.net,1
xgarner@example.org,1
wmartin@examplenet,-1
dward@example..net,-1
pricewilliam@examplenet,-1
dennismartinez@@example.com,-1
leepeter@example.com,1
mwood@example.net,1
wigginsmathewexample.com,-1
matthew32@examplenet,-1
kingbrian@examplenet,-1
thomasjeffery@example.org,1
lanekathleen@example..net,-1
timothy19@example.org,1
kimnorton@example.com,1
riverabrian@example.com,1
ibrown@example.com,1
tmorrisexample.org,-1
harrisonbrittany@example.com,1
edeanexample.com,-1
priceangela @ example.com,-1
wilsonnicole@example..org,-1
michael11@example.org,1
joanna13@example.org,1
brandon89@example.org,1
jferrell@example..org,-1
greenamanda@example.com,1
murphydennis@example.org,1
donaldwhitney@@example.net,-1
karen56@example.net,1
thomas45@examplecom,-1
gruiz@@example.net,-1
yglenn@example.com,1
michaelgraham@example.net,1
dyoung@example.net,1
maryclark@example.org,1
shahandrea@@example.net,-1
lecarrie@example.com,1
april32@@example.net,-1
jacqueline99@example.org,1
matthewslisa@example.com,1
christine94 @ example.com,-1
josephjohnson@@example.com,-1
alexander19@@example.com,-1
brooksdiana@@example.com,-1
bclark@example.com,1
edorsey@example..org,-1
kenneth10@@example.com,-1
kelli99@example.org,1
johnpotter@example.org,1
mary77@example.com,1
brian60example.org,-1
savagehenry@example.org,1
mtravis@example.net,1
wortega@example..org,-1
brianreyes@example.net,1
lthomas@example.com,1
khickman@example..com,-1
monica79@example.org,1
alan54@example.net,1
branchmichael@example.com,1
morenokelly@@example.net,-1
owalsh@example.org,1
butlerlevi@@example.net,-1
tinagordon@example.net,1
collinssandraexample.org,-1
qcollins@example..net,-1
qcampbell@example.com,1
nlambert@example.net,1
gonzalezwilliam@@example.org,-1
priscilla07@example.net,1
jvincent@@example.net,-1
brandybell@examplecom,-1
matthew63@example.com,1
egiles @ example.org,-1
brandon43 @ example.net,-1
laura51@example.org,1
joseph38@example.com,1
brussell@@example.net,-1
frederick31example.net,-1
pottermichelle@example.org,1
aford@examplenet,-1
laurenward @ example.org,-1
amy09@examplecom,-1
dawnbrown@@example.org,-1
kaitlinjohnson@example..net,-1
chad19@example..org,-1
qmyers@example.com,1
brandonwilliams@example.com,1
frenchmegan@example..com,-1
andrea71@@example.net,-1
dmorales@examplecom,-1
kristen87@exampleorg,-1
price @ example.net,-1
jbrownexample.com,-1
ruthwood @ example.org,-1
eprice@example.org,1
daniel64@examplenet,-1
marthaoconnell @ example.net,-1
stacyfreeman@example.org,1
alvarezdawn @ example.org,-1
fkoch @ example.com,-1
nicholsjessica@example.com,1
jwallace @ example.net,-1
dsweeney@example.org,1
melissa57@example.org,1
melanielittle@@example.org,-1
brownjeremiah@example.com,1
munozchris@@example.com,-1
alyssa08 @ example.com,-1
kpatterson@example.com,1
lmyers @ example.org,-1
hollyallen@example.net,1
stevensdesiree@example.net,1
cking@example.com,1
malonecody@examplecom,-1
zimmermancatherineexample.com,-1
andrew23@example.net,1
franklinraymond@example..net,-1
markrivera@example.org,1
andrewharrison@example.net,1
andrewsmiguel@example.com,1
isaacsimmons@@example.com,-1
jvega@example.net,1
robert70example.net,-1
mendozabarry@example.org,1
mary71 @ example.org,-1
chanjose@example..net,-1
audrey22@example.net,1
lisa89 @ example.net,-1
stephen30@example.com,1
jsantiago@example.com,1
brownbradley@example.org,1
lindsaysanchez@example.com,1
pamela69@example.net,1
jortiz@example.net,1
joelpittman@example..org,-1
michaelsoto@example.org,1
linda47@example.com,1
marynguyen@example..net,-1
zachary30 @ example.net,-1
thompsonhenryexample.org,-1
reyessamantha@example.net,1
allisontaylor@example.org,1
alexis04@examplecom,-1
rsimmons@@example.org,-1
samantha39 @ example.net,-1
becknicole@examplecom,-1
valentinecarrie@example.com,1
lharvey@example.com,1
craigcohen@example.net,1
zhill@example..net,-1
powellhector@@example.com,-1
ortizmichael@example.org,1
jjensen@example.org,1
dwardexample.org,-1
jessica62@exampleorg,-1
crystalfranklin@example.com,1
kylearias@example.org,1
timothy83@example..com,-1
joshuaglassexample.org,-1
donald16 @ example.com,-1
erodgers@examplecom,-1
kmccarthy@example.com,1
cynthiayoung@examplenet,-1
desireehenry@exampleorg,-1
anthonyjones@example..net,-1
garrettandrea@examplecom,-1
williamsjeffreyexample.net,-1
christopherjenkins@@example.com,-1
kelleychris@example.net,1
julieroberts@examplecom,-1
carterkristina@example..org,-1
meganlopez @ example.com,-1
grimesjeffrey@example.com,1
harristroyexample.org,-1
melissa25 @ example.net,-1
sbrady@example.net,1
doylestephanie@example.net,1
baileymccoyexample.org,-1
gbaker@example.com,1
ukelley@example.net,1
bbarton@examplecom,-1
xfuentes@example.com,1
heather12@example.net,1
slopez@examplenet,-1
matthew87@@example.com,-1
oking@example.org,1
lauren60@example.com,1
melanie17@example.org,1
dylanharrisexample.org,-1
michaelrodriguez@example.com,1
brooksjorge@example.org,1
glendaharrison@@example.com,-1
joshuagarcia@@example.org,-1
alexis89@@example.net,-1
gerald31@example.org,1
harriserin@example.com,1
jeffrey93@example.com,1
natasha89@example.org,1
munozjeffery@example.org,1
davidpayneexample.org,-1
karenhendrix@example.com,1
crawfordjennifer@examplenet,-1
wrightdawn@example.com,1
bnguyen @ example.net,-1
timothy78@example.com,1
bglenn@example.org,1
lflores@example.net,1
stephanie79@example.org,1
jwallaceexample.com,-1
tracieosborn@example.com,1
josephbrock@example.com,1
susan41@example.net,1
birdashlee@examplecom,-1
tgarcia@example.com,1
jorgegould@example.net,1
katiesalas@example.com,1
raymondwilson@examplenet,-1
stanleymaxwell@examplenet,-1
thompsonmanuel @ example.org,-1
kristinagordon@example..net,-1
michaelmoore@example.com,1
jordanbrown@example..net,-1
charris@example.org,1
nicholas86@example.org,1
heidi83@example.org,1
gordonjordanexample.net,-1
hallmarisa@example.org,1
abigail20@example.com,1
urussell@examplecom,-1
amanda54example.net,-1
parkerjohn@example.com,1
tonyanelson@example.net,1
pwilliams@example.net,1
harold04@@example.net,-1
nquinnexample.net,-1
loconnor@@example.net,-1
kstout@example.org,1
rkennedy@example..net,-1
nhiggins@example.net,1
ysullivan@exampleorg,-1
charlessanchez @ example.org,-1
hernandezvictoria@example.com,1
dtorres @ example.com,-1
davidreed@example.com,1
svaldezexample.com,-1
jknight@example.org,1
mirandaamber@example..net,-1
rachel07@example.net,1
amber98@example..com,-1
garnerdouglas@example.com,1
dillonvaughan@example.net,1
carol05@examplenet,-1
paynetheresa@@example.org,-1
john88@@example.net,-1
alawrence@example.net,1
janderson@example.org,1
nsnyderexample.org,-1
laurenjordan@example.com,1
bartlettchristy@example.net,1
nancypadilla@exampleorg,-1
michaelpark@example.net,1
vaughnbrandon@example.net,1
avelasquez@example.org,1
turnerpamelaexample.com,-1
jaimelarsenexample.net,-1
julia51@@example.net,-1
edwardosborneexample.com,-1
qmontoya@examplecom,-1
christopher40 @ example.org,-1
charleschavez@example.org,1
beasleyrose@example.com,1
nicholas87@example..org,-1
janet73@example.org,1
rachel70example.net,-1
tammysmith@example.org,1
olsengeorge@@example.net,-1
aray@@example.org,-1
cpeck@example..com,-1
sandovalthomas @ example.org,-1
justinjackson@@example.com,-1
alexanderkennedy@example.org,1
amandacrawford@example.com,1
gordonrichard@example.org,1
johnsondavid @ example.org,-1
johnathanmorgan@exampleorg,-1
rcarter@example.org,1
linda49@examplenet,-1
virginiarowland@example..com,-1
christopher83@example.com,1
michaeljohnson@example.net,1
stewartjessica@example.org,1
corey75example.org,-1
ujohnston@example.org,1
leah14@@example.net,-1
laurahill@example.net,1
sean76 @ example.org,-1
abailey @ example.net,-1
ryangriffinexample.com,-1
grahamchristian@example.net,1
jorge08@example.org,1
vfullerexample.com,-1
barkermegan@example..net,-1
marisa04@examplenet,-1
richarddavid@example..com,-1
andrewcamposexample.com,-1
parkerjenna@example.com,1
garycox@example.org,1
elizabeth45@exampleorg,-1
samuel09 @ example.com,-1
cookelindsay@example.org,1
terri96@example.org,1
drobinson@example.org,1
icallahanexample.com,-1
grayadam@example.net,1
rebecca40@example..net,-1
edeleonexample.net,-1
tapiaelizabeth@@example.com,-1
josephalvarado @ example.com,-1
bthornton@example.org,1
rjones @ example.com,-1
christopher24@exampleorg,-1
jefferythompson@@example.org,-1
nicholas72example.org,-1
anitachurch@example.org,1
silvasteven@examplecom,-1
richardspears@examplecom,-1
fbrown@example.com,1
zgregory@example.org,1
bradley29@example.net,1
jeremiahanderson@example..net,-1
vbird@example.net,1
daniel50@example.org,1
codyleonard@example.org,1
kristin96@@example.org,-1
liuana@example.net,1
bryanbanks@example.org,1
stephanieallen@examplecom,-1
william78@example.org,1
debra33@example.org,1
nflores@@example.net,-1
millerdanielleexample.com,-1
shane26@example.net,1
kathrynguzman@example.org,1
johnsonlisa@example.net,1
jacquelinefitzgerald@example..org,-1
maryburns@example.net,1
jesus27@example.com,1
acostacaleb@example.org,1
roydavisexample.com,-1
chenkaren@@example.org,-1
jasonpierceexample.org,-1
kyle21@example.org,1
darrell21@example.org,1
jerry58@examplecom,-1
lisa92@example.org,1
neil01@examplecom,-1
bassmichael@example.net,1
comptondylanexample.org,-1
hartmanricky@example.org,1
amy96@examplenet,-1
april99 @ example.net,-1
freemanashley@example..net,-1
melissa81 @ example.net,-1
charlesbullock@example.com,1
brittany41 @ example.net,-1
mcguireruth@@example.net,-1
lanceobrien@example.com,1
mark31@@example.net,-1
martinezcassandra @ example.net,-1
john11example.net,-1
christopherdoyle@exampleorg,-1
smithsheila@example.com,1
ghall@examplecom,-1
johnballexample.com,-1
christopher22 @ example.org,-1
nhenry@example.org,1
anthony77 @ example.org,-1
xromero@@example.com,-1
kelly43@example..org,-1
timothy66@example.org,1
jasonmorgan@example.org,1
adamwilliams@example.net,1
travisalexa@example.org,1
huffmanteresaexample.com,-1
jacksonsarah@example.net,1
amanda96@example.net,1
justinclarke@example.com,1
amylawson@example.net,1
thomaslaura @ example.org,-1
cruzbarbara@example.org,1
joshua62@example.com,1
emily53@examplecom,-1
traciscott@example.org,1
cardenassamantha@example.com,1
rebekah15@example.net,1
davesanford@example..com,-1
cohencynthia@example.net,1
jrobinson@example..net,-1
richard51@example.com,1
ecraig@example.net,1
patrick54example.org,-1
ruizkristina@@example.net,-1
karenkelly@example.net,1
lorimitchell@example.net,1
patriciajuarez@example.com,1
davidharrell@@example.net,-1
maureen83example.net,-1
joelsmith @ example.net,-1
turnerchristopher @ example.org,-1
hardymary@example.org,1
brandonscott@exampleorg,-1
dmatthews@example.com,1
kentedward@example.org,1
huertajames@example.net,1
smithcandiceexample.net,-1
dennis44example.org,-1
carl49@example.org,1
perryjessica @ example.net,-1
rollinslori@example.com,1
ehunter@examplenet,-1
portiz@example.net,1
mikayla08@example.org,1
gutierrezmaria@example.com,1
ashleyjohnsonexample.org,-1
michaelnelson@example.org,1
zdavila@example.net,1
christopherhernandez @ example.com,-1
larry16@example.com,1
mcgeemark@example.net,1
matthewjohnston@@example.org,-1
melanie30@exampleorg,-1
williamsnina@example.org,1
smoore@example.com,1
christina46@@example.org,-1
james38@example.com,1
thompsonsusan@@example.org,-1
ujimenez@example.org,1
guerrerotammy@example.net,1
careyheidi@@example.org,-1
amandahernandez@example.net,1
rswanson@example.com,1
samuel43@@example.net,-1
garciapaul@example.net,1
zmarshall@example.com,1
meredithirwin@example.com,1
patrickstafford@exampleorg,-1
dianesanchez@example.org,1
athompsonexample.com,-1
william62@example.org,1
kyledaniel@example.org,1
ruizmarissa@examplecom,-1
melissa05@example.org,1
jeremy99 @ example.com,-1
sethsoto@example.net,1
baxtermegan@example.net,1
jthomas@example.com,1
tracyjones@@example.com,-1
cantuedwin @ example.com,-1
veronicagarza@example.net,1
salinasrobert@@example.org,-1
rmendez@examplenet,-1
janetwalker@example.com,1
campbellpeter@example.org,1
zneal@example.com,1
lisarossexample.net,-1
brenda67@example.com,1
bobby09@example.com,1
stevensonbryan@example.net,1
sarah20@exampleorg,-1
scottjohnson@example.org,1
fallen@examplenet,-1
austintony@example.org,1
airwin@example..com,-1
dstevenson@@example.org,-1
susanross@example.org,1
jeremiahharrison@@example.org,-1
jonathan39@example.net,1
tiffany63@example..org,-1
michaellopez@example..com,-1
dwatkins @ example.com,-1
bsweeney@example.com,1
john76@@example.net,-1
natalielewis@@example.net,-1
ralph93@example.org,1
kennedymichelle@example.net,1
jrios@example.net,1
wilsonpaul@example..org,-1
kathleenrangelexample.org,-1
robinsonmichael@@example.net,-1
tiffanycarter@example.com,1
opeterson@example.net,1
kmitchell@@example.net,-1
justinmiller@example.org,1
wilsonmichael @ example.net,-1
benjaminsnyder@example.com,1
andrewdiazexample.org,-1
valerie81@example..com,-1
sullivanchristopher@example.net,1
kelly18example.com,-1
rachelklein@example.net,1
gdaniel @ example.net,-1
michael46@example.net,1
cody58@@example.org,-1
fosterkimberly @ example.com,-1
scottpam@@example.org,-1
john98@example..org,-1
kim67@example..org,-1
garciachristine@example.org,1
tonyabecker@example.net,1
tracymiller@example.net,1
robertwiseexample.org,-1
wilsontroy @ example.org,-1
kimberlymcdonald@example..com,-1
bbenton@examplecom,-1
alison66@@example.org,-1
ffowler@example.net,1
gloverjamie@example.com,1
breynolds@examplecom,-1
mary24@example.org,1
russellkimberly@example.com,1
ann25@example.com,1
sharoncole@example.net,1
mcneilmary@example.org,1
pamela65@examplenet,-1
kbooth@examplecom,-1
carly43example.org,-1
jaimewilliams@@example.org,-1
joshua99@example..com,-1
stephanie86@@example.org,-1
nthomas@@example.net,-1
jamiethomas@examplenet,-1
david45@example.org,1
johnbates@example.org,1
anthonybenton@@example.com,-1
morgananthony@example.net,1
virginia20@example..net,-1
april03 @ example.com,-1
stephen21@example.com,1
sara76@example.org,1
harrisonrebecca@@example.net,-1
rpeterson@example.net,1
phelpsmatthewexample.org,-1
david53@example.org,1
jamesmoore@example.com,1
marcuswalter@example..com,-1
alicestafford@exampleorg,-1
scrosby@@example.com,-1
rodgersheather@example.org,1
brenda91example.com,-1
jasonturner@@example.org,-1
jonesjennifer@example.net,1
wesley21example.org,-1
hbeck@example..org,-1
robertnavarro@example.com,1
gporterexample.org,-1
lauren51@example..net,-1
qschultz@@example.net,-1
julie42@@example.org,-1
norman40@example.net,1
stephaniepowell@example.net,1
mariawagner@example..net,-1
martinchristina@example.com,1
whernandez@examplenet,-1
kdiaz@example.net,1
morrisalan@exampleorg,-1
nealryan@example.com,1
lisa42@example.org,1
jasminelarson@example.org,1
mcclureclaudia@example.com,1
xmccann@example..org,-1
glennwatson@example.com,1
ohood@example.net,1
cynthiahale@example.net,1
biancaruiz@example.net,1
brendasanchez@examplecom,-1
ycarlson@examplenet,-1
tbarrera@example.org,1
lstevens @ example.org,-1
david44@example.net,1
ppope@@example.net,-1
hendersonjohn@example.com,1
kellynatalie@example.net,1
christine89@@example.com,-1
jacobpope@example.com,1
evanboyd@example.com,1
rebeccafisher@example.net,1
bdavis@example.org,1
mcmillanlisa@example..org,-1
hochoa@example.net,1
qrodriguez@example.org,1
millerlaura @ example.com,-1
cdean @ example.org,-1
jenniferbaker@example.com,1
claudia12@example.com,1
davilajohn @ example.org,-1
wolfjennifer@@example.net,-1
chad35 @ example.com,-1
catherine34@example.net,1
emily51@example.net,1
moralesmatthew@examplecom,-1
nmann@example..net,-1
christopher79@example..net,-1
bairdvickie@example.org,1
lorraine91@examplecom,-1
laura73@example..com,-1
mario57example.com,-1
ktownsendexample.org,-1
michaelbaker@example..net,-1
cooleymatthew @ example.org,-1
spencerethanexample.org,-1
mary30@example..com,-1
mendozabrianna@example.org,1
melissa10 @ example.net,-1
laura84@example.org,1
davidtodd @ example.com,-1
jonathan93@example.org,1
caseypeter@example.net,1
michaelrodriguez@example.org,1
hernandezmarvin@example.com,1
sharonfuller @ example.net,-1
shaneleon@examplenet,-1
mfisher@example.net,1
huntmichelleexample.net,-1
lisa45@example.com,1
joanne01@examplenet,-1
markpowers@example.net,1
yrossexample.org,-1
chadcarr @ example.org,-1
orobertson@examplenet,-1
daniel52@example.net,1
wburnett@example.com,1
ushepard@example.org,1
williamsfred@example.net,1
jacob78@example.com,1
kristenmacdonald@@example.com,-1
lindsay19@example.org,1
fcunningham@example.net,1
bryce41@example.com,1
sreynolds@example.com,1
grace19@example.net,1
garcianicole@example.net,1
kennedysue@example.com,1
oferguson@@example.org,-1
lhuang@example.com,1
oconnorstephen@example.org,1
vcarroll@example.org,1
marie16@example.net,1
clayton21@exampleorg,-1
thomas02@example.net,1
timothyjames@example.org,1
robertstafford@example..com,-1
sarahwalton@example..com,-1
hjames@@example.org,-1
bburgess@example.com,1
douglasclarkexample.org,-1
robinsontammy @ example.net,-1
royroberts@examplecom,-1
omatthews@examplecom,-1
nruiz@@example.net,-1
lisa65@examplenet,-1
michealhodge@example..org,-1
ronald78 @ example.com,-1
gfry@example.org,1
ellenanderson@example..com,-1
lunaphilip@example.com,1
banksadrian @ example.com,-1
steven72@example.com,1
danielrobinsonexample.org,-1
danielledennis@example.net,1
kurtreeseexample.net,-1
darlenekrueger@@example.com,-1
joshua84@example..org,-1
davidmoses@exampleorg,-1
chavezlinda@example.org,1
stephaniedean@example..net,-1
brayryan@examplenet,-1
lawrencerobert @ example.org,-1
davidgreene@example..com,-1
williamtorres@example.com,1
dscott @ example.net,-1
carsonmichael@example.org,1
andrewfitzgerald@example..net,-1
leeelijah@example.net,1
taylormatthew@example..net,-1
rcuevas@examplecom,-1
adamhart @ example.org,-1
hillmiguel@example.org,1
nwalker@@example.com,-1
kenneth01 @ example.com,-1
samantha69example.org,-1
robertmann@@example.net,-1
brianmartinez@example.com,1
lyoung@example.com,1
johnphillips@example.com,1
betty38 @ example.org,-1
samueljones@@example.com,-1
melissa54@example..com,-1
hflores@example.org,1
hawkinskatelyn@example.org,1
richardsonjillian@example.org,1
paul86@@example.com,-1
charlesburgess@examplenet,-1
edwardcross@example.org,1
rachel59@example..net,-1
xpitts@example..org,-1
masonwilliam@example.com,1
sthompson@example.com,1
daykimberly@@example.net,-1
zimmermantimothy@@example.com,-1
jacksonjenna @ example.com,-1
fwright@example.com,1
bruce46example.com,-1
carlsonkevin@example.com,1
autumn20@example.com,1
ghammond@example.com,1
bentleyashley @ example.com,-1
flemingjoshua@example.net,1
williemiller@example.com,1
dgutierrez @ example.com,-1
rcarlson@@example.net,-1
jenkinslisa@example.net,1
edward87@@example.org,-1
bsawyer@example.net,1
jessica05 @ example.net,-1
williamsingleton@exampleorg,-1
wareangela@example.net,1
nmiranda@example.com,1
corey37@example.net,1
sanchezjessica@example.org,1
ronald91@example.com,1
khampton@example..com,-1
brandidavis@@example.org,-1
steven63@example..com,-1
jason52example.org,-1
scottpayne@example.org,1
jacobmartinez @ example.org,-1
haley50@example..net,-1
dylan57example.org,-1
vanessastafford@example.net,1
jacobroberts @ example.net,-1
nathansmith@example.com,1
amanda04@example..com,-1
lcantrell@example..com,-1
jasmine33@examplenet,-1
yhawkinsexample.com,-1
deborah18@example.com,1
john65@example.org,1
tara42@example.net,1
nicole31@example.com,1
collinsdavid@example.com,1
murrayjeffrey@example.com,1
wesleygordonexample.com,-1
sarah18@example.org,1
howardnatalie@@example.com,-1
pamelamunozexample.net,-1
thomasgross@examplecom,-1
williamstina@example.net,1
davisernest@example..net,-1
ryan94@example.net,1
vazquezalicia@examplecom,-1
kimberlydeleon @ example.net,-1
hannah28@example.net,1
nrhodes@example.com,1
williamsbrenda@example.org,1
jonesbrandon@example.net,1
donaldjohnson@examplecom,-1
kimberlymolina@example.org,1
browningsteven@example.org,1
larrybrown@example..net,-1
joshua38@example.net,1
michaelperkins@example.net,1
youngkari@example.net,1
ureid@example.com,1
williamsmorgan@@example.org,-1
peckangela@example.com,1
abigailowens@example.org,1
danielletran@example.org,1
rickylarson@example.net,1
nwalker@example.com,1
daviddiaz@example.org,1
cameronanderson@@example.net,-1
rebecca45example.net,-1
terrylouis@@example.org,-1
morrowdanielle@@example.org,-1
brianparker@example..org,-1
markfields@example.com,1
davidmontgomery@example.com,1
barrettangela@@example.org,-1
brenda28@example.org,1
manuelfischer @ example.org,-1
maria12@exampleorg,-1
pamelagarcia @ example.com,-1
carrie66@example.net,1
dawn18@example..com,-1
rileyhoward@example..net,-1
johnsonzachary@example.net,1
michaelvazquez@example..com,-1
hermanjennifer@example.com,1
acruz@example.net,1
jeremy51 @ example.com,-1
andersonchristinaexample.com,-1
bflynn@example.net,1
wpowell @ example.com,-1
nparks@example.net,1
blong@example.org,1
anthonybuchanan@example.net,1
kellybaker @ example.net,-1
juliemccall@example..org,-1
christy81@example..net,-1
shuynh@example.org,1
joseph08@example.org,1
susan39@example.org,1
amyjackson@example.com,1
jeffrey36@exampleorg,-1
mboyer@example.org,1
anthonyshort@example.net,1
dean24@example.com,1
ashleychavez@@example.com,-1
morrisnancy@example.com,1
olsonanna@examplecom,-1
jensenerica@examplenet,-1
josemacdonald@example.net,1
larry39@example.net,1
john21@example.org,1
sandrajohnsonexample.net,-1
rboyd@example.org,1
echarles@@example.org,-1
brandtthomas@example.net,1
fsanchez@example.com,1
lesliecummings@example.org,1
zaustin@example.org,1
barbara03@example.org,1
schmidtnicole@@example.org,-1
hharris@example.org,1
sarah76@exampleorg,-1
courtney19@examplecom,-1
johnsonjohn@examplecom,-1
andrew47@@example.net,-1
ddrakeexample.com,-1
jesus05@example.net,1
april49@@example.org,-1
cpadilla@example.net,1
moorebrian@example.net,1
finleykristin@exampleorg,-1
xcalhoun@example..net,-1
whudson@example.net,1
herreraevan@example.org,1
pmartinezexample.net,-1
mcdonaldtravis@example.com,1
colemanjames@example.net,1
zlucas@@example.net,-1
brittanychandler@example.org,1
johnbauer@example..net,-1
levi90@example..net,-1
jamiehall@example.org,1
kchase@example..net,-1
jeffbenson@example..org,-1
edwardsandrew@@example.com,-1
eday@example.com,1
lauralopez@example.net,1
curtis27example.net,-1
samanthacaldwell@example.com,1
parkerabigail@@example.org,-1
hayleypark@exampleorg,-1
samuelwheeler@example.org,1
ianward @ example.com,-1
philipgreer@@example.net,-1
osbornkimberly @ example.com,-1
tiffanysmith @ example.net,-1
pottsderek@example.org,1
hdecker@@example.org,-1
michael31@@example.net,-1
gwhite@example..org,-1
derrick49@example.org,1
jameshartman@@example.net,-1
victoria98example.org,-1
rachelelliott@example.com,1
martinmorgan@example.com,1
mary47@example.net,1
hillrobert@example..org,-1
leahmeza @ example.com,-1
nguyenpamela@examplecom,-1
steven46@example.net,1
nicolenolan@example..com,-1
larrypowers@example.org,1
esimmonsexample.org,-1
urandall@example.com,1
uwilliamsexample.net,-1
simonjoshua@example.net,1
mgonzalez@example.net,1
pstokes@example.org,1
tarellanoexample.org,-1
cbishop@example.com,1
qbellexample.org,-1
tracy79@example.net,1
dennis52@example.com,1
annemarshall@example.org,1
melaniebennett @ example.org,-1
jessica41@example.org,1
kimdavid@example.org,1
johnsontheresa@example.com,1
michaelelizabeth@example.net,1
leslie67 @ example.net,-1
austin52@example.com,1
sherryjames@example.net,1
lisacrane@example..net,-1
doylejennifer@example.org,1
qcooper@example.com,1
kristinajackson@example.net,1
marktaylor@example.net,1
oscarmurphy @ example.com,-1
singhwilliam@example.net,1
randy94 @ example.net,-1
carly54example.com,-1
pamela82@exampleorg,-1
turnerjose @ example.com,-1
twells@example..net,-1
brownaaron@example.net,1
randrews@example.net,1
jessica58@example.org,1
oharvey @ example.org,-1
taralee@example.net,1
johnsondeborah@example.org,1
joseph49@example.org,1
fallenexample.net,-1
heather56@example.net,1
shirley81 @ example.net,-1
lewisstephanie@example.com,1
fred33@example.com,1
travis06@example.net,1
erika27 @ example.org,-1
willisvictoria@@example.org,-1
ealexander@example.net,1
rodriguezjulia @ example.net,-1
heidi03@example.org,1
kimalejandro@example.org,1
rebecca25@exampleorg,-1
william46 @ example.net,-1
simonalexis@example.net,1
jessicawebb@example.com,1
tommybrewerexample.net,-1
billbaker@example.org,1
ralph84@example.com,1
nicole18example.com,-1
jack17@@example.com,-1
colton03@example.com,1
plee@example.net,1
amymoodyexample.org,-1
bryangrimes@example.com,1
youngjason@example.org,1
michael05example.com,-1
michael26@example.org,1
ysummers@example.org,1
joseph10@example.net,1
cherylbennett@example.com,1
kimberly40@example.org,1
qgarner @ example.com,-1
cartervincent@@example.org,-1
joanbowen@example.com,1
collin73example.com,-1
patrickroberson@example.com,1
turnerderrick@example.com,1
bondmckenzie@example.org,1
karenbell@@example.net,-1
joshuasweeney@example..com,-1
onelson@@example.com,-1
riveraeduardo@example.org,1
ann05 @ example.net,-1
weisskristen@example.org,1
coffeyaaron @ example.net,-1
lking@example.net,1
fernandezmichaelexample.com,-1
jonathan54@example.com,1
timothygibbs@example.org,1
carolyoung @ example.com,-1
perezraymond@examplenet,-1
codyjohnsonexample.com,-1
singhmichael@example.com,1
michael05@example.com,1
veronicalynn@example..org,-1
oorozco@example.com,1
qwest@example.net,1
michelle47@example.org,1
cynthiabullock@examplenet,-1
clarkkathryn@example.com,1
larry12@exampleorg,-1
ellismary@example.org,1
gyates@example.net,1
aroblesexample.org,-1
donnapreston@example.org,1
matthew96@example.net,1
rrodriguez@example..com,-1
antonioowensexample.org,-1
sanchezmelissa@example.org,1
allenglenn@exampleorg,-1
juanmora@@example.net,-1
mcgrathanna@example.net,1
alexford@@example.org,-1
gsmithexample.org,-1
seth35@example.net,1
cassandra50@example.net,1
cevans@example.net,1
respinoza@example.net,1
david62@example.org,1
ashley93@@example.net,-1
daniel61@example..com,-1
ericaduarte@example.com,1
sarahbrady@example.com,1
jenniferhiggins@@example.org,-1
greenbrianexample.net,-1
thomas70@example.net,1
sarahward@example.com,1
bobbybrady@example..org,-1
melissarivera@example.net,1
yatesbruce@example.net,1
pricetrevor@example..org,-1
diana40@@example.org,-1
olewis@example..com,-1
brittany99@example.com,1
karen92@example..net,-1
nancy24@example.com,1
mgardner @ example.org,-1
rvaughan@example..com,-1
zcampbell@example.org,1
tiffany92@example.org,1
egiles @ example.com,-1
bmiller@@example.net,-1
ramirezadam@example..net,-1
jferguson@example.org,1
barberrhonda@@example.net,-1
pattersonrobert@@example.org,-1
stevenvargas@example.org,1
william63@exampleorg,-1
jenniferbuckley@example.org,1
lynn62@example.com,1
chavezpatricia@example.net,1
anthonylowery@example.com,1
swhite@example.net,1
earl06@example.net,1
richardbrown@example.org,1
jeffreyflores@example..com,-1
lorikhan@@example.com,-1
lhudson@example..org,-1
fberger@examplecom,-1
danasimpson@example.net,1
thorntonlauraexample.org,-1
kathleen09@example.org,1
james34@@example.org,-1
allisonharris@example.net,1
deborah36@example.com,1
jillian10@examplecom,-1
wrightmatthew@example.com,1
paul19@example.org,1
jeffreyparsons @ example.net,-1
dominguezbenjamin@examplecom,-1
katelyndavilaexample.org,-1
abigailmorgan@@example.com,-1
stephen17 @ example.org,-1
dawnmckenzie @ example.com,-1
bryanoneill@example.com,1
kimberly03@example.net,1
oreed@example.net,1
kristin92@examplenet,-1
jeremysoto@example.net,1
andrea79@example.net,1
dennis31@example.org,1
ofischer@examplecom,-1
dawn69example.org,-1
amartinez@examplecom,-1
franknelson@examplecom,-1
vsmith@examplenet,-1
barnestyler@example..org,-1
benjamin26@examplenet,-1
jennifermata@example.net,1
cmartinez@example.net,1
ashleysheryl@example.org,1
alexanderdaniel@example.org,1
josebarnes@example.org,1
davidrose@@example.org,-1
robinrichardson@examplenet,-1
yfields@example.org,1
seanjuarez@example..com,-1
megan73@@example.net,-1
kristajenkins@example.com,1
laurie57@@example.com,-1
kennethclark @ example.org,-1
jaredthomas @ example.com,-1
hooperkristen@example.net,1
toddshaw@example.net,1
davischase@example.net,1
jeremy72@example.com,1
edward13@example.com,1
oconnellstephanie @ example.net,-1
ecurtis@example.net,1
kimchristopher @ example.net,-1
floresemma@example.com,1
pdorsey@example..net,-1
aaron95@@example.com,-1
adam83@examplenet,-1
mwilliams@example..org,-1
jose05@exampleorg,-1
shawnasmith@examplenet,-1
pooleabigail@@example.org,-1
oroberts@example.net,1
taylorandrea@example.org,1
ygarcia@example.org,1
jamesrodgers@example.com,1
nicolejames@example.com,1
gdiaz@exampleorg,-1
iwilliams@example..com,-1
kendracamacho@@example.org,-1
stevengreene@example..org,-1
brittany24@example.net,1
susan74@example.com,1
rramirez@exampleorg,-1
smcdonald@exampleorg,-1
joy15 @ example.net,-1
thuber @ example.org,-1
timothy15@@example.net,-1
scosta@examplenet,-1
ryan21@example.net,1
perezdavid@example.org,1
james05@example.com,1
douglasmichael@example.org,1
nelsonjason@example.com,1
isaacmcfarland@example.org,1
lunamary@example.net,1
martinrobert @ example.net,-1
dennisrussell@example..net,-1
mendezsheila@example.com,1
nwilson @ example.org,-1
stevengray@example.net,1
banderson@example.net,1
ryanbutler@@example.com,-1
anthony19@example.com,1
cindyguzman@@example.net,-1
sara17example.com,-1
jessicastone@example.com,1
rileychris@example.net,1
cdavis@exampleorg,-1
awest@@example.net,-1
shawnmartinez@@example.com,-1
heatherespinoza@example.org,1
andersonrebecca@example.org,1
llong @ example.org,-1
michelletaylorexample.org,-1
gonzalezkevin@example.com,1
brittany93@example.com,1
schristensen@@example.com,-1
xbuckley@example.com,1
joseph50@example.com,1
joshuasimmons@example.com,1
philip10@example.com,1
erica86 @ example.org,-1
norozco@examplecom,-1
martinedward@example..net,-1
william95@example..org,-1
sarahjackson@example.net,1
beckerlisa @ example.net,-1
kmitchell@example.org,1
michaelanderson@example.org,1
christina88 @ example.com,-1
lindseymeredith@example.com,1
ppatel@example.com,1
teresa24example.net,-1
thomasjacob@examplecom,-1
bernardevanexample.net,-1
csmithexample.org,-1
xparker @ example.net,-1
grantjulie@@example.net,-1
suarezjulie@example.com,1
beanbeth@example.com,1
svincentexample.com,-1
lisa54@examplenet,-1
richard22@examplecom,-1
edwardmoore@example.net,1
rothkevin @ example.org,-1
robert27 @ example.org,-1
wendywiley@examplecom,-1
shermankaren@example..com,-1
tammy37example.org,-1
bserrano@example.net,1
christopher71@example.org,1
victoria17@example.com,1
ryoung@example.net,1
jessicamack@example.org,1
nwashington @ example.com,-1
grantshannon@examplecom,-1
randall30 @ example.org,-1
daniellewalker@example.com,1
johnsondebra@example.net,1
dylanwest@example.com,1
jay06example.org,-1
tsims@@example.com,-1
stephaniegonzales@examplenet,-1
victor69@example.net,1
fisherjulie@example.net,1
ygarcia@example.net,1
tanya62example.org,-1
lmcdonald@examplenet,-1
heidimontgomery@example.org,1
lbeck @ example.net,-1
vweber@example.net,1
michaelwardexample.net,-1
singletonrachael@example.com,1
jortizexample.net,-1
bruce02@example.net,1
jessica75 @ example.net,-1
sbryant@example.net,1
brenda16example.com,-1
christopherfoster @ example.com,-1
tiffanymacdonald@example.org,1
haleelizabeth@examplenet,-1
lisa32@example.org,1
fjonesexample.com,-1
markpetty@examplecom,-1
kelsey91example.net,-1
james66@example.org,1
sarasmith@example.org,1
rbaird@example..org,-1
jasmin55@examplenet,-1
bradleyamanda@example.org,1
aaronneal@examplenet,-1
ryan12@example.com,1
ingramdenise@example.com,1
qwolfe@example.net,1
xwilkins@example..org,-1
kellyjohn @ example.net,-1
williamjones@example..com,-1
ykellyexample.org,-1
andrejamesexample.net,-1
amandamarsh@examplecom,-1
andrea76@example.com,1
daniel26example.com,-1
stewartashley@example.net,1
debrabowers@@example.org,-1
danny45@@example.net,-1
holly81@example.com,1
ericksonmeghan@exampleorg,-1
kellifarrell@example.com,1
tammy51@example.com,1
richardortega@example.net,1
kimberly51@example.com,1
castillosamuel@example.org,1
jasonharris@example.net,1
hannah63 @ example.com,-1
yjohnston @ example.org,-1
bryan95@example.com,1
ohudson @ example.com,-1
barbarafox@examplenet,-1
chelsea82@example.com,1
lisa77@example.org,1
whall@example.com,1
jessica60@example.com,1
vgibson@example.com,1
jeremysmith@example..com,-1
megantaylor@example.com,1
isaac46@examplenet,-1
ericavega@example.com,1
justin22example.com,-1
rhonda24@@example.org,-1
stewartscott@@example.com,-1
robertsdavid@example.org,1
randywalker@exampleorg,-1
jennifer80@example.net,1
laurie54@example.org,1
chriscortez@exampleorg,-1
ofrancoexample.net,-1
burnsrussell@example.org,1
pdillon@example..com,-1
turnerwilliam@examplenet,-1
monicawarren@example.org,1
robinsonkevin@example.com,1
williamhillexample.net,-1
wthomas@example.com,1
josepharellano@@example.com,-1
annschultz@example.com,1
gharrison@exampleorg,-1
nicholasbrooks @ example.net,-1
stewartshannon@example..org,-1
djackson@example.org,1
sophiaoneill@example.org,1
gavinreyes@example.org,1
samuel82@example..net,-1
kelliott@example.com,1
lmartin@example..org,-1
victoriaduran@@example.org,-1
awoods@examplecom,-1
ywebb@example.com,1
jonesdebbie@example.net,1
iwilliams@example..net,-1
savannah01@example.org,1
sandyswanson@examplenet,-1
riverabrian@example.net,1
barbarachang@example.net,1
alyssamoore@example.com,1
robertcookexample.com,-1
michelle09@example.org,1
jarnold@example.com,1
victoria14@@example.net,-1
sandragreene@example.com,1
elizabethvalencia@exampleorg,-1
stephanie31@example.net,1
ckennedy@example..net,-1
jonesmichael@example.org,1
kathleensawyer@example.com,1
mary49@example.org,1
tammy70@example.org,1
lori84@example.net,1
vtanner@example.org,1
hilldouglas@example.com,1
patrick38@example..com,-1
russobradley@exampleorg,-1
nhooperexample.net,-1
poconnell@example.net,1
fordronaldexample.com,-1
daniel22@example..com,-1
colemangregoryexample.org,-1
gcochran@example.net,1
robertryan@example.net,1
taylor15 @ example.net,-1
david44example.org,-1
alicia77@example.com,1
jacquelinewalkerexample.net,-1
josephwilliams@example.net,1
theresa19@example.net,1
reevesbrianna@example.com,1
clarkvalerie@example.org,1
jordansarah@example.com,1
franklinjoseph@examplenet,-1
scottjoseph@examplenet,-1
medinadeborah@example.org,1
carlhiggins@example.org,1
bruceburke@example.com,1
hromero@example..com,-1
diane23@example.net,1
ahines@example.net,1
npowers@example.com,1
dannywalker@examplenet,-1
igallagher @ example.org,-1
christine22@example.com,1
umorales@example.org,1
daniel66@examplenet,-1
davidgraham@example.net,1
vwilliams@example.com,1
jennifercox@example.com,1
nnguyen@example.org,1
sullivanmichele @ example.net,-1
arielcole@example.net,1
taylorvalencia@example.com,1
brownkelsey@example.org,1
atorres@example..net,-1
jaredgeorge@example.com,1
samanthawise@example.com,1
schneidermicheal@example.net,1
wramirezexample.com,-1
mary95 @ example.net,-1
scottjohn@example.org,1
david94 @ example.org,-1
mary25@@example.org,-1
xmoore@example..org,-1
oscar35@example.org,1
pkaiser@@example.net,-1
rebecca68@example.net,1
eparker@example.com,1
lunatonya@example.com,1
jacqueline26@@example.net,-1
tracymcclure@example.org,1
kimberly74@example.net,1
williamhale@example.org,1
barbernicole@example..com,-1
omelendez@examplenet,-1
fburgess@example.org,1
gsmith@example.org,1
kellerjonathanexample.net,-1
christopher72@example.org,1
scott46@example.org,1
leekatherineexample.net,-1
mgonzalezexample.org,-1
richardsonfrancisco@example..com,-1
riveranicholas @ example.org,-1
taylorsoto@@example.com,-1
thomassheri@example.net,1
melaniethompson @ example.net,-1
alexander57 @ example.org,-1
jshields@example.org,1
robinsoncynthiaexample.org,-1
yhawkins@example.net,1
deborahsullivan@example.net,1
kjohnsonexample.org,-1
ortegajessicaexample.net,-1
simpsonkelli@example..com,-1
dochoa@example.net,1
melissaward@example.com,1
haneyjennifer@exampleorg,-1
michael48@example.com,1
fpowersexample.net,-1
watsonjohn@example.com,1
franciscoterry@examplecom,-1
jacqueline06@example.org,1
obass @ example.org,-1
wrightruth@@example.com,-1
duffythomas@example..com,-1
richard40example.net,-1
deborahlopez@@example.net,-1
barbarapaul@@example.net,-1
riley18@example..com,-1
michael10@example..com,-1
mhanson@example.org,1
villarrealmichael@exampleorg,-1
weavercourtney@examplecom,-1
myersmegan@example.net,1
vcastro@example.com,1
gabriel91@example.com,1
amberayers@example.net,1
iramirez@example.com,1
penadaniel@example.org,1
kristy65@example.org,1
shepparderica@examplecom,-1
snguyen @ example.net,-1
lynnanderson@example.net,1
douglas58example.com,-1
joannejohnson@@example.net,-1
goodmanedward@example.net,1
bushfrank@example.org,1
kellydawn@@example.org,-1
penashannon@example.org,1
mitchell97 @ example.net,-1
johnsonfrederick@example.org,1
jacob46example.com,-1
danielle45@example.net,1
nguyendavid@example.com,1
yliu@example.net,1
penglish@example..com,-1
kmclean@example.net,1
jerry15@examplecom,-1
shellycarter@example.com,1
sparker@example..com,-1
clarkdiana@@example.org,-1
ngalloway@@example.com,-1
shawn52@example.org,1
robertsonchristian @ example.com,-1
jacobsonhaleyexample.org,-1
sue17@example.org,1
jennifercurtis@example.com,1
ocoxexample.org,-1
echang@examplenet,-1
megandawson@example.net,1
marymaldonado@example.net,1
jordan12@example.com,1
prestonryan@example.net,1
alexsmith@example.net,1
egraham@example.net,1
ibrady@example.com,1
derrickpeterson@example.org,1
lclark@example.net,1
danielmassey@example.org,1
stephanie90@example.org,1
davidstone@examplecom,-1
brockcody@@example.org,-1
cathymora @ example.net,-1
parker03@exampleorg,-1
christopher63@example.com,1
eaguilar@example.com,1
william79@example.org,1
hsosa@@example.com,-1
tgreer@example..net,-1
awilson @ example.net,-1
duartejohn@example.com,1
ryanbailey@examplenet,-1
dixonmatthew@example..net,-1
linda80@example.org,1
ucruz@example.net,1
mathewsmonica@example.com,1
woodpatricia@example.com,1
ericcervantes@example.com,1
zfoley @ example.com,-1
cristian86@example.net,1
omiller@example.org,1
michael91@example.net,1
ebrown@example.net,1
mitchellmueller@example.net,1
phillipsnicholas@@example.net,-1
sotogloria @ example.net,-1
sandersrick@example..net,-1
kburgess@example.net,1
amy25@example.net,1
wgarcia@example..com,-1
goulddavid@example.org,1
wendy72@@example.net,-1
lisa71@example..com,-1
patriciaacosta@example.com,1
fcontreras@example.net,1
rodrigueztamara @ example.net,-1
jessica56@@example.com,-1
jasmin84@examplecom,-1
maria94@example.org,1
yvincent@examplecom,-1
carriesmith@example.net,1
youngmaryexample.org,-1
daniel32 @ example.net,-1
sharpheather @ example.net,-1
christopherwolfe@example..net,-1
fernandocooper@example.com,1
christophermiller@examplenet,-1
djones@example..net,-1
cooknatasha @ example.com,-1
brandonbowen@example.org,1
johnsonsteven @ example.com,-1
willischarles@exampleorg,-1
nmeza@examplecom,-1
tammypark @ example.net,-1
vrichardson@example.net,1
jennifer07@examplecom,-1
rprince@example.org,1
ujones@@example.net,-1
oconnorpeter@exampleorg,-1
alyssa83@example.org,1
sacevedo@example.com,1
michaelaclay@example..org,-1
hmiller@example.net,1
kelleydavid@example.net,1
lisahamilton@examplecom,-1
orozcosarah@examplenet,-1
bhernandez@@example.net,-1
jasmine90@example.com,1
ortegatim@example.org,1
denisepayne@example.net,1
shannon98@@example.net,-1
jfox @ example.net,-1
jessicabest@example.com,1
kellyjason@example.com,1
fhoffman@example.org,1
hprince@example.org,1
spoole@example.org,1
thomas99@example.com,1
christophersmith@example.com,1
wendy32 @ example.net,-1
glenjonesexample.com,-1
robertcolon@example.org,1
natkins @ example.net,-1
ghunterexample.net,-1
ecampbell@example.net,1
samanthabeltran@example.org,1
matthew31@example.net,1
john41 @ example.net,-1
carlos76@example.net,1
antonio66@@example.com,-1
lwalker@example.net,1
mooredaniel@@example.org,-1
gkline@example.net,1
darlenehickman@@example.com,-1
cturner@example..net,-1
charles70 @ example.org,-1
braychristina @ example.com,-1
kathleenvasquez@@example.com,-1
dominic08@example.net,1
daniel48@example.org,1
nellis@example.net,1
heatherprice@example.org,1
katelyn32@example.net,1
zjackson@example.com,1
paulmarshall@example.net,1
chelseacarneyexample.net,-1
ronald95@@example.org,-1
goldenkatelyn@example.com,1
gonzalezamandaexample.net,-1
kelly31@@example.com,-1
ryanpatrick@examplenet,-1
stephen24@example.com,1
nfischer@example.com,1
johnnyscott@example.net,1
lindsey08@example.com,1
laura89example.org,-1
ihall@example.com,1
rebeccamanning@example..com,-1
thomasrojas@example.com,1
robersonshawn@example.org,1
nmelendezexample.com,-1
cburgessexample.net,-1
kurtrivas@example.com,1
erinstafford@example..net,-1
rpayne@example.org,1
vruiz@example.com,1
arnoldshawn@example.com,1
debrahawkins@exampleorg,-1
davidsanders@examplecom,-1
marygriffin@example.net,1
timothyhicks@example.com,1
changscott@example.net,1
mezahaley@example.net,1
chelseabowers@exampleorg,-1
vgross@example.org,1
caitlyn85example.net,-1
james99@example.org,1
leahsweeneyexample.com,-1
patriciamelendez@example.com,1
qandersonexample.com,-1
luke87@example.net,1
atkinsthomas@example.org,1
carrollpaula@example.net,1
vramirez@example.org,1
jonathanmiller@examplenet,-1
gloriafleming@example.org,1
gbryantexample.org,-1
crystalwalters@example..com,-1
brad82@exampleorg,-1
tracywatkins@example..org,-1
whitekristine@@example.com,-1
james64@example.org,1
henryrogersexample.com,-1
mlogan@examplecom,-1
lewisleah @ example.net,-1
jamesdominguez @ example.com,-1
erinharris@exampleorg,-1
bferguson@example.org,1
qhernandez@@example.com,-1
nealtracyexample.net,-1
melissafox@example.com,1
vterrell@example.org,1
tonicarr@example.net,1
nhansen@example..net,-1
melissa00@example.com,1
jonathan87@@example.net,-1
kyle62@example.com,1
cjimenez@examplecom,-1
ebrown @ example.com,-1
millsraymond@example..com,-1
martinnguyen@example.org,1
mark48example.net,-1
tony12@@example.org,-1
lbarnes@example.org,1
patricia32example.net,-1
hansonrebecca@example.com,1
wilsonlindsayexample.org,-1
danielleharrison@example.com,1
makayla04@example.net,1
timothy56@examplenet,-1
keithbrown@example.net,1
teresasalas@example.org,1
kristarobinson@example.org,1
oliviayork@example.org,1
henry24@example.org,1
inolan@example.net,1
paul76@example.net,1
nelsongabriella@example.net,1
weberapril@example..com,-1
alisonallen@example.com,1
williamsaunders@exampleorg,-1
lindsayklein@example.com,1
crystalpowers@example.com,1
geoffrey94@example.org,1
benjamin04@example.com,1
alexander12@@example.org,-1
kmalone@example.com,1
peter48@example.net,1
ythompson@example.org,1
mitchellsimmons@@example.net,-1
rpace@example.org,1
stacy52example.org,-1
jmartin@example.net,1
johnpatel@example.net,1
umclaughlin@example..org,-1
alyssadavisexample.net,-1
irwinevelyn@example.com,1
brennanjames@example.net,1
amy12@example.net,1
matthew81@@example.com,-1
kennethbyrd@example.org,1
speck@@example.net,-1
mary06@example.com,1
michaeldelacruz@example.com,1
mccormicklinda@example.org,1
robertlewisexample.com,-1
jameslopez@example.net,1
fmclean@examplecom,-1
gregorydavis@example..com,-1
hatfielderin@examplenet,-1
ashley81@example..org,-1
sshaw@example.com,1
iburke@example.net,1
harrismisty@example.com,1
tharvey@example.net,1
xparker@example..com,-1
omclaughlin @ example.com,-1
casey49@example.net,1
westrada@example.org,1
mauricewilliams@example.com,1
ysmall@example.com,1
elainegarcia @ example.com,-1
vfields @ example.net,-1
eburke@example..com,-1
pjohnson@example.com,1
sotochad@example.com,1
campostina@example..org,-1
dennismartin @ example.org,-1
joshua28@example.org,1
dawsonrodney @ example.net,-1
mooredennis@example.net,1
heather86@exampleorg,-1
igonzales @ example.net,-1
igreen@examplecom,-1
zromero@example..net,-1
vwilliams@@example.net,-1
brandon96@example.com,1
penaallison@@example.com,-1
gonzalesrobin@example.com,1
christinahicks@example.com,1
craigfoster @ example.com,-1
berryandrew@example.net,1
diane51example.com,-1
ravenmanning@example.net,1
perezanthony@example.net,1
martinanthony @ example.com,-1
christopher69@exampleorg,-1
rsimon @ example.net,-1
dporter@example.org,1
eedwards@example..net,-1
perrymichael@example.com,1
bmarsh@example.com,1
amanda40@example.org,1
ladams@exampleorg,-1
nicole98@example.org,1
patriciaschultz@exampleorg,-1
diazhannah@example.net,1
matthew24@exampleorg,-1
robertjones@@example.org,-1
hansensandra@example..net,-1
johnsonjohn @ example.org,-1
barbara43 @ example.org,-1
richmondsteven@example.net,1
james95@examplenet,-1
kimberly14@example.net,1
jessicapatel@example.org,1
gcochran@@example.net,-1
melindamcbride@example.com,1
ysmithexample.com,-1
johncolon@example.org,1
ashlee78@example.com,1
saundersphillip@example.org,1
randerson@@example.net,-1
jennifer55@example..net,-1
gregory61@example.com,1
bethanywallace@example.com,1
bcastro@examplecom,-1
theresa41@example.org,1
pdavis@example..org,-1
johnsonamy@exampleorg,-1
moniquelambert@example.org,1
jeffery34example.net,-1
sgutierrez @ example.net,-1
mlesterexample.org,-1
charles22@@example.net,-1
thomasmary@example.org,1
emcmahonexample.com,-1
fritzjoshua@@example.org,-1
dallen@example.com,1
vkoch@example.com,1
megan69@example.net,1
crystalparrish@example.com,1
taylorellen@@example.net,-1
garciaalexisexample.net,-1
annettesingh@example.org,1
collinscarl @ example.org,-1
seanburke@example..org,-1
dennis66@example.org,1
nicholas80@example.net,1
samuel63@example.org,1
tmyers@exampleorg,-1
tgriffin@example.net,1
sharpkristen@example.net,1
merrittwendy@@example.net,-1
edwin26@example.org,1
morgansarahexample.com,-1
andersonjames@@example.org,-1
ppugh@example.net,1
aturner@examplenet,-1
paige25@example.com,1
thomas81@example.com,1
thomashall@example.org,1
danielwalker@example.com,1
rvaldez@example.com,1
johnsonapril@example.net,1
hicksjessica@@example.com,-1
hking@example.net,1
xsmith @ example.com,-1
gabrielledonovan@example..net,-1
matthewhawkins@example.com,1
dallen@@example.com,-1
hallevan@example.com,1
wilsonbryan @ example.com,-1
gpatterson@examplecom,-1
christophergreeneexample.org,-1
rebecca78@example..org,-1
mary93@example.com,1
jeremiah18@example..com,-1
amberwerner@example..com,-1
jessicaburgess@@example.org,-1
lopezbilly@example.org,1
john92 @ example.org,-1
jasmine15@example.com,1
bernard08@exampleorg,-1
shermanchristina@example..org,-1
maria06@example.org,1
wbaxter@examplenet,-1
emily97@example..com,-1
brownkaylaexample.net,-1
peggycook @ example.com,-1
michaelmayerexample.net,-1
helen85@example.org,1
courtney53@exampleorg,-1
dadamsexample.org,-1
collinsdonna@example.net,1
mwilliams@examplecom,-1
wesley92 @ example.com,-1
zvalenzuela@example.net,1
kdavis@@example.com,-1
carolyn92@@example.com,-1
scrane@example.org,1
jeremymcgrath@example.net,1
michelle11@examplenet,-1
omillerexample.com,-1
stephensjustin@example.com,1
kevin76example.com,-1
nlopez@@example.com,-1
kcombs@example.net,1
gbenitez@example.net,1
chapmancorey@example..com,-1
xriceexample.org,-1
mariobanks@example.org,1
susanwilson@example.org,1
apotter@example.net,1
christopheroliver@exampleorg,-1
jonathan81@examplenet,-1
thomas21@example..net,-1
zkaiser @ example.net,-1
ashleydavis @ example.com,-1
mitchellkeith@example.com,1
harveyjason@example.org,1
amanda26example.com,-1
ehuber@example.net,1
cwinters@examplecom,-1
barnesjerry@@example.com,-1
kinglisa@example.org,1
barneslarry@example.net,1
clayalexander@@example.com,-1
fergusonmelanie@example.org,1
olsonrobert@example.org,1
bullockjames@@example.net,-1
fordraymond@example.net,1
lmoore@example.org,1
peter78@example.net,1
angelharrington@exampleorg,-1
stephaniearias@example.net,1
melissaallen@example.org,1
bradcoleman@example.org,1
dawnadkins@example.com,1
lauren64@@example.org,-1
rpittman @ example.com,-1
darylanderson@example.org,1
matthew60example.org,-1
ronaldbarnes@example.com,1
samanthagoodwin@example.com,1
qgrimes@@example.net,-1
april41@example.com,1
mreedexample.net,-1
harrissarah@examplenet,-1
danielglenn@@example.net,-1
tcooper @ example.org,-1
nicolemay@example.com,1
wallacejames@example.net,1
shannonwatson@example.net,1
julie43example.com,-1
birwin@example.org,1
allenchelsea@examplecom,-1
zjimenez@@example.com,-1
kayla09@exampleorg,-1
cherylochoa@example.com,1
ashley62@example.net,1
scott82@exampleorg,-1
xsantiago@example..com,-1
jessicagravesexample.org,-1
aballardexample.org,-1
bryantchristian@example.net,1
anasharp@example.net,1
ihoodexample.net,-1
tracy72@examplenet,-1
esmith@example.org,1
mejiamegan@example..com,-1
robertkelly@example.net,1
travisemily@examplenet,-1
sharon16 @ example.net,-1
hannah67@example.net,1
alyssacainexample.com,-1
cohenmichael@example.net,1
michaelmayer@example.com,1
saradecker@example.com,1
fergusondiana @ example.org,-1
smithbill @ example.com,-1
reneeking@exampleorg,-1
ywatts@example.net,1
thompsonjeffrey@example..net,-1
jeffknox@@example.com,-1
meghangarcia@example.com,1
laurarasmussen@examplenet,-1
james28@exampleorg,-1
marvin48@example.org,1
hardingsamuel@@example.net,-1
natasha22@example.org,1
timcohen@@example.com,-1
ijohnson@examplenet,-1
xduarte@example.org,1
greenjustin@exampleorg,-1
mmoore@@example.net,-1
jyoung@@example.com,-1
ronald48@exampleorg,-1
donald63@example.com,1
jill30@example.org,1
michelle05@example..net,-1
patricia82@@example.org,-1
emilybrown@example.net,1
tramirezexample.net,-1
pallen@examplenet,-1
amanda04 @ example.com,-1
jennifer58@example.org,1
dwilliamson@@example.org,-1
nicole41@example.net,1
foxchristina@example.net,1
bwatson@examplenet,-1
mhernandez@@example.org,-1
nicholas51 @ example.org,-1
kimberly19@example.org,1
kristopher79@example.net,1
helen42@example.org,1
christopherwalker@@example.com,-1
rrodriguezexample.org,-1
oreyes@example..com,-1
tracybarr@example.org,1
rgraham@@example.net,-1
jthomasexample.org,-1
roachchristina@@example.com,-1
aaron02@exampleorg,-1
rebecca77@example.org,1
iskinner@@example.com,-1
hdawson@example.org,1
ashleyloganexample.org,-1
cynthia47@example.net,1
udiaz@example.com,1
baileymegan@example.net,1
lindseyflores@example.com,1
stacey77example.org,-1
stephanie00@example.com,1
gloriahopkins@example.net,1
ryan66@@example.org,-1
taylortravis@example..com,-1
kimberly89@example.com,1
hernandezjasmine@example.com,1
robert15@example.com,1
johnglass@example..net,-1
tami45@example.org,1
vickimedina @ example.com,-1
clarkclaudia@example..net,-1
rwest @ example.org,-1
plopez@example.com,1
wilsondarryl@example.net,1
saramiller@example..net,-1
scottwilson@example.org,1
martinezbobby@examplenet,-1
ifitzgerald@example..org,-1
becky61@example.net,1
afarley@example.net,1
jason31 @ example.com,-1
xpineda@example.com,1
fernandezleslie@example.com,1
garzajessica@example.com,1
charlesjones@example.com,1
tara78@example.net,1
mccoyjames @ example.net,-1
gonzalezjohn@example.com,1
whiteglenn@example.com,1
yjackson@example.net,1
crawfordbilly@example.net,1
newmanchristopher@example..net,-1
joseph52@example.org,1
gshaw@example..org,-1
robertdaniels@example.org,1
johnnymata@example.org,1
jerryswanson@@example.org,-1
whess@example.com,1
mezanathanexample.net,-1
hayeskaitlin@example.net,1
stanleywilliam@example.com,1
hernandezsheila@example.com,1
judithleon @ example.net,-1
catherinebrown @ example.net,-1
melendezelizabeth@example.com,1
millermichael@example.net,1
scott15@example..org,-1
dennispage@example.net,1
cmorris@example.com,1
edgarwalker@example.net,1
lewiserin@example..net,-1
matthewhenderson@example.net,1
jill72@example..org,-1
goodwinshawn@example.org,1
jmills @ example.com,-1
upalmer@example..com,-1
nblair @ example.org,-1
bateskristaexample.net,-1
perezjodi@example.net,1
harrisonmichael@example.org,1
ijohnson@@example.org,-1
cynthiagreene@examplecom,-1
lindsay65@example.org,1
ethanstone@example.org,1
jennifersmith@example.org,1
brandonwong @ example.com,-1
shepherdchristopher@example.org,1
catherinesantos@example.com,1
williammartin@example.com,1
edavis@example.org,1
rrojas@example.net,1
smithjoseph@example..com,-1
pereztyler@@example.com,-1
lopezjeffrey@examplenet,-1
ronaldwallace@example.net,1
sullivanhaley@example.com,1
imcdonald@example.org,1
twiggins@example..org,-1
hansenlindsey@example.com,1
joshua33@example.org,1
kellie55@@example.com,-1
adamscody@@example.net,-1
whamilton@@example.net,-1
fmccall@example..com,-1
reedrobert@example.com,1
shannonholder@example.com,1
sean62 @ example.org,-1
bortiz@example.com,1
shannonrivera@example.org,1
ibrown@example.com,1
john54@example.org,1
halekyleexample.com,-1
rhondabradyexample.net,-1
kellyhuber@example..org,-1
brandonskinner@example.com,1
michael80example.org,-1
hayneskevin @ example.com,-1
spearsrobin@example.org,1
jbergexample.org,-1
roachkelly@example.com,1
brian89@example.org,1
kylehanson@example..org,-1
leclifford@example.org,1
smithmaxwell@example.org,1
nicole79 @ example.com,-1
marcuspotts@examplenet,-1
zmiller@examplenet,-1
hardingmichael @ example.org,-1
kyle16@example.net,1
angelakennedy@example.com,1
juanwilliams@example.com,1
robinsontamara@exampleorg,-1
stanleysheila@example..com,-1
mark56@example.net,1
ofernandez@example.org,1
stevenbrady@example.org,1
teresa38@example.net,1
nbrown@example.com,1
bushbilly@example.org,1
wrightjason@example..net,-1
michaelbowers @ example.net,-1
shelly58@example.net,1
lopezshane@example..org,-1
james76@example.net,1
andres50@example..net,-1
hooverdoris@example.net,1
jessebell@example.org,1
ezuniga@example.com,1
christopher63 @ example.net,-1
deandiana@example.net,1
kwoods@example.net,1
amybray@example.org,1
moralesjoshua @ example.com,-1
chavezcraig@@example.org,-1
millerkatrina@example..org,-1
markallen @ example.net,-1
jgomez@example.com,1
mgoodman@example.com,1
ostark@example.net,1
ellenwalker @ example.org,-1
wsimpson @ example.org,-1
carsonmelanie@example.org,1
whitneyhowell @ example.net,-1
davidberry@examplenet,-1
javier53@example..com,-1
hwhite@example.org,1
thomasmiddleton@example.net,1
curtisgail@example.org,1
griffinglenn @ example.org,-1
plogan@example.com,1
loriclarkexample.com,-1
glenda94@example.net,1
beckybond @ example.com,-1
sarahsalas@example.net,1
blawson @ example.com,-1
jmiller@example.org,1
ericcooper@example.com,1
stephanie10@example.org,1
lhodge@example.org,1
iedwards@example.org,1
yandersen@example..org,-1
ramirezwilliam @ example.com,-1
briandixon@exampleorg,-1
melissaphillips@example.org,1
christian23 @ example.org,-1
hayesrobert@example.net,1
fosterlisa@example.net,1
lisamacias@examplecom,-1
ncoleexample.org,-1
barbara03@@example.net,-1
jamiecarpenter@@example.org,-1
jonesanthony@example.org,1
jamesrayexample.net,-1
johnsonandrea@example.com,1
iparkerexample.org,-1
smcintosh@example.org,1
tmoreno @ example.net,-1
wlittle@example.net,1
sjohnston @ example.com,-1
fmiller@example.org,1
ann06 @ example.net,-1
colewendyexample.com,-1
crodriguez@example..net,-1
mkleinexample.net,-1
dtucker@example.net,1
brianawolf@example..com,-1
nathanpattersonexample.org,-1
george77@example.org,1
hannahhogan@example.com,1
tponce@example.com,1
craighall@examplenet,-1
jacob42example.org,-1
mitchelljohn@@example.net,-1
jill29@example.org,1
hansonmargaret@example.org,1
patrickthompson@@example.com,-1
woodsjoseph@@example.com,-1
sarah10@@example.com,-1
gordonwilliam@example.com,1
thomas11@example.com,1
gordonrobert@example.net,1
holdersandra@example.org,1
kimberlysuarez @ example.net,-1
cindyparrish@example.net,1
jessica28@example.org,1
kerrishaw@example.com,1
briana21@example.org,1
hwatson@example.com,1
dilloncharles@example.com,1
aaron97@example.com,1
nicole19example.com,-1
juareztimothyexample.org,-1
brittanyrussell@example..net,-1
charleseaton@example.org,1
wharris@examplenet,-1
ellisregina@example.net,1
macdonaldemily@example.com,1
carriewilliams@example..org,-1
padillasarah@example.net,1
amymichael @ example.net,-1
qsmith@example.net,1
allisonsantos@example.net,1
johnsonalison@@example.net,-1
richardking@example.com,1
brittany53@@example.com,-1
johnsonjoy@examplecom,-1
tylerbrown@example..net,-1
courtneyjimenez@exampleorg,-1
cgarcia@example..com,-1
howardrichard@@example.net,-1
mark48@@example.net,-1
kpattersonexample.net,-1
maldonadowilliam@example.net,1
sharirobinson@example.org,1
patricia31 @ example.net,-1
romeromichaelexample.org,-1
kathryncalhounexample.org,-1
adamnguyen@example.net,1
lfranklin @ example.net,-1
rothmichael@example.net,1
ydawson @ example.org,-1
qmontgomery@example.com,1
georgecollins@example.com,1
joneslisa@example..com,-1
richardsangela @ example.net,-1
campbellabigail@@example.net,-1
dmckee@example.org,1
carpenterrichard@example..net,-1
kjefferson@example.com,1
xlewis@example.org,1
bsmith@example.com,1
jeffery60@example..net,-1
barbara05 @ example.com,-1
bjohnson@example.net,1
uhinesexample.org,-1
welchbarbara @ example.net,-1
wmartin@example.com,1
griffinmark @ example.com,-1
kathleen21example.org,-1
shannonwashington@example.com,1
sprice@example..com,-1
jenniferjones@example.org,1
riversholly@example..com,-1
vincentjennings@example.com,1
ruizangelica@example.net,1
raymondcarrillo@example..org,-1
mcbridekelly@example.com,1
daniel17@example.org,1
heather52example.net,-1
shelleyguzman@examplenet,-1
daniel55@example.net,1
nmcdonald@example.com,1
christopher86 @ example.com,-1
jacksonkenneth@example.net,1
nicholsemily @ example.net,-1
carrolljessica@example.org,1
dwatson@example..net,-1
pmacdonald@example.org,1
kwalker@example.net,1
gibsonnathan@@example.org,-1
josmith@example.org,1
omar12@example.com,1
hmarshall @ example.com,-1
gbrown@example.org,1
powerswillie@@example.org,-1
joneskimberly@example.net,1
johnmiller@examplenet,-1
anne23@@example.org,-1
umoore@exampleorg,-1
pjohnson@example..org,-1
brendaoliver@examplenet,-1
trevor16@@example.org,-1
rodrigueznicole@example.com,1
darrylmckinney@example.org,1
howardchristine@example.com,1
ehopkins@example.net,1
nicolealexander@example.net,1
dwaynehernandez@example.com,1
jonathanvaughn@example.net,1
scott18@example.org,1
amanda97@example..org,-1
mcdanielsarahexample.com,-1
hullcourtney@@example.org,-1
olivervictoria@example.net,1
mendozadennis@example..com,-1
loweerika@example.com,1
scottandrea @ example.org,-1
sabrina30@example.com,1
latoya31@example.org,1
zmaddox@example..net,-1
scotttiffanyexample.org,-1
jeremy51@@example.com,-1
cochranrachel@@example.com,-1
fwoods@example.com,1
charleswood@example.org,1
ylane@example.com,1
nathanielrocha@example.net,1
ethompson@example.net,1
ronaldrodgers@example.org,1
carpenterkayla@example.net,1
jennifer03 @ example.net,-1
johnpierce@exampleorg,-1
joseph86example.org,-1
pricecaitlinexample.net,-1
jessica91@example..com,-1
fosterbruce@example.org,1
johngolden@example..com,-1
tprice @ example.net,-1
heather11@example..net,-1
greendanny@example.org,1
johnsonashley@example.com,1
ortizkerryexample.net,-1
deanvincent @ example.com,-1
matthewmunoz@@example.net,-1
elizabethcarter@example.com,1
jonathan17 @ example.net,-1
jennifergraham@example.net,1
xmoreno@examplenet,-1
dcook@exampleorg,-1
kimberly64@examplenet,-1
michael42 @ example.com,-1
csmith@example.net,1
bradmeyerexample.org,-1
jamesrivera @ example.net,-1
rebeccahubbard @ example.com,-1
kimberlytownsend@example.org,1
garcialeah@example..net,-1
burtonbarbara@example.com,1
nburton@example.net,1
fritzmaria@@example.org,-1
davisaustin@examplenet,-1
christopher10 @ example.com,-1
cballexample.net,-1
davidgregoryexample.com,-1
alvin85@@example.com,-1
mary10example.org,-1
steve76@example.net,1
pjohnson@example.net,1
jonesdonald@example.com,1
lambertrita@example.net,1
pjefferson@example..org,-1
jessicaharrisonexample.com,-1
mcochran@example.org,1
valdezjeffrey@example.com,1
maria13@example.com,1
mary24@example..com,-1
david41@example.com,1
williamsrobert@example.org,1
uchen@example.net,1
michael48@example.net,1
antonio92@@example.org,-1
todd86example.net,-1
hogankatherine@example.com,1
wcannonexample.org,-1
katherine69 @ example.org,-1
robert31@example.net,1
julie96@example.com,1
aaron22@@example.org,-1
dporter@example.net,1
connie64@example.com,1
phillipsjohn@example.com,1
rwalker@examplecom,-1
robertsrebeccaexample.net,-1
qspencer@@example.net,-1
julie35@example..com,-1
daniel07@example.org,1
kevinshaw@example.net,1
ryannunez@example..org,-1
michellemerrittexample.org,-1
jacobortega@@example.net,-1
philipwashington@example.org,1
fberryexample.org,-1
evansmith@example.net,1
lholmes@example.com,1
phillipsjoshua @ example.com,-1
parkshannah@example.com,1
casejennifer@example.com,1
elizabethbrown@example.org,1
kevin68 @ example.org,-1
aaronboyd@example.org,1
jessica16@example.net,1
jonesjoseph @ example.org,-1
markoliverexample.net,-1
mwattsexample.net,-1
alvaradodennis@example.com,1
mariaweaver@example..org,-1
bradley30@example.net,1
james63@example.net,1
npotter@example.net,1
nicholas53@example.com,1
charlesflores@example..com,-1
andre00@example.com,1
kristennunez@examplecom,-1
adam96@example.org,1
darrell89example.net,-1
jamescarter@@example.net,-1
hughestimothy@@example.com,-1
brayangela@example.net,1
fhayes@@example.com,-1
jessicajackson@example..net,-1
tommy11@example.com,1
omar09@examplenet,-1
emilyoliver@example.com,1
slee @ example.com,-1
todd50@example.org,1
wrightjames@examplenet,-1
anthony32@example.org,1
jjohnson@example..com,-1
duncanangelaexample.net,-1
bryancampbell @ example.com,-1
robertstout@@example.com,-1
tiffanylara@@example.org,-1
danielmurphy@example.com,1
melissa74@example..org,-1
kellygarcia@@example.net,-1
ellisalex@exampleorg,-1
marylynch@example..net,-1
phillipallison@example..com,-1
vyoung@examplecom,-1
jeremygordon@example..net,-1
rjones@example.org,1
sflores@example.com,1
ramoscharles@@example.com,-1
melissa79@examplenet,-1
john18 @ example.com,-1
jacquelinepark@examplenet,-1
ramireztammy@example.org,1
smurillo@example.com,1
vgill@examplecom,-1
briansherman@example.org,1
johncontreras@@example.org,-1
evan94@example..net,-1
cwest@example.net,1
spencerdenise@example.com,1
hwhite@example..net,-1
kcampbell@example.org,1
stefaniejohnson@example.org,1
amy73@examplecom,-1
traci10example.net,-1
uhayes@example.org,1
harringtonpatrick@example.net,1
jwest@example.org,1
christopher75@example.org,1
jacqueline44 @ example.com,-1
joycarter@example.net,1
jenningskimberlyexample.com,-1
johnrivera@example.net,1
julia75@example.com,1
browndennisexample.com,-1
lovenatashaexample.org,-1
randyhill@example.com,1
matthew81@example.net,1
lopezjeremiah@example.org,1
collin95@example..net,-1
lmoses@@example.org,-1
qnguyen@example.com,1
jerry10@exampleorg,-1
mrussellexample.com,-1
allenjason@example.net,1
munozmckenzie@examplenet,-1
stevenwilcox@@example.org,-1
brandongonzalez @ example.net,-1
ashleybrewer@example.com,1
felliott@example..org,-1
vmcbrideexample.org,-1
johnmartin@example.net,1
murphyheather@@example.net,-1
lprice@example.net,1
tamaramyers@example.org,1
aliciawilliams @ example.net,-1
michelle72@@example.org,-1
nelsonjames@example.net,1
jenniferbaker@@example.net,-1
malloryhowe@example.com,1
andersonlaura@@example.net,-1
anna19@@example.org,-1
michael01@example.net,1
hillcraig@example.org,1
david75@example.org,1
roblesmichael @ example.org,-1
hicksjenniferexample.com,-1
amorton@example.org,1
rramirez@example.com,1
rharding@@example.net,-1
stevenalexander@example..net,-1
philip90@example.net,1
allison42 @ example.com,-1
brandi62example.com,-1
jason07@examplenet,-1
laurajones@example.com,1
kayla50@examplecom,-1
rperezexample.net,-1
hharding@example.net,1
murrayjasmine @ example.org,-1
martinezkimberly @ example.org,-1
courtney07@example..com,-1
jennifer83@example.org,1
michael43example.com,-1
davidvillarreal@example..com,-1
kristen83@example.net,1
emilyroberts @ example.net,-1
xoconnorexample.net,-1
hunter08@example.org,1
rparrish@example.org,1
fitzpatrickangelica@example.com,1
adouglas@example.net,1
ywrightexample.com,-1
justinwilson@example.net,1
kathryncordova@examplenet,-1
amyparker@example..net,-1
shepparderin@example.org,1
anthony77@examplenet,-1
tinacarlson@@example.org,-1
victorvilla @ example.com,-1
christopher92@example.net,1
hcoleman@example.net,1
michael37@example.net,1
zjohnson @ example.com,-1
nsmith@example.com,1
marygray @ example.net,-1
rmarks@example.org,1
lawrence06@example.com,1
chadrichards@example.org,1
qwright@examplecom,-1
rkramer@example.com,1
tinacooper@example.net,1
michael06@examplecom,-1
zdorsey @ example.org,-1
rmartin@example.net,1
zlyons@example..org,-1
sorozco @ example.org,-1
schneideralexandra@example..net,-1
jasmine17 @ example.net,-1
gutierrezmichael@example.com,1
amandajenkins@example.org,1
miguel90@exampleorg,-1
chenmary@example.net,1
anitaroth@example.net,1
matthewwilliams@example..org,-1
jessicamorse@example..net,-1
toniwilsonexample.com,-1
ronald88@example.org,1
timothy41 @ example.com,-1
tiffanycontreras@example.net,1
rpattersonexample.net,-1
foxedwardexample.net,-1
derekward@example.org,1
leonkarina@@example.net,-1
amberking@example.org,1
richardalvarez@example.com,1
warrenscott@example.com,1
brianparker@example.org,1
ekimexample.com,-1
christopherpitts@examplenet,-1
lfoster@example.org,1
greenedwardexample.com,-1
charles00@example.org,1
rachel47@example.net,1
jennifer52@example.net,1
pwebster@example.net,1
pamela16example.org,-1
angelawood@example.com,1
bradley37@exampleorg,-1
justinray@example.net,1
ewingtiffanyexample.com,-1
jcontreras@example.net,1
richardwhitney@example.org,1
wvillarreal@example.net,1
walkermichelle@example..com,-1
michellemercadoexample.com,-1
colin68@example.org,1
delacruzcaroline@@example.org,-1
anthonyclark@example.com,1
xfowler@example.org,1
bridgesclifford@example..org,-1
johnsonangela@example..com,-1
kenneth65example.com,-1
carol52@example.com,1
christian27@example.org,1
webbsamantha@example.com,1
patrickcollin@@example.org,-1
amy92example.com,-1
misty79@example.com,1
nsmith@@example.com,-1
williamsalexis@example.com,1
rebecca54example.com,-1
smithscott @ example.com,-1
vargasnicholas@example.net,1
colliertyler@examplenet,-1
williamsalan@example.com,1
cwhite@examplenet,-1
catherineconrad@exampleorg,-1
wstevens@example.com,1
lgillespie@example.org,1
dkirby@@example.com,-1
marshkimberly@example.net,1
stephanie36@example.org,1
tfranklin@example.org,1
thomas72@example..net,-1
steven57@example.org,1
twalker@example.org,1
michael52 @ example.com,-1
washingtonjoseph@example.com,1
jodi50 @ example.net,-1
mcooperexample.com,-1
jeffrey70@example.com,1
fmcmahon@examplenet,-1
richardsanna@example.net,1
thomassusan@example..com,-1
vcobb @ example.net,-1
sheltonmichael@example.org,1
dennis80@@example.org,-1
sharon52@example.net,1
martinezstephanie@example.net,1
bryancastillo@example.org,1
sandersmichaelexample.com,-1
morgandaniel@example.net,1
tbakerexample.net,-1
kimberly16@@example.com,-1
kimkayla@example.org,1
eruiz@exampleorg,-1
davisnicole@example.net,1
michael89@example.org,1
isaacbarrett@example.net,1
emily11@example.org,1
wagnermelissa@@example.net,-1
barbara15@@example.com,-1
rodriguezcarolyn@example..org,-1
snowanthony@example.org,1
pbrooks@example..com,-1
mtucker@example.net,1
chavezalexis@example.org,1
brookewest@@example.org,-1
robinsonjoshua@exampleorg,-1
jasonmyers@example.net,1
zacharysimmons@example.com,1
mary57@example.com,1
lallen@example.net,1
martinezvalerie@examplecom,-1
jennifer64example.com,-1
debbie23@example.com,1
ebriggsexample.com,-1
lovejennifer @ example.net,-1
brian54@example.org,1
webbpatricia@example.com,1
kylegordon@examplenet,-1
daltonlynch@example..net,-1
dannydunn@example.net,1
aburton@example.net,1
steven50@@example.org,-1
mlopez @ example.net,-1
gomezrichard@example.org,1
dsolis@example.org,1
bradleysamuel@example.com,1
erinparker@example..com,-1
hle@examplenet,-1
alexaramirez@exampleorg,-1
eberry@example.com,1
maria02@exampleorg,-1
bcowan@example.com,1
collinsjames@@example.net,-1
sherrywyatt@example.com,1
sandersashley@exampleorg,-1
jason75@examplenet,-1
jonathon40@example.com,1
michaelanderson@example..org,-1
harveyapril@@example.net,-1
ipearson@@example.net,-1
linda49@example..com,-1
anna68 @ example.org,-1
olivialawrence@examplenet,-1
jmorgan@example.net,1
kellylopez@example.net,1
mary38@example.org,1
dalemyers@example.net,1
leelisa@examplenet,-1
eanderson@@example.net,-1
sara51@example.com,1
christopher73example.net,-1
chad55@example..net,-1
stevensdavid @ example.org,-1
tylerbrittanyexample.net,-1
rthomas@@example.net,-1
dylanmooney@exampleorg,-1
wfields@example.org,1
mriley@example.org,1
mdiaz@examplenet,-1
epitts@example.net,1
amber71example.org,-1
aaron53@example.com,1
oconnorvalerieexample.com,-1
ualexander@example.net,1
gailrojas@example..org,-1
danielrileyexample.com,-1
barrycook@example.org,1
morgananthony@example.org,1
bradleymoran@exampleorg,-1
richard13@@example.com,-1
daniel14@example.net,1
gabrielmartin@example.com,1
acarter@example.net,1
tyler50@example.org,1
wcole@example.org,1
benjamin45@example.org,1
hweaverexample.org,-1
jeffrey98@example.net,1
bcampbell@example.com,1
karlatucker@example.org,1
larryjohnson @ example.net,-1
calvin39@@example.org,-1
mannjulie@example.org,1
jeremy95@example..com,-1
roymatthew@example..com,-1
lejenniferexample.com,-1
trodriguezexample.net,-1
david59@example.com,1
wcampbell@example.com,1
chandlerbrandi@example.org,1
garciajeffrey@example.net,1
grimesmercedes@examplenet,-1
padams@example..net,-1
ashleymalone@example.com,1
eduardo50@example.net,1
yjohnston@example.net,1
robin15@example.org,1
dstewart @ example.com,-1
senglishexample.com,-1
jamesjones@example.com,1
garywagner@example.com,1
fred61@example.com,1
emily77@example.org,1
jessica45@example..org,-1
raymond62@example.com,1
markbarnes@example.com,1
hyoung@example..net,-1
johncampbell@@example.com,-1
wmartinez@example.org,1
ncabrera@example.net,1
robertlarson@example..net,-1
nathanielmcdonald@@example.net,-1
james44@example.org,1
michelle84@example.com,1
nelsongregory@example.com,1
daniellespencer@example.net,1
oshaw@example..net,-1
zmyers@example.net,1
amybass@example.org,1
matthewroman@@example.net,-1
angelamays@example.net,1
npena@example.net,1
beanamy@example.org,1
jennifer55@example.org,1
iancooperexample.com,-1
qfox@example.org,1
rachel59example.net,-1
sharon39@example..com,-1
alvaradochristopher@example.net,1
hooddanielle@@example.net,-1
mclark@exampleorg,-1
hhawkins@@example.net,-1
jessicamann@@example.net,-1
laurapena@example.net,1
santostommyexample.com,-1
jrivera@examplecom,-1
xbates@example.net,1
chelsea10@examplecom,-1
davidmiller @ example.net,-1
johnshelton@example.org,1
qjohnsonexample.com,-1
dcraig@examplenet,-1
alexander21@example.com,1
tharrison@example.net,1
kpotter@examplenet,-1
belltravis@@example.com,-1
paula35@example..org,-1
mmarshall@@example.org,-1
joshua87example.net,-1
john27@example.net,1
jillsummers @ example.org,-1
vortega@example..com,-1
carlos51example.net,-1
daniel48@exampleorg,-1
markwalker@examplenet,-1
diazjames@example.net,1
gleeexample.org,-1
johnny41@@example.com,-1
juliegraham @ example.org,-1
treid@exampleorg,-1
ejohnson@exampleorg,-1
wendyhoover @ example.org,-1
fbryant @ example.net,-1
ronald54@example.net,1
matthew21@example.net,1
jennifer93@examplenet,-1
jamesreed@example.com,1
johnsonvictoria@examplenet,-1
bharrington@@example.com,-1
janet54@example.net,1
bruce77@example.org,1
cjones@example.org,1
muelleryolanda@example.net,1
matthew13@example..org,-1
ricejennifer@example.net,1
ikimexample.com,-1
charlesscott@example..com,-1
vmartinez@example.net,1
frank19@@example.org,-1
brownamber@example.net,1
plong@example.org,1
patelpeter@example.org,1
clarkchristopher@example..com,-1
jefferysnow@example.org,1
murraysusan @ example.net,-1
shannonnathan@example..com,-1
hamiltondawn@@example.org,-1
randolphangel@examplenet,-1
michaelryan@example..com,-1
andrew18@example.com,1
john47@example..com,-1
wolfekathleen@example.net,1
mitchelllarry@example.org,1
phernandez@example.com,1
robersondavid@example.com,1
tammy52@example.net,1
sreese@@example.org,-1
dwilliams @ example.com,-1
samantha54@@example.org,-1
ricardo86@@example.org,-1
matthew49@example.com,1
jonesstacy@example.net,1
bennettdanielle@example.net,1
ymcdaniel@example.net,1
lindabenitezexample.net,-1
rebecca63@example.net,1
mguzman @ example.net,-1
donaldhammond@example.com,1
anicholson@example.org,1
juanhuff@example.org,1
sanderson@example.org,1
vray@example..org,-1
jaycummings @ example.org,-1
dennis62@example.net,1
melissa00@example.org,1
levi17@example.com,1
holdenallison@example.org,1
thomastaylorexample.net,-1
erikjackson @ example.com,-1
ureyes@example.net,1
vdavis@example.com,1
ccrane@example.org,1
leroy91@exampleorg,-1
michaelwest@@example.com,-1
robbinsstephen@example.org,1
wlewis@@example.com,-1
kimberly53@example..com,-1
janet65@example..net,-1
ereed@example.org,1
beckashley@example.com,1
kim14 @ example.net,-1
jacqueline68@example.com,1
gmartinez@example..org,-1
coopertracy@example..com,-1
ibarrajoshua@examplenet,-1
davidbutler @ example.org,-1
pgutierrez@@example.com,-1
alexis53@example..com,-1
michaelthompson@example.net,1
christina66@exampleorg,-1
cindy83@examplenet,-1
allenscott@example.net,1
lindsayclark@example..net,-1
brycecampbellexample.org,-1
jberg@examplecom,-1
zachary41@@example.org,-1
jburns@@example.com,-1
qtorres@example..net,-1
pbishopexample.com,-1
landryeric@example..net,-1
youngjason@example.com,1
ryanjamie@@example.org,-1
schneiderjason@example..net,-1
morrisangela@example.org,1
angela97@example.org,1
bmartin@@example.com,-1
mark08@example.net,1
randallallen@example.net,1
atanner@example.org,1
gilmorezachary@example.org,1
pwilliamsexample.net,-1
christopher73@example.com,1
raymondcaldwell@example..net,-1
david00@example.com,1
brobinson@exampleorg,-1
jamesjohnson@example.com,1
bblanchard@example.net,1
reginagarcia@example..com,-1
khuffman@example.org,1
kimberly54@examplenet,-1
gregory74example.com,-1
aimee92example.org,-1
lcervantes @ example.com,-1
kelly94@example..org,-1
omccormick@example.net,1
christopher14@@example.net,-1
rdixon@example.org,1
alyssahicks@@example.org,-1
smallcarl@example.org,1
sanchezrussell@example..org,-1
boltonhector@example.org,1
hansonrobert@examplecom,-1
derekwilliams@example.com,1
clarkmichael@example.net,1
johnsonyesenia@example.org,1
andersondanielle@example.org,1
toddspencer@example.org,1
christina18@example.com,1
harveywesley@example..com,-1
lhernandezexample.com,-1
smithsean@example.org,1
louismcguire @ example.net,-1
qtanner@example.net,1
elizabeth87@@example.org,-1
karen94@example.net,1
spencerbenjamin @ example.org,-1
carpentermelody @ example.net,-1
udennis@example..org,-1
nevans@example.com,1
thomaslatoya@example.net,1
heather17@example.org,1
kjones@example.org,1
michael69@example.org,1
grahammolly@example..com,-1
fkramer@exampleorg,-1
matthewpatterson@example.org,1
caleb37@@example.com,-1
destiny96@@example.org,-1
ashley22@example.net,1
porterrobert @ example.com,-1
bjohnsexample.com,-1
ronaldkellerexample.net,-1
khansen@examplenet,-1
maldonadojohn@@example.com,-1
alicemurphy@example.org,1
matthewcruz@example..net,-1
dean22@example..com,-1
spencerregina@example.com,1
ichurch@example..net,-1
woodsrobert@example.org,1
monique82example.com,-1
tiffanyandrews@example.com,1
rcolon @ example.net,-1
rodriguezstephanieexample.com,-1
qsimmons@exampleorg,-1
cristian25@example.org,1
taylorgarcia@example.org,1
annmiller@examplenet,-1
brandonlowe@example.com,1
ashlee37@example.net,1
kathleenshaw@example.net,1
ricardogeorge@example.net,1
brian14@example.com,1
mikaylajohnson@example.net,1
sarah08@example..net,-1
tina79@examplecom,-1
fullerjames@example.com,1
pwashington@example.org,1
boydjessica@example.org,1
frank67@example.com,1
john01@examplecom,-1
xrogers@example.org,1
derekgraham @ example.org,-1
andrea10example.net,-1
raycourtney@example.org,1
jamie34@example.com,1
tina73 @ example.net,-1
rharris@example.com,1
dunlaplisa@example.org,1
wardadam@example.org,1
nicholsmonica@example.net,1
robinsonrodney@example.net,1
wayne03@example..org,-1
anna37@example.net,1
kevin43@example.com,1
olewis@@example.org,-1
laurascott@examplecom,-1
bergermichael@exampleorg,-1
dale03@@example.com,-1
zcruz @ example.com,-1
staceyday@example.org,1
torreschristopher@@example.org,-1
oyoung@example..net,-1
ericmiller@@example.net,-1
erinjenkins@@example.com,-1
natasha34@example.org,1
matthew82@example.net,1
louismartin@@example.com,-1
frankbailey@@example.com,-1
daniel42@example..org,-1
cmorton@example..net,-1
joelcollins@@example.com,-1
paul02 @ example.net,-1
hmunoz@example..net,-1
jennifer56@example.com,1
georgewilliam@example..net,-1
mwaters@example.net,1
qgardner@example.org,1
peterolson@example.com,1
jordanwalton@example..org,-1
alexandra46@example..org,-1
ypowers@example.org,1
zshieldsexample.com,-1
brandon48@example.net,1
sandramorris@example.org,1
matthewtate @ example.org,-1
rdavis@example.net,1
erose@exampleorg,-1
mariabrowning@example.org,1
dcruz@exampleorg,-1
ljohnsonexample.com,-1
jeffreygray@example.org,1
jerome53example.net,-1
lawsonrodney@example.com,1
christinegarrett@example.net,1
david83@example.org,1
savannahdavisexample.com,-1
anthonyherrera@example.net,1
kyle98@example.com,1
tjones@examplecom,-1
ogates@example.net,1
sarahbrown @ example.com,-1
jenniferkemp@example.com,1
weberelizabeth@example.net,1
lisasilva@examplecom,-1
yschneider@example.net,1
victormoore@exampleorg,-1
jhines@example..org,-1
larrygill @ example.org,-1
lauren30@example.com,1
shannonjanet @ example.org,-1
amy79example.org,-1
denisebradshaw@@example.com,-1
michael77@@example.net,-1
josephjason@example..org,-1
danny82example.net,-1
thomasjulie @ example.org,-1
meghanryan@exampleorg,-1
nmcbride@examplecom,-1
allison31@@example.com,-1
darrellfitzpatrick@example.net,1
leah62@example.net,1
alexanderjimenez@example.org,1
plewis@example.com,1
zachary21@example..com,-1
morristeresaexample.org,-1
buchananadrienne@example.com,1
mitchellstewart@examplecom,-1
zachary48@example.org,1
garciadouglas@example.net,1
mereditholsenexample.net,-1
lisamartinez@example.org,1
bowmananna@example.com,1
kaylalogan@example.com,1
william22@example..com,-1
kristy94@example.com,1
dennisjackson @ example.com,-1
byoungexample.org,-1
dgarrett@example.com,1
sheliaguerra @ example.com,-1
brittany72@example.org,1
jeremymcintyre@example.net,1
jesus47@example.org,1
joseph74@example.com,1
josephturner@example..org,-1
kevinochoa@examplecom,-1
grantbrent@examplenet,-1
jonesrandall @ example.com,-1
jordanmark@example.net,1
jerry46@exampleorg,-1
dennis73@examplecom,-1
ecastillo @ example.com,-1
delacruzanthony@example.org,1
jaime47@example.net,1
uandersonexample.net,-1
flynnisabella@example.com,1
ryanjimenez@example..com,-1
mary63@example.org,1
brian90@exampleorg,-1
ylee@examplenet,-1
williamsmartha@example.com,1
carolyn71@example.net,1
xmoore@example.net,1
cody57@example.net,1
robert95@@example.org,-1
mcdanielmary@example.org,1
martinezbeverly @ example.org,-1
krogers@example.org,1
jenniferhughesexample.com,-1
danielnichols @ example.net,-1
noahanderson@example.org,1
kelsey79@@example.com,-1
benjaminweaver@example..com,-1
sarahbutler@example.com,1
uhall@example..org,-1
ericbrown@example.com,1
pross@example.net,1
wgutierrez@example.org,1
jlewis@example..org,-1
llloyd@example.org,1
greenjared@example.net,1
dmason@example.com,1
brookstim@example.net,1
donaldcalderon@example..org,-1
kenneth36example.net,-1
bryanwhite@example.net,1
willieterry@@example.net,-1
maldonadomatthew@example.com,1
sfrench@example.net,1
victoria91@example.com,1
lisa76@example.com,1
rachel57 @ example.net,-1
imccullough@example.com,1
sreeves@examplecom,-1
marshlisa@example.com,1
keysarah@example.org,1
hayesgregory @ example.org,-1
klane@example.com,1
ncampbell@example.com,1
kevin42@@example.org,-1
ggonzalez@example..com,-1
mooresandra@example.com,1
psmith@example..org,-1
hudsonholly@example.net,1
davidchavez@example.com,1
crystal33@example.net,1
wayne66example.com,-1
grace49@example.org,1
huntscott@example..net,-1
howardbowen@examplecom,-1
timothy99@example.org,1
colingriffin@examplenet,-1
unguyen@example.net,1
kfloresexample.org,-1
kelly39@example.org,1
pamelaharding@example.org,1
cainedward@example.com,1
jonesrachel@@example.net,-1
paigebright@examplecom,-1
savannahwalker@example..com,-1
jennifer29example.net,-1
jason79@example.net,1
ccuevas@exampleorg,-1
milesrobertexample.org,-1
christinelucas@example.org,1
rodriguezsusan@@example.org,-1
pamela55@example.net,1
carroyoexample.com,-1
wesley98@@example.com,-1
grantkristen@example.org,1
lawrencenewman@example.org,1
nichole59@@example.org,-1
raymondhansen@example.com,1
tcherry@examplecom,-1
peter69@examplecom,-1
ybailey@example.net,1
weissmark @ example.com,-1
amber37 @ example.net,-1
leeglen@examplenet,-1
jsmith@@example.net,-1
robert22@@example.com,-1
brianwhite@example..org,-1
yolanda75@example.net,1
wstout @ example.org,-1
sherri56@example.net,1
andersonkimberly@example.org,1
erincastro@example.net,1
hudsonsusan@example.com,1
leerebekahexample.net,-1
washingtonconnor@example.com,1
danielle85@example.net,1
shawtracy@example.net,1
maldonadolori@example.com,1
richard04@examplecom,-1
starktaylor@example.org,1
denise92@example.net,1
toddrivera@exampleorg,-1
jmueller@examplecom,-1
johnstonalan@example.net,1
gonzalezapril@example.com,1
traceymartin@examplecom,-1
colejennifer@example.net,1
linda40@@example.net,-1
johnsonleah @ example.com,-1
bryanjanet @ example.net,-1
dennis54@example.org,1
seanrios@example.com,1
csimpson@@example.net,-1
uallison@example.com,1
andrea57@example.org,1
simonsamuel@example.net,1
nicholas25@example..com,-1
rowlandcorey@example.net,1
ashleymoreno@example.org,1
ohill@example.net,1
gkent@example.org,1
edwinharris@example.com,1
andre13@example..com,-1
cynthiavalenciaexample.org,-1
robertophillips@example.org,1
blackwelljoann@example.net,1
amunozexample.net,-1
salinasedward@example.net,1
schneiderdaniel@example..com,-1
craigshelton@example.net,1
hhill@example.net,1
johnpearson@examplenet,-1
vanessacantu@example.org,1
jacksondestiny@example.com,1
ttannerexample.net,-1
jackjones@example.com,1
marthawood@example.net,1
laurengibson @ example.com,-1
gaustin@example.com,1
ashley02@example.org,1
amandavance@example.com,1
mark02@example.com,1
regina08@example.org,1
frankhuynh@examplenet,-1
kmarshall@example.net,1
bryan95@@example.com,-1
diana22@example.com,1
schaeferkristopher@example.org,1
markbell@example.net,1
sharper@example.com,1
lisajones@example.net,1
vrios@example..net,-1
rhunter@@example.net,-1
daniel63@example.org,1
williambaker@example.com,1
herreradavid@example.net,1
lauren95example.org,-1
jaredlee@example.net,1
sean15@example.com,1
qclay@example..org,-1
gmiller@@example.com,-1
ianhenderson@example.com,1
anthonybarrett@example..net,-1
larsonrobert@example.com,1
chapmansara@example.org,1
william44@example.org,1
andrew60example.org,-1
utaylor@example.org,1
andrew10@example.org,1
jessicathomasexample.org,-1
lisabarnes@@example.net,-1
blacksharon@example.net,1
williamsmarcus@examplenet,-1
richard91@example.com,1
brian69example.net,-1
rodgersjennifer@example.net,1
dorseymorgan @ example.net,-1
lyu@example.com,1
katrinareynolds@example.org,1
michaelhines@example.com,1
garciajohnny@@example.org,-1
weaverheather@example.org,1
olivia08@example.net,1
sergio00@example..net,-1
carrollstephanie@example.com,1
susan88 @ example.com,-1
elizabeth13@examplecom,-1
ronald85 @ example.org,-1
yvonneatkinson@example.org,1
diazkristi@examplecom,-1
bondsylvia@example.com,1
erinmolina@example.net,1
rnelsonexample.com,-1
lopezdawn@@example.com,-1
mcdanielashleyexample.net,-1
doylejonathan@example.com,1
wgentry@example.org,1
jesus69example.org,-1
joshuareed@example.net,1
ashley65example.org,-1
millerdavid@example.org,1
kingjohn@example.net,1
michelle77@example..org,-1
joelfarmer@example.net,1
bperry@example..org,-1
pinedabrandy@example..org,-1
campbellmartha@examplecom,-1
annaneal@example.org,1
qsolis@examplenet,-1
noahwalton@example.net,1
kristine38example.org,-1
andrearocha@example.com,1
hillchris@examplecom,-1
agardner @ example.org,-1
ramosdanielexample.org,-1
andrewclark@example.org,1
clarkrobert@example.org,1
aliciacunningham@example.org,1
rclark@example.com,1
moniquewilliams@example.com,1
cynthia59 @ example.org,-1
epearson@@example.org,-1
juliamontgomeryexample.net,-1
barronelizabeth@example.net,1
brian61example.net,-1
ruthmiller@example..org,-1
meyerjesse@example.org,1
csingh@example.org,1
pennyjones@example.org,1
sarasimmons@example..com,-1
ysnow@@example.org,-1
chrisday @ example.org,-1
pcampbell@examplecom,-1
rowens@example.org,1
jacksonrobert@example.net,1
gkim @ example.org,-1
hudsondavid@@example.com,-1
clarknoah@example.org,1
mackenzie94@example.org,1
lsmith@example..com,-1
stephencole@example.org,1
michael87@examplecom,-1
william00@example.com,1
ulawson@@example.com,-1
elaine05@example.net,1
jdunn@examplecom,-1
luceronichole@example.com,1
foxdale@@example.org,-1
suzannerochaexample.com,-1
stewartelizabeth@example.com,1
brandonyoung@@example.org,-1
brian04@example.net,1
smithjacob@@example.com,-1
ecole@example.net,1
munozmichelle@examplecom,-1
qallisonexample.org,-1
sandra24example.net,-1
nicholaslong@example..org,-1
matthewsjulian @ example.net,-1
lopezwilliam@example.org,1
jeffrey72 @ example.net,-1
curtis90@example.com,1
adam23@example.org,1
carolyn52@example.org,1
david59@examplenet,-1
anawhite@example.net,1
jenningsrandy@exampleorg,-1
alexandra61@examplenet,-1
manningdavid@examplenet,-1
jennifer81@example..com,-1
carrieblackexample.net,-1
ronald16@example..com,-1
anthonyflynn@@example.com,-1
gibsonjohn@example.net,1
wrightkimberly@examplecom,-1
christie04@example.net,1
teresaburns@@example.net,-1
tmills@example.com,1
steven48@example.com,1
anthonyriosexample.net,-1
tarellano@example.net,1
jennifergarcia@@example.org,-1
elliscarly@example.com,1
jackwhitaker@example..com,-1
noahhunt@example.com,1
dmontgomery@example.net,1
calderonpaul@example.net,1
joseph90@@example.net,-1
lisaweiss@example..org,-1
oliviasmithexample.net,-1
leonardryan@example..org,-1
jessicagonzalez @ example.com,-1
harrisalison @ example.com,-1
zachary23@example.org,1
hicksjesse@example.com,1
victor16@example.org,1
james48@example.org,1
nicole48@example..net,-1
destinyfuller@example.net,1
brendan12@example.net,1
hrichardexample.net,-1
smithmikayla@example.org,1
gadamsexample.org,-1
warrengillexample.org,-1
andrewjuarez@example.net,1
sabrinasnyder@example..net,-1
pguzman @ example.com,-1
lcox@exampleorg,-1
xwilson@example.org,1
joycegoodman@example.org,1
jamesbarnes@example.com,1
zsilva@example.net,1
medinamary@example.net,1
ronald83@example.net,1
kromeroexample.org,-1
nelsonjuan@@example.com,-1
strongnicholas@example.net,1
cassandra19@example.com,1
johnayala@example.net,1
freemanmatthew @ example.net,-1
robert44@example.org,1
jesse27@example..org,-1
jturner@example..org,-1
dlong @ example.com,-1
christophermartin@example.net,1
andrestanley @ example.net,-1
talexander@example.org,1
williamsonchristopher@example.net,1
francismichael@example.com,1
heather14@@example.com,-1
bauerjoshua@example.org,1
whitenicholas @ example.net,-1
popekatherine@example.org,1
ohardin@example.net,1
wgray@example.org,1
srosario@examplenet,-1
danielscharles@example..net,-1
hayesmalloryexample.net,-1
monicafernandez@@example.net,-1
johnsonderek@example.com,1
marcus35@examplenet,-1
codycook@exampleorg,-1
becklinda @ example.org,-1
brian78 @ example.org,-1
odickerson@example.com,1
brandonburke@example.com,1
ngrimes@exampleorg,-1
gloriatodd@examplecom,-1
aaron79@example.org,1
keith36@example.com,1
brichmond@example.net,1
freymichael @ example.net,-1
nholloway@example..org,-1
xavier78@example..org,-1
robert64@example.net,1
richardschmidt@example.net,1
dbell@@example.net,-1
andrew84@example.org,1
fmoyer@example.com,1
anthonyritter @ example.net,-1
johnsonconnie@example.com,1
travispope@example.net,1
angelajohnson@example.com,1
ashleyclark@example.org,1
ericfrye@examplecom,-1
kevin04@example.org,1
melissa19@example..org,-1
heathermurillo@example..com,-1
owilson@example.org,1
fostertracy@example.com,1
jasmin44@example.com,1
buchananedward @ example.net,-1
jamesmichael@example.com,1
whitney19@example..org,-1
parkersamantha@example..net,-1
jonathananderson@example..net,-1
vnunez@exampleorg,-1
amy92 @ example.com,-1
christopher28@example.com,1
marshallkimberly@example.org,1
ujohnson@example.org,1
epaul@example.com,1
patriciahill@example.net,1
mario46@example.net,1
shannonkarina@examplenet,-1
christopher58@@example.org,-1
warrenelizabeth @ example.net,-1
lauren27@exampleorg,-1
andradematthewexample.com,-1
martha32example.net,-1
michael57@example.org,1
smithkrystal@example.net,1
marymarshall@example.org,1
hartmanjohn@examplecom,-1
youngwilliam@example.com,1
meltonapril@example.org,1
sarah70@@example.org,-1
scott04@example.net,1
therrera@example.com,1
michellegordonexample.org,-1
campbellconnie@exampleorg,-1
marygarcia @ example.com,-1
david04@example.com,1
dianefisher@example.com,1
terriherrera@examplecom,-1
alexander87example.net,-1
clarence30example.org,-1
stephanie09@@example.org,-1
cordovamatthew@example.org,1
jim43example.org,-1
phillip38@example..org,-1
tony97@@example.net,-1
margaret84@examplenet,-1
suzanne34@example..net,-1
debbiewilliams@example.com,1
ajoseph @ example.com,-1
andrewcolon@example.net,1
qhensley@example.com,1
xgarner@exampleorg,-1
reynoldsangela@examplecom,-1
robertcooper@examplenet,-1
qwalters@example.net,1
brownaaron@example.com,1
brownmichael@example.org,1
jonathan04@example.com,1
kimberly10 @ example.net,-1
twilliams@example.org,1
xmasonexample.com,-1
wcarroll@exampleorg,-1
katie43@@example.com,-1
rmiller @ example.net,-1
michelehenry @ example.com,-1
joelnavarro@example.net,1
wjohnsonexample.com,-1
ggonzales@@example.net,-1
lmccormick@examplecom,-1
williamthomas@example.com,1
william00@exampleorg,-1
christopherreillyexample.net,-1
hkim@example.org,1
johnsonkayla@examplecom,-1
vvalencia@example.org,1
pboyd@example.net,1
ustephens @ example.org,-1
jamesbrandon@example..net,-1
brookepaul@example.org,1
yfox@example.com,1
pgarcia@example.net,1
uhale@example.net,1
scott06@@example.net,-1
brendanwilliams@example.org,1
ashley94@@example.net,-1
theresahamilton@@example.net,-1
deborahmartin @ example.com,-1
yrogers@@example.org,-1
pjohnson@example.org,1
brent28@example..com,-1
ewilliams@example.com,1
juliesanchez@example.net,1
bethany39@example.net,1
kimberly08@example.com,1
morrisondiane@example.com,1
kylethompson@@example.net,-1
kylebarnes@exampleorg,-1
malik69@example.com,1
nancy29@example.net,1
bmalone@@example.net,-1
william24@exampleorg,-1
okaiser@example.net,1
cknight@example.com,1
frenchcourtney@@example.org,-1
johnwright@examplenet,-1
kelly69@example..net,-1
mariahruiz@example.net,1
smithterri@example.net,1
kellyferguson@example.com,1
krodriguez@example..net,-1
hayleywardexample.net,-1
hramirez@example..net,-1
taylor86@example.net,1
samantha94example.net,-1
aruiz@examplecom,-1
donald99 @ example.net,-1
afields@@example.org,-1
robert05@example.com,1
khughes@example.org,1
andrewhortonexample.org,-1
steven68@example.org,1
michelesanchezexample.net,-1
coxdiana@@example.net,-1
christineburgess@exampleorg,-1
boylejames@@example.net,-1
matthewallen@example..net,-1
xpayne@example.net,1
amy57example.com,-1
eparker@example.net,1
weaverdavid@example.com,1
matthewgarcia@example.com,1
melindashepherdexample.com,-1
mark45@example.com,1
hstone@@example.org,-1
ltucker@examplenet,-1
andreabyrd@@example.net,-1
lawsonmargaret@examplecom,-1
christopherscott@example.com,1
benjaminwilson@example.net,1
jordanmartin @ example.com,-1
maloneallison@example.org,1
vkingexample.net,-1
andrearoberts@@example.org,-1
brittney32@@example.org,-1
jlogan@example.org,1
toddbennett@example..com,-1
jennifer04@example.org,1
sarahrodriguez @ example.net,-1
michelle80@example.net,1
hfrey@example.com,1
juan58@example.net,1
jonathantyler@example..org,-1
scottfuller@example.com,1
claudiaskinner@example..org,-1
goldenkathleen @ example.com,-1
michaeltran@example.org,1
andrea02@example.org,1
mary56@@example.net,-1
brian63@example.com,1
cfrancoexample.org,-1
cameronbrianna@example.com,1
emily88@example.org,1
angelalivingston@example.net,1
lesliewalls@example.net,1
kyle13@example..net,-1
rmorales@example.org,1
wigginslori@example.org,1
andrewwilliams @ example.net,-1
mstewart@examplenet,-1
mckayanna@example.net,1
patrickperkinsexample.org,-1
paulduffy@@example.org,-1
john46 @ example.com,-1
garciaashlee@examplenet,-1
alan01example.com,-1
jennifer12@example.org,1
ksullivan @ example.com,-1
kathy75@example.com,1
wyattsmith@example.net,1
sharon89@example.net,1
prush@example.com,1
murphykathy@example.net,1
samanthamunoz@examplecom,-1
leecatherine@example.com,1
nicholas03example.com,-1
thomaskidd@example.org,1
hamiltonmargaret@example.com,1
cassandranguyen@@example.com,-1
brookscraig@examplecom,-1
grayrenee@example.org,1
sandersemily@example.net,1
sgregory@examplecom,-1
ochoakyle@example.org,1
diane88@example.net,1
waltonmichael @ example.com,-1
ymccarthy@example.com,1
castrojudy @ example.com,-1
regina24@example.org,1
sparksmelissa@@example.net,-1
campbellian@example..com,-1
strongedward@example.net,1
mullinstroy@@example.com,-1
watsonwilliam@example.net,1
gravescrystal@example.org,1
beverlymcgee@examplecom,-1
watsondavid @ example.org,-1
fbolton@exampleorg,-1
huntjennifer@example.net,1
robinsoncassandra @ example.org,-1
chris54 @ example.net,-1
tjohnson@example.com,1
awest@example.net,1
steelepenny@example.net,1
joshuahawkins @ example.org,-1
hineskim@@example.com,-1
ihorton@example.net,1
norriswilliam @ example.net,-1
williefreeman@example.com,1
marthabrown@example.org,1
john28@example.net,1
nharris@example.net,1
ncaldwell@example.net,1
carterjustin@exampleorg,-1
mendozarobert@example.com,1
kellydavis@example.org,1
ztran@example.net,1
marywright@example..com,-1
margaret28@examplenet,-1
stephensjames@example..org,-1
dawnbranch@examplenet,-1
wagnergabriella@example.org,1
kristina29 @ example.net,-1
hvaughanexample.org,-1
lawrencekimberlyexample.org,-1
debramcdonald @ example.org,-1
vicki60 @ example.org,-1
nwhite@example..org,-1
tanner78 @ example.net,-1
yaguilar@@example.com,-1
taylorphilip@example.com,1
davidrandolph@example.com,1
qkellyexample.net,-1
cookchristopherexample.net,-1
hawkinsdeborah@@example.com,-1
jcurtisexample.org,-1
daniel17example.net,-1
cobbpaul@example..net,-1
dariusboyd @ example.com,-1
ilopez@@example.com,-1
anthony29example.com,-1
nicholsondaniel@example.org,1
hernandezjeff@example.org,1
michaelsweeney@example.org,1
donaldcampbell@@example.net,-1
nlogan@example.net,1
martinezbrandon@example.net,1
smithchristine@example.com,1
trevor51@example.com,1
chavezcrystal@example..com,-1
barbara70 @ example.net,-1
pcollins@example..org,-1
zwilson@example.net,1
donaldhinton@example.org,1
roberta57@example.net,1
kaitlyndrake@example.org,1
gfoster@example.net,1
nelsonkeith@example.org,1
perryrogerexample.com,-1
hoffmanshannon@@example.net,-1
amandabaker@example.org,1
nrogers@example.org,1
samantha55@example.org,1
beckwilliam@example.net,1
hannajoseph@example.com,1
aliciasteeleexample.com,-1
fvargas@example.org,1
cruzmichelle@example.net,1
goldenjessica@example.com,1
brooksbryan @ example.com,-1
maria23@example..net,-1
michaelhaynes@example..org,-1
rebeccahess@example.org,1
teresa72@examplecom,-1
kimberly69 @ example.org,-1
salazaramy@exampleorg,-1
thomas50@examplenet,-1
stephaniethompson@example.com,1
robertmartin@example.net,1
melissa17example.net,-1
robert20@example.com,1
kelseygreen@examplecom,-1
rhart@@example.org,-1
tiffanyduke@example..org,-1
richard95example.net,-1
johnsonmichael@examplecom,-1
lwerner @ example.com,-1
gvega@example.org,1
robin11@example.org,1
mitchellbarron@@example.com,-1
rubiodavid@example.net,1
gary95@example..net,-1
colleentucker@exampleorg,-1
bcunninghamexample.org,-1
annesantana@@example.com,-1
barnesdanny @ example.net,-1
martinezcarrie@example..net,-1
ycox@example.org,1
hilllatoya@examplecom,-1
brewerbrandon@example.com,1
karirogers@example.net,1
xgarcia @ example.org,-1
stephanie18@example.com,1
yvargas@example..org,-1
emilypierce @ example.com,-1
brownkimberly@@example.org,-1
john75@example..com,-1
gglover@example..org,-1
christopher82@example.org,1
aimee21@example.org,1
arthurblack@example.net,1
melodyharris@example.org,1
arnoldrichard@example.com,1
adaniels@example.net,1
julie90@@example.net,-1
bcook@exampleorg,-1
ufernandez@exampleorg,-1
rodriguezeric @ example.com,-1
bwarrenexample.com,-1
thopkins@example.net,1
lori21@example..org,-1
elizabeth78@example.com,1
roycook@example.net,1
johnathan18example.org,-1
williamsalex@example.net,1
jimmygray@@example.com,-1
pstewart@@example.com,-1
russellrios@@example.org,-1
scottthompson@example.com,1
maria63example.net,-1
jackson01@example.com,1
jerry48example.org,-1
ndodson@example.com,1
rachelpetersonexample.net,-1
michael54example.org,-1
summerlin @ example.net,-1
millercarly@example.com,1
paulashley@example.org,1
zthomasexample.com,-1
adam48@@example.org,-1
kenneth19@example.org,1
lrobinson@example..net,-1
gonzalesamandaexample.com,-1
hpeters@exampleorg,-1
dennis48@examplecom,-1
nicholas46@examplecom,-1
jgordon@example.org,1
perkinsshelley@@example.org,-1
ryanmosesexample.org,-1
vedwards@example.org,1
christopher98@examplenet,-1
blackfrancis@example.net,1
barnessteven@@example.com,-1
csanders@example.com,1
casey77@example..com,-1
james19@example.com,1
parkscindy@example.org,1
timothy49@@example.com,-1
marvin93@example.com,1
katie05@example.com,1
zimmermanaaron @ example.com,-1
andersonmelissa@@example.org,-1
michael47@example.com,1
ndeleonexample.net,-1
morganperez@example.com,1
jacqueline78@example.org,1
oscarschultz @ example.net,-1
dawn63@example.net,1
kristin46@example.com,1
judithparks@example.com,1
caleb68@@example.net,-1
erinbaker @ example.net,-1
tonypowell@example..org,-1
erika91example.org,-1
romeroshannon@example.org,1
nwelch@exampleorg,-1
sheltonjacqueline @ example.org,-1
christopher51@example.org,1
john46@example.org,1
christina66@example..com,-1
jonathon06@example..net,-1
andre34example.org,-1
jared94@exampleorg,-1
andrew86@example.com,1
wadkinsexample.net,-1
dorothy10@example.org,1
cynthiafischer@example.net,1
eleblanc@example.com,1
normancameron@example.com,1
michael13@example.com,1
gregoryrodriguez@example.org,1
matthew54example.com,-1
kimberly81@example.org,1
tanya15@example.org,1
dyang@example.com,1
joshuaperez@example..com,-1
sanchezjuan@example.org,1
valeriestanley@example.net,1
zbowers@example.com,1
edwardsnathanexample.org,-1
glennmelanieexample.com,-1
mullenbobbyexample.com,-1
coreyoconnell@example.org,1
syoung@example.net,1
mclaughlincaroline@example.com,1
hannahwheeler@example.net,1
ystephens@exampleorg,-1
carrsarah@example.net,1
martin31@example.net,1
jillcastro@example.net,1
henry35@example..com,-1
mcdonaldadam@exampleorg,-1
swright@example..net,-1
davidshepherd@example..net,-1
rileysawyer@@example.net,-1
nstafford@example.org,1
rbartlett@example..com,-1
martin87@example..org,-1
njordan @ example.net,-1
brianfisherexample.org,-1
ashley95@exampleorg,-1
ronald63example.net,-1
bakercarlos@example.net,1
leekristy@example.org,1
scoleman@examplenet,-1
rwright@example.net,1
hannahbenjamin@example.com,1
xfloyd@examplenet,-1
martinwilliam@examplenet,-1
linda54@example.org,1
melindabeck@example..com,-1
rstuart@@example.com,-1
llambexample.org,-1
shawnstrickland@@example.com,-1
fieldskelly@example.net,1
brandon25 @ example.org,-1
nthompson@example.org,1
joshuagutierrezexample.net,-1
henry52example.com,-1
pfordexample.net,-1
kimberly99@@example.com,-1
eric85@example.org,1
tiffanyharris@example.com,1
jonesjason@example.org,1
stephen05 @ example.org,-1
gardnermark@example.org,1
jessica97@@example.com,-1
jill91@example.net,1
loweryrachel@example.com,1
jennygross@example.com,1
wadezachary@example.net,1
yatesvincent@example.org,1
zellis@example.org,1
michaelgarcia@examplecom,-1
rvillanueva@example.org,1
lucasrivera@example.com,1
anthonybailey@example.net,1
charlesjames @ example.net,-1
edwardwalker@example.net,1
lorisutton@example.net,1
kimberlygriffith@example.org,1
udiaz@example.net,1
nlawson@example.com,1
justin45@example..org,-1
jennifervargas@example.org,1
emma90@examplecom,-1
darren92@example.net,1
stevenjefferson@example.com,1
burnettrichard@example.com,1
kjohns@example.com,1
sherry74@examplecom,-1
erin94@example.net,1
tclark@@example.org,-1
michael31@example.net,1
christopher54@example.com,1
frazierashley @ example.com,-1
cvang@example.org,1
mrodgers@example.net,1
kristenholden@@example.net,-1
carrrichard@example.org,1
millsalicia@example.net,1
thomas48@example..org,-1
ajackson@exampleorg,-1
mfreeman@exampleorg,-1
frankgray@example..net,-1
benjaminclark@example.net,1
wbennettexample.net,-1
vmiller@example.org,1
christopher30@example.net,1
leonard67@@example.net,-1
kimberlydougherty@example.net,1
huffjoshua@example.org,1
zwright@example.org,1
stephaniehicks@example.net,1
brad17@example.net,1
camposmichelleexample.org,-1
edward65@examplecom,-1
madeline69@example.net,1
smckay@example..org,-1
jessicaking @ example.com,-1
angela40@example.com,1
david48@example.org,1
james31@exampleorg,-1
michaelhubbard @ example.org,-1
stephanie80@example..com,-1
brian53@example.org,1
upatel@example.net,1
oconnorandrew@example.com,1
hendrixmarissa@examplecom,-1
deborahsmith@example..org,-1
alvarezmelissa @ example.net,-1
mary27 @ example.net,-1
natalie74@example.com,1
pconner@example.com,1
michaelhanna @ example.com,-1
jennifer52@@example.org,-1
anthony70@example.org,1
vramirez@@example.org,-1
cmerritt@example.net,1
allenbeverly@example.org,1
fsmith@example.com,1
sotomichael@@example.com,-1
josephlucas@example.org,1
derek58example.com,-1
snyderstephanie@example..com,-1
uduncan@examplecom,-1
eharvey@example.com,1
millstimothyexample.com,-1
jeremymathews@example..org,-1
wrightnicole @ example.net,-1
raykimberly@example.org,1
deborah13example.com,-1
tonyadams@@example.org,-1
earl32@@example.com,-1
gregcohen@example.net,1
donaldmorales@example..org,-1
xgarcia@examplecom,-1
saraallen@examplenet,-1
willissylvia@example.net,1
rstokes@example.net,1
keithking@examplenet,-1
russelllindsey@example.org,1
shafferlori@example.org,1
josephbarrett@example.com,1
zbarrett@example.net,1
cmckinney @ example.net,-1
bakersusan@example.org,1
svazquez @ example.com,-1
derekhenderson @ example.net,-1
vherring@example..net,-1
aaronward@example.org,1
eric42@@example.com,-1
walterscott@example.com,1
cspencer@@example.net,-1
susanscottexample.net,-1
andradetina@@example.com,-1
richardsamber @ example.org,-1
kwallace@example.org,1
jjohnston @ example.com,-1
ilowe@example..org,-1
ferrellamy@example.org,1
thomasjennifer@example.org,1
erica42@example.net,1
diazronald@example.net,1
anthonyhaas @ example.org,-1
pcarter@example.com,1
lindsay48@example.com,1
jeremy07 @ example.net,-1
jennifer82@example.com,1
timothydavis@example.com,1
rhondawallace@examplecom,-1
yvonne46@example.com,1
daysherry@@example.org,-1
luke88@example.org,1
qbarnett@example.net,1
pthompson@example..org,-1
larsonmatthew@example.net,1
kgarcia@example.com,1
davidcrawford@example.net,1
dianereese@example.org,1
alex68example.org,-1
otorresexample.com,-1
johnkingexample.org,-1
oliveranne@@example.net,-1
staceyrobertson @ example.com,-1
adamseric@example..com,-1
stephanie34@example.com,1
anthony95@exampleorg,-1
gmiller@example.org,1
elizabeth78 @ example.org,-1
wnorris@examplenet,-1
jeremy09@examplecom,-1
drodriguez@@example.org,-1
sherrivalencia@example.com,1
jason77example.com,-1
anne06example.com,-1
taylorjohnexample.org,-1
macdonaldkristina@example..net,-1
vharveyexample.net,-1
karen99@@example.com,-1
youngerika@example.org,1
coopercorey@example.org,1
jennawhitehead@examplenet,-1
ipeterson@example.org,1
curtismaurice@@example.org,-1
karen05@example.com,1
jeffrey45@@example.net,-1
matthewcrawford@example.net,1
david24@example..com,-1
facevedo@example.net,1
hmiller@example.net,1
kathyvillegas@examplecom,-1
deannafarmer@@example.org,-1
dnguyen@example.org,1
darlenemooreexample.org,-1
carl70@@example.net,-1
wutammy@example.org,1
ryan30example.net,-1
jennyedwards@example.org,1
david84@example.net,1
traviswalkerexample.com,-1
sandra42@example.net,1
fking@@example.org,-1
xbrooks@example.net,1
bauerjason @ example.com,-1
kaitlyn69@example.net,1
connorfigueroa@example..org,-1
kenneth00@@example.net,-1
gary57example.com,-1
tiffanygarcia@example.org,1
louistorres@example.com,1
ypottsexample.net,-1
bowenlaura@@example.com,-1
andreherring@example.net,1
powellsamuel@exampleorg,-1
zschaefer@example.com,1
steven96@example..com,-1
vmartinez@example.net,1
millerjean@example.com,1
alexander39@examplenet,-1
perkinsdonald@example..com,-1
catherine16@example.com,1
richardgarrettexample.org,-1
ivan40@@example.com,-1
zwright@example..org,-1
philip13@example.com,1
preston35@example..org,-1
rebeccagood@example.net,1
johnsonfelicia@example..com,-1
eharris@example.org,1
watsoncolin@example..com,-1
heather52@example.net,1
gdiaz @ example.org,-1
daniel87@example.net,1
tortiz@example.com,1
millerkathleen @ example.com,-1
davisalicia@example.net,1
bryantjulie@example.org,1
cameronsingh@example.net,1
cynthia71@example.org,1
ydiaz@example.com,1
brianabonilla@example.org,1
robertsanita@example.com,1
swilliamsexample.com,-1
andrew63@example.org,1
pday@exampleorg,-1
ronniehaynes@example.com,1
ybarton @ example.org,-1
nmiller@example.org,1
phillip43example.net,-1
scott64@example.org,1
saragilmore@@example.org,-1
lisa56@example..com,-1
rachelburns @ example.com,-1
sthomas@example.net,1
sherry26@example.com,1
wwilliams@example.org,1
yurobert@example..org,-1
morrisonkatherine@example..net,-1
njefferson@example..com,-1
jennifersantiagoexample.org,-1
zachary61@example.net,1
coopererik@example..net,-1
dcoleman@example.com,1
friley@examplecom,-1
bwright@example.net,1
lunajason @ example.net,-1
jdixon@example.org,1
scottbrittany@example.org,1
tsimon@example.net,1
amandablankenship@example.com,1
daniel29@example.net,1
todd77@example.com,1
williamwalton@example.com,1
lawrencecynthia@example.org,1
joshua63@example.net,1
gholt@example.com,1
fsanders@example.org,1
bryantpamela@example.net,1
dclarke @ example.net,-1
coxroger@example.net,1
robertmarquez@example.net,1
fernando84@example.com,1
carlos34@example.com,1
michael14@example.net,1
pamwilliams@example.net,1
patricksteven@example.net,1
osbornefranklin@example..com,-1
agomez@example.net,1
steven71@example.org,1
michaelbecker@example.net,1
lyonsmichael@examplecom,-1
christina41@exampleorg,-1
fgraham@example.net,1
georgeperry@example.com,1
vmurphy@example..org,-1
omartinez@example..com,-1
andrewrichexample.com,-1
vincentdurham@example.org,1
julia86@@example.org,-1
michele47@example.com,1
jenningsmichelle@example.net,1
courtneybrown@example.org,1
michelle58@example.com,1
wellsralph@example.com,1
dunndanielle@exampleorg,-1
nicole39@example.org,1
vanessaclark@example.org,1
jareddiaz@example.net,1
veronicacunningham@example.com,1
jillhunt@example.com,1
campbellamandaexample.com,-1
jillmiddleton @ example.com,-1
yyates@examplenet,-1
tracyjordan@@example.org,-1
idawson@example.net,1
mayjordan@example.com,1
vevans@example.com,1
williamsbrian@example.net,1
anthony95@example.net,1
woodjames@@example.net,-1
simmonslisa@example.com,1
williamsheather@example..net,-1
maywilliam@example.net,1
mitchellpaul@example..com,-1
dmcdaniel@example..com,-1
bhaley@example.com,1
jennacollins@exampleorg,-1
pagejessicaexample.org,-1
ggalloway@example.org,1
frank18@examplecom,-1
sharoncooper@example.org,1
ericrobinson@example.org,1
aadams@example.net,1
vburton @ example.org,-1
james23@example..net,-1
nicholsonlinda@example.com,1
robert12 @ example.net,-1
osuarez@example.net,1
phillipscory@example..com,-1
hamiltonnicole @ example.net,-1
daniel19@examplenet,-1
henrymiranda@example.org,1
melissa93@example.com,1
jordananna@examplecom,-1
juangarcia@example.net,1
paguirre@@example.com,-1
nelsonamy@example..org,-1
johnsonstacie@example.org,1
masonveronica@example.com,1
nthomas@example.com,1
vaughnmary@example..org,-1
bowmanjohn@example.net,1
sanderstimothy@example..org,-1
daniellecole @ example.org,-1
brandon26 @ example.net,-1
williamsmichael@example.com,1
dylanmiller@example.net,1
brett61example.com,-1
qcastillo@example.net,1
cassandrahunter@example.com,1
tmurray @ example.org,-1
jasonlewisexample.net,-1
jgreene@example.org,1
fbarnett@exampleorg,-1
beverly77@example.com,1
harriskevin@example.org,1
khernandez @ example.com,-1
olsontracy@example.org,1
johnsondavid@example.net,1
cduncan@example.com,1
lnavarro@example.org,1
brownjustin@example.com,1
ruizbobby@example.net,1
hinesjulie@example.com,1
david75@example.com,1
jessicahinton@examplecom,-1
nathansmith@example.org,1
darrylburton @ example.com,-1
murrayrebecca@example.com,1
jenkinschristopherexample.org,-1
christopherparker@examplenet,-1
vrasmussenexample.net,-1
francodanielle@example.org,1
chelsea71@example.net,1
kevin07@example.net,1
shortdustin @ example.com,-1
harrisonrodney@example.net,1
alexander66@example..net,-1
bookerjeffrey@example..org,-1
cgraham @ example.com,-1
daniel88@example.org,1
xsmith@@example.com,-1
danapatel@example.org,1
knappjoel@example.org,1
fritzkathy@example.com,1
victoriachavez@example.com,1
finleyjuliaexample.net,-1
ksmith@example..com,-1
donald26@example.com,1
iwilliams@examplecom,-1
hernandezbrandy@example.net,1
aparker@@example.net,-1
michaelhayes@@example.net,-1
jpetersen@example.com,1
joshua48@example..net,-1
martinjonathan@@example.net,-1
aaronmoore@example..org,-1
fosterjessica@example.net,1
melissa31@example..org,-1
frank63@@example.net,-1
barnesshannonexample.net,-1
petersonmichelle@example.org,1
jason76@example.org,1
brentwalton@example.org,1
veronicacasey@example..net,-1
audrey53@exampleorg,-1
havila@example.net,1
ganderson@example.net,1
cchang@example..org,-1
hernandeznicole @ example.org,-1
justin76@example.org,1
lisa56 @ example.net,-1
angela84@exampleorg,-1
connie43@example.net,1
marioking@example.com,1
pjohnson@example.com,1
nsmith@example.net,1
marthawiggins@@example.org,-1
qcrawford@example..org,-1
nelsonalexandria @ example.com,-1
kelly31@example.net,1
melaniecole@example..com,-1
samanthalopez@example.com,1
samanthalane@example.org,1
wpetersonexample.com,-1
wwhite@example.org,1
jonathon52@@example.net,-1
dixonjon@example.com,1
jason88@example.net,1
rgomez@example.net,1
christinanichols@example.org,1
johnstonmelinda@example.org,1
cruztaylor@example.org,1
kevin41@exampleorg,-1
huffmanjames@example.org,1
pamela12@example.com,1
janetthomas@example.com,1
franciscocastillo @ example.net,-1
bruce54@example..net,-1
ashleywilliamson@example.com,1
mariawilliamsexample.org,-1
williamstravis@example.net,1
mjohnson@example.com,1
sellersallison@example.org,1
gfernandez@example..org,-1
ndavis@example.net,1
ihamilton@@example.org,-1
heather79@example.net,1
johnwilson@example.org,1
natashachurch@example.org,1
hdavis@example.net,1
michael83@example..org,-1
gutierrezsavannah@@example.net,-1
wkimexample.org,-1
edward26example.net,-1
sampsonmatthew@@example.com,-1
sawyerangela@@example.net,-1
xjones@example..com,-1
mandyleexample.net,-1
erin08@@example.com,-1
donna28@example.com,1
ricardo90example.com,-1
kristine97example.net,-1
jasonjames@example.org,1
christopherrogers@@example.com,-1
griffinheidi@example.net,1
bakermark@example.com,1
jeremyramos@@example.net,-1
audreysmith@examplecom,-1
dianahardy@example.org,1
